"case_id","currency","local_amount_bn","price_year","price_year_assumed","fx_lcu_per_usd","fx_source_url","investment_usd_bn_fxconv","figure_rule","n_figures_considered","notes"
"JPN_2001_tokyo_disneysea","JPY",335,2001,"Y",121.5289475,"https://api.worldbank.org/v2/country/JPN/indicator/PA.NUS.FCRF?date=2001&format=json",2.757,"operator or government figure",1,"Operator history page (Oriental Land Co.): 335bn yen for about two years of construction, no price year stated. Scope: the DisneySea park. Rate: World Bank, Japan, 2001. Rate check: https://api.worldbank.org/v2/country/JPN/indicator/PA.NUS.FCRF?date=2000:2002&format=json"
"JPN_2001_universal_studios_japan","JPY",170,2001,"Y",121.5289475,"https://api.worldbank.org/v2/country/JPN/indicator/PA.NUS.FCRF?date=2001&format=json",1.399,"single source",1,"Yen figure from a civil engineering society paper by a port company executive: 170bn yen for the park, with about 113bn yen of related projects excluded. Dollar figures of US$1.4bn (newspaper, 18 Jul 2001) and about US$1.7bn (encyclopedia, theme park site) carry no stated rate and were not used; the median of the three dollar figures would be US$1.7bn. Rate: World Bank, Japan, 2001. Rate check: https://api.worldbank.org/v2/country/JPN/indicator/PA.NUS.FCRF?date=2000:2002&format=json"
"FRA_2002_walt_disney_studios_park","USD",0.53,2002,"Y",1,"",0.53,"median of conflicting figures, dollar figures used directly",3,"Dollar figures only, none with a stated price year: US$643m (Variety, 1999, forecast cost), about US$500m (television transcript, 15 Mar 2002), US$530m (encyclopedia). The annual report text read gives no cost. No conversion applied."
"CHN_2014_chimelong_ocean_kingdom","CNY",10,2014,"Y",6.14343409448867,"https://api.worldbank.org/v2/country/CHN;ITA;POL;RUS/indicator/PA.NUS.FCRF?date=2014&format=json",1.628,"single source",1,"Encyclopedia: the first phase of the park cost RMB10bn. Larger-scope figures excluded: RMB20bn resort construction budget, up to RMB20bn for the next phase (China Daily, Jan 2015), and US$5bn for the resort complex. Rate: World Bank, China, 2014. Rate check: https://api.worldbank.org/v2/country/CHN;ITA;POL;RUS/indicator/PA.NUS.FCRF?date=2013:2015&format=json"
"ARE_2016_dubai_parks_and_resorts","AED",13,2016,"N",3.6725,"https://api.worldbank.org/v2/country/ARE/indicator/PA.NUS.FCRF?date=2016&format=json",3.54,"operator or government figure",2,"UAE Cabinet page of 19 Dec 2016: AED13bn for the complex of three main parks. The Dubai government press release of 17 Dec 2016 gives GBP2.8bn for the same project. Gulf Business gives AED13.2bn and a wire report over US$3bn. The 2012 figure of Dh10bn for a planned five-park scheme is excluded. Scope: whole resort, opened in stages from 31 Oct to 16 Dec 2016. Rate: World Bank, United Arab Emirates, 2016. Rate check: https://api.worldbank.org/v2/country/ARE/indicator/PA.NUS.FCRF?date=2015:2017&format=json"
"MYS_2012_legoland_malaysia","MYR",0.72,2012,"Y",3.08880086662188,"https://api.worldbank.org/v2/country/MYS/indicator/PA.NUS.FCRF?date=2012&format=json",0.233,"single source",1,"Encyclopedia: RM720m for the park and the water park, no price year stated. Excluded: RM190m for the hotel and a news report of RM1.6bn for the wider landmark development. Rate: World Bank, Malaysia, 2012. Rate check: https://api.worldbank.org/v2/country/MYS/indicator/PA.NUS.FCRF?date=2011:2013&format=json"
"SGP_2010_resorts_world_sentosa","SGD",6.59,2010,"Y",1.36350833333333,"https://api.worldbank.org/v2/country/SGP/indicator/PA.NUS.FCRF?date=2010&format=json",4.833,"single source",1,"Project profile dated 2 Mar 2011 and the encyclopedia: S$6.59bn estimated investment. Scope: whole integrated resort including Universal Studios Singapore. The profile postdates the 2010 opening, so the opening year is used as price year. The encyclopedia's US$5.03bn carries no stated rate. Rate: World Bank, Singapore, 2010. Rate check: https://api.worldbank.org/v2/country/SGP/indicator/PA.NUS.FCRF?date=2009:2011&format=json"
"MAC_2016_parisian_macao","USD",2.6,2016,"Y",1,"",2.6,"median of conflicting figures, dollar figures used directly",2,"Las Vegas newspaper of 10 Sep 2016: US$2.7bn. Encyclopedia: about US$2.5bn, citing a Sep 2012 magazine estimate. The company filing read states no total cost. The price years differ, so the opening year is used. No conversion applied."
"MAC_2018_mgm_cotai","HKD",27,2018,"N",7.8385,"https://api.worldbank.org/v2/country/HKG/indicator/PA.NUS.FCRF?date=2018&format=json",3.445,"single source",1,"Gaming news report of 13 Feb 2018: HK$27bn. The encyclopedia repeats US$3.4bn without a price year. The operator release read states no cost. Rate: World Bank, Hong Kong SAR series (HKD per US dollar), 2018; the resort is in Macao. Rate check: https://api.worldbank.org/v2/country/HKG/indicator/PA.NUS.FCRF?date=2017:2019&format=json"
"PHL_2014_city_of_dreams_manila","USD",1.3,2014,"N",1,"",1.3,"single source, dollar figure used directly",1,"GGRAsia of 10 Dec 2014: US$1.3bn scheme; the encyclopedia repeats the same figure without a price year. No conversion applied."
"PHL_2016_okada_manila","USD",2.2,2016,"N",1,"",2.2,"median of conflicting figures, dollar figures used directly",2,"GGRAsia of 29 Dec 2016: US$2.4bn; Philippine Daily Inquirer of 30 Dec 2016: US$2bn. No conversion applied."
"IDN_2011_trans_studio_bandung","IDR",2000,2011,"Y",8770.43333333333,"https://api.worldbank.org/v2/country/IDN;MYS/indicator/PA.NUS.FCRF?date=2011&format=json",0.228,"single source",1,"News report of 9 Jun 2021: construction cost of up to Rp2tn for the indoor theme park. The report is retrospective, so the opening year is used as price year, and 'up to' makes the value an upper bound. Rate: World Bank, Indonesia, 2011. Rate check: https://api.worldbank.org/v2/country/IDN/indicator/PA.NUS.FCRF?date=2010:2012&format=json"
"IND_2018_statue_of_unity","INR",28.45,2018,"Y",68.3894670935422,"https://api.worldbank.org/v2/country/IND;HKG/indicator/PA.NUS.FCRF?date=2018&format=json",0.416,"median of conflicting figures",2,"News report of 31 Oct 2018: 29.9bn rupees; encyclopedia: 27bn rupees; neither attributes the figure. Not pooled: a government estimate of 20.63bn rupees and the contractor's 2014 bid of 29.89bn rupees for design, construction and maintenance, both listed on the encyclopedia page. Rate: World Bank, India, 2018. Rate check: https://api.worldbank.org/v2/country/IND/indicator/PA.NUS.FCRF?date=2017:2019&format=json"
"VNM_2013_grand_ho_tram","USD",0.5,2013,"N",1,"",0.5,"single source, dollar figure used directly",1,"Trade report of 15 Aug 2013: Harbinger Capital put up most of the US$500m used to get the project off the ground. The article does not state it as the full phase-one cost, so the value may understate the opening investment. Excluded: US$4.2bn estimated for all five planned phases (Dec 2011). No conversion applied."
"BRN_2000_empire_hotel","USD",1.1,2000,"Y",1,"",1.1,"single source, dollar figure used directly",1,"Encyclopedia: the hotel was valued at about US$1.1bn and built in the 1990s; no price year stated. No conversion applied."
"USA_2001_disney_california_adventure","USD",0.6,2001,"Y",1,"",0.6,"single source, dollar figure used directly",1,"Encyclopedia: initial cost of US$600m to build the park, no price year stated. Excluded: US$1.4bn for the whole Disneyland Resort expansion (park, Grand Californian hotel, Downtown Disney) from pre-opening reports. No conversion applied."
"CAN_2004_niagara_fallsview","CAD",1,2004,"N",1.301281595,"https://api.worldbank.org/v2/country/CAN;USA/indicator/PA.NUS.FCRF?date=2004&format=json",0.768,"single source",1,"News item of 9 Jun 2004 and the encyclopedia: a $1bn resort; neither source names the currency. Canadian dollars assumed because the resort is in Ontario; read as US dollars the value would be 1.000. Rate: World Bank, Canada, 2004. Rate check: https://api.worldbank.org/v2/country/CAN/indicator/PA.NUS.FCRF?date=2003:2005&format=json"
"GBR_2001_eden_project","GBP",0.083,2001,"Y",0.694655,"https://api.worldbank.org/v2/country/GBR/indicator/PA.NUS.FCRF?date=2001&format=json",0.119,"median of conflicting figures",2,"The Caterer (5 Jul 2001): GBP86m; Royal Geographical Society: GBP80m. Ingenia says the GBP37.5m Millennium Commission grant was just under half of the total cost, with no total stated. Rate: World Bank, United Kingdom, 2001. Rate check: https://api.worldbank.org/v2/country/ESP;GBR/indicator/PA.NUS.FCRF?date=2001:2002&format=json"
"ESP_2000_terra_mitica","EUR",0.4,2000,"Y",1.08270508132602,"https://api.worldbank.org/v2/country/ESP;ZAF/indicator/PA.NUS.FCRF?date=2000&format=json",0.369,"median of conflicting figures",3,"Euro-equivalent figures pooled: EUR270m initial investment (Catalan encyclopedia); final cost above EUR400m, taken as EUR400m (El Debate, 2025); official total budget of 70,000m pesetas (El Temps, Jul 2000), equal to EUR420.7m at the fixed rate of 166.386 pesetas per euro (EUR-Lex, Regulation 2866/98). The pre-construction estimate of EUR240m was excluded. Rate: World Bank, Spain series (euros per US dollar), 2000. Rate check: https://api.worldbank.org/v2/country/ESP;ZAF/indicator/PA.NUS.FCRF?date=2000:2001&format=json"
"ESP_2002_parque_warner_madrid","EUR",0.368,2002,"N",1.05755899623965,"https://api.worldbank.org/v2/country/ESP/indicator/PA.NUS.FCRF?date=2002&format=json",0.348,"single source",1,"Enthusiast site: the facilities were completed in 2002 at a cost of EUR368m. Rate: World Bank, Spain series (euros per US dollar), 2002. Rate check: https://api.worldbank.org/v2/country/ESP;GBR/indicator/PA.NUS.FCRF?date=2001:2002&format=json"
"ITA_2014_cinecitta_world","EUR",0.25,2014,"N",0.752728196932603,"https://api.worldbank.org/v2/country/CHN;ITA;POL;RUS/indicator/PA.NUS.FCRF?date=2014&format=json",0.332,"single source",1,"Trade report of 15 Jul 2014: EUR250m for the park (US$340m at that date, not used). The owner's planned further EUR250m is excluded. Rate: World Bank, Italy series (euros per US dollar), 2014. Rate check: https://api.worldbank.org/v2/country/CHN;ITA;POL;RUS/indicator/PA.NUS.FCRF?date=2013:2015&format=json"
"POL_2014_energylandia","PLN",0.07,2014,"N",3.15454166666667,"https://api.worldbank.org/v2/country/CHN;ITA;POL;RUS/indicator/PA.NUS.FCRF?date=2014&format=json",0.022,"single source",1,"Regional radio report of 14 Jul 2014: construction cost about 70m zloty, partly from EU funds. Rate: World Bank, Poland, 2014. Rate check: https://api.worldbank.org/v2/country/CHN;ITA;POL;RUS/indicator/PA.NUS.FCRF?date=2013:2015&format=json"
"RUS_2014_sochi_park","RUB",10,2014,"Y",38.3782071444168,"https://api.worldbank.org/v2/country/CHN;ITA;POL;RUS/indicator/PA.NUS.FCRF?date=2014&format=json",0.261,"single source",1,"Russian travel site: total investment exceeded 10bn roubles (undated, and a lower bound). A trade report of 23 Apr 2014 gives US$371m for the multi-phase park; as a dollar conversion at an unstated rate it was not used. Rate: World Bank, Russian Federation, 2014. Rate check: https://api.worldbank.org/v2/country/CHN;ITA;POL;RUS/indicator/PA.NUS.FCRF?date=2013:2015&format=json"
"TUR_2016_land_of_legends","TRY",1.5,2016,"N",3.02013474808043,"https://api.worldbank.org/v2/country/TUR;ARE/indicator/PA.NUS.FCRF?date=2016&format=json",0.497,"operator or government figure",1,"Daily Sabah (24 Jul 2016) quotes the chairman of Rixos Hotels, a joint venture partner and operator: the first stage, which opened in July, cost nearly TL1.5bn. His expected TL4bn for all stages by 2018 is excluded. Rate: World Bank, Turkiye, 2016. Rate check: https://api.worldbank.org/v2/country/TUR/indicator/PA.NUS.FCRF?date=2015:2017&format=json"
"ZAF_2000_montecasino","ZAR",1.6,2000,"Y",6.93982833333333,"https://api.worldbank.org/v2/country/ESP;ZAF/indicator/PA.NUS.FCRF?date=2000&format=json",0.231,"single source",1,"Encyclopedia: R1.6bn, no price year stated. Rate: World Bank, South Africa, 2000. Rate check: https://api.worldbank.org/v2/country/ESP;ZAF/indicator/PA.NUS.FCRF?date=2000:2001&format=json"
"MAR_2009_mazagan","MAD",3.1,2009,"N",8.0571,"https://api.worldbank.org/v2/country/MAR;GRC/indicator/PA.NUS.FCRF?date=2009&format=json",0.385,"single source",1,"Trade release of 17 Jun 2009 and a hotel magazine give the same investment of MAD3.1bn (about GBP260m); the release does not name its issuer. Rate: World Bank, Morocco, 2009. Rate check: https://api.worldbank.org/v2/country/MAR;GRC/indicator/PA.NUS.FCRF?date=2008:2010&format=json"
"GRC_2010_costa_navarino","EUR",0.55,2009,"N",0.716957702016136,"https://api.worldbank.org/v2/country/MAR;GRC/indicator/PA.NUS.FCRF?date=2009&format=json",0.767,"single source",1,"Greek business news item of 1 Nov 2009: Navarino Dunes at a cost of some EUR550m. Scope: the Navarino Dunes development, first stage of Costa Navarino, with no separate first-resort figure. Rate: World Bank, Greece series (euros per US dollar), 2009. Rate check: https://api.worldbank.org/v2/country/MAR;GRC/indicator/PA.NUS.FCRF?date=2008:2010&format=json"
