iso3,year,value
ARE,1995,
ARE,1996,
ARE,1997,
ARE,1998,
ARE,1999,
ARE,2000,
ARE,2001,
ARE,2002,
ARE,2003,
ARE,2004,
ARE,2005,
ARE,2006,
ARE,2007,
ARE,2008,
ARE,2009,
ARE,2010,
ARE,2011,
ARE,2012,
ARE,2013,
ARE,2014,
ARE,2015,19313000
ARE,2016,20894000
ARE,2017,21805000
ARE,2018,23092000
ARE,2019,25282000
ARE,2020,8084000
ARE,2021,
ARE,2022,
ARE,2023,
ARE,2024,
BHR,1995,2311000
BHR,1996,1988000
BHR,1997,2600000
BHR,1998,2898000
BHR,1999,3280000
BHR,2000,3869000
BHR,2001,4388000
BHR,2002,4831000
BHR,2003,4844000
BHR,2004,5667000
BHR,2005,6313000
BHR,2006,7289000
BHR,2007,7833000
BHR,2008,8631000
BHR,2009,8861000
BHR,2010,11952000
BHR,2011,6732000
BHR,2012,8062000
BHR,2013,9163000
BHR,2014,10452000
BHR,2015,9670000
BHR,2016,10158000
BHR,2017,11374000
BHR,2018,12045000
BHR,2019,11061000
BHR,2020,1909000
BHR,2021,
BHR,2022,
BHR,2023,
BHR,2024,
JOR,1995,3277000
JOR,1996,3164000
JOR,1997,3068000
JOR,1998,3438000
JOR,1999,3231000
JOR,2000,2700000
JOR,2001,3034000
JOR,2002,4677000
JOR,2003,4600000
JOR,2004,5587000
JOR,2005,5817000
JOR,2006,6573000
JOR,2007,6529000
JOR,2008,7100000
JOR,2009,7085000
JOR,2010,8078000
JOR,2011,6813000
JOR,2012,6314000
JOR,2013,5389000
JOR,2014,5327000
JOR,2015,4809000
JOR,2016,4236000
JOR,2017,4565000
JOR,2018,4922000
JOR,2019,5361000
JOR,2020,1240000
JOR,2021,
JOR,2022,
JOR,2023,
JOR,2024,
KWT,1995,1443000
KWT,1996,1565000
KWT,1997,1638000
KWT,1998,1763000
KWT,1999,1884000
KWT,2000,1944000
KWT,2001,2072000
KWT,2002,2316000
KWT,2003,2602000
KWT,2004,3056000
KWT,2005,3474000
KWT,2006,3899000
KWT,2007,4482000
KWT,2008,4736000
KWT,2009,5088000
KWT,2010,5208000
KWT,2011,5574000
KWT,2012,5729000
KWT,2013,6217000
KWT,2014,6528000
KWT,2015,6941000
KWT,2016,7055000
KWT,2017,7407000
KWT,2018,8508000
KWT,2019,8565000
KWT,2020,2161000
KWT,2021,
KWT,2022,
KWT,2023,
KWT,2024,
LBN,1995,450000
LBN,1996,424000
LBN,1997,558000
LBN,1998,631000
LBN,1999,673000
LBN,2000,742000
LBN,2001,837000
LBN,2002,956000
LBN,2003,1016000
LBN,2004,1278000
LBN,2005,1140000
LBN,2006,1063000
LBN,2007,1017000
LBN,2008,1333000
LBN,2009,1844000
LBN,2010,2168000
LBN,2011,1655000
LBN,2012,1366000
LBN,2013,1274000
LBN,2014,1355000
LBN,2015,1518000
LBN,2016,1688000
LBN,2017,1857000
LBN,2018,1964000
LBN,2019,1936000
LBN,2020,
LBN,2021,
LBN,2022,
LBN,2023,
LBN,2024,
OMN,1995,
OMN,1996,
OMN,1997,
OMN,1998,
OMN,1999,
OMN,2000,
OMN,2001,1095000
OMN,2002,1112000
OMN,2003,1210000
OMN,2004,1407000
OMN,2005,1101000
OMN,2006,1385000
OMN,2007,1360000
OMN,2008,1540000
OMN,2009,1584000
OMN,2010,1500000
OMN,2011,1393000
OMN,2012,1714000
OMN,2013,1923000
OMN,2014,2225000
OMN,2015,2634000
OMN,2016,3207000
OMN,2017,3178000
OMN,2018,3242000
OMN,2019,3506000
OMN,2020,869000
OMN,2021,
OMN,2022,
OMN,2023,
OMN,2024,
QAT,1995,
QAT,1996,
QAT,1997,
QAT,1998,
QAT,1999,
QAT,2000,
QAT,2001,
QAT,2002,
QAT,2003,
QAT,2004,
QAT,2005,
QAT,2006,
QAT,2007,
QAT,2008,
QAT,2009,1482000
QAT,2010,1700000
QAT,2011,2057000
QAT,2012,2324000
QAT,2013,2612000
QAT,2014,2839000
QAT,2015,2941000
QAT,2016,2938000
QAT,2017,2256000
QAT,2018,1819000
QAT,2019,2136500
QAT,2020,582000
QAT,2021,
QAT,2022,
QAT,2023,
QAT,2024,
SAU,1995,4398000
SAU,1996,
SAU,1997,
SAU,1998,
SAU,1999,
SAU,2000,
SAU,2001,
SAU,2002,
SAU,2003,
SAU,2004,11083000
SAU,2005,10417000
SAU,2006,10962000
SAU,2007,13479000
SAU,2008,17717000
SAU,2009,13319000
SAU,2010,13025000
SAU,2011,15776000
SAU,2012,19847000
SAU,2013,19934000
SAU,2014,23010000
SAU,2015,21834000
SAU,2016,20887000
SAU,2017,18607000
SAU,2018,17570000
SAU,2019,20292000
SAU,2020,
SAU,2021,
SAU,2022,
SAU,2023,
SAU,2024,
EGY,1995,3133000
EGY,1996,3896000
EGY,1997,3961000
EGY,1998,3454000
EGY,1999,4797000
EGY,2000,5506000
EGY,2001,4648000
EGY,2002,5192000
EGY,2003,6044000
EGY,2004,8104000
EGY,2005,8608000
EGY,2006,9083000
EGY,2007,11091000
EGY,2008,12835000
EGY,2009,12536000
EGY,2010,14731000
EGY,2011,9845000
EGY,2012,11532000
EGY,2013,9464000
EGY,2014,9878000
EGY,2015,9328000
EGY,2016,5399000
EGY,2017,8292000
EGY,2018,11346000
EGY,2019,13026000
EGY,2020,
EGY,2021,
EGY,2022,
EGY,2023,
EGY,2024,
ISR,1995,2530000
ISR,1996,2360000
ISR,1997,2295000
ISR,1998,2200000
ISR,1999,2566000
ISR,2000,2672000
ISR,2001,1219000
ISR,2002,862099.975585938
ISR,2003,
ISR,2004,1505800.04882813
ISR,2005,1916000
ISR,2006,1834000
ISR,2007,2294000
ISR,2008,3034000
ISR,2009,2740000
ISR,2010,3444000
ISR,2011,3362000
ISR,2012,3520000
ISR,2013,3540000
ISR,2014,3251000
ISR,2015,3109000
ISR,2016,3070000
ISR,2017,3863000
ISR,2018,4389000
ISR,2019,4905000
ISR,2020,
ISR,2021,
ISR,2022,
ISR,2023,
ISR,2024,
KEN,1995,974000
KEN,1996,1003000
KEN,1997,1001000
KEN,1998,894000
KEN,1999,969000
KEN,2000,1037000
KEN,2001,994000
KEN,2002,1001000
KEN,2003,1146000
KEN,2004,1361000
KEN,2005,1479000
KEN,2006,1601000
KEN,2007,1817000
KEN,2008,1203000
KEN,2009,1490000
KEN,2010,1609000
KEN,2011,1823000
KEN,2012,1711000
KEN,2013,1520000
KEN,2014,1350000
KEN,2015,1181000
KEN,2016,1340000
KEN,2017,1449000
KEN,2018,2025000
KEN,2019,2049000
KEN,2020,
KEN,2021,
KEN,2022,
KEN,2023,
KEN,2024,
MAR,1995,2752000
MAR,1996,2856000
MAR,1997,3203000
MAR,1998,3267000
MAR,1999,4088000
MAR,2000,4458000
MAR,2001,4596000
MAR,2002,4709000
MAR,2003,5021000
MAR,2004,5732000
MAR,2005,6077000
MAR,2006,6777000
MAR,2007,7701000
MAR,2008,8209000
MAR,2009,8661000
MAR,2010,9752000
MAR,2011,9784000
MAR,2012,9830000
MAR,2013,10349000
MAR,2014,10507000
MAR,2015,10542000
MAR,2016,10677000
MAR,2017,11540000
MAR,2018,12489000
MAR,2019,13109000
MAR,2020,2802000
MAR,2021,
MAR,2022,
MAR,2023,
MAR,2024,
MUS,1995,437000
MUS,1996,509000
MUS,1997,558000
MUS,1998,579000
MUS,1999,600000
MUS,2000,678000
MUS,2001,675000
MUS,2002,709000
MUS,2003,721000
MUS,2004,739000
MUS,2005,782000
MUS,2006,807000
MUS,2007,933000
MUS,2008,970000
MUS,2009,890000
MUS,2010,956000
MUS,2011,983000
MUS,2012,984000
MUS,2013,1015000
MUS,2014,1065000
MUS,2015,1174000
MUS,2016,1307000
MUS,2017,1371000
MUS,2018,1431000
MUS,2019,1418000
MUS,2020,316000
MUS,2021,
MUS,2022,
MUS,2023,
MUS,2024,
TUN,1995,4120000
TUN,1996,3885000
TUN,1997,4263000
TUN,1998,4718000
TUN,1999,4832000
TUN,2000,5058000
TUN,2001,5387000
TUN,2002,5064000
TUN,2003,5114000
TUN,2004,5998000
TUN,2005,6378000
TUN,2006,6550000
TUN,2007,6762000
TUN,2008,7050000
TUN,2009,7797000
TUN,2010,7828000
TUN,2011,5746000
TUN,2012,6999000
TUN,2013,7352000
TUN,2014,7163000
TUN,2015,5359000
TUN,2016,5724000
TUN,2017,7052000
TUN,2018,8299000
TUN,2019,9429000
TUN,2020,2012000
TUN,2021,
TUN,2022,
TUN,2023,
TUN,2024,
TZA,1995,295000
TZA,1996,326000
TZA,1997,360000
TZA,1998,482000
TZA,1999,627000
TZA,2000,501000
TZA,2001,525000
TZA,2002,575000
TZA,2003,576000
TZA,2004,583000
TZA,2005,613000
TZA,2006,644000
TZA,2007,719000
TZA,2008,770000
TZA,2009,714000
TZA,2010,783000
TZA,2011,868000
TZA,2012,1077000
TZA,2013,1096000
TZA,2014,1140000
TZA,2015,1137000
TZA,2016,1284000
TZA,2017,1327000
TZA,2018,1506000
TZA,2019,1527000
TZA,2020,
TZA,2021,
TZA,2022,
TZA,2023,
TZA,2024,
ZAF,1995,4684000
ZAF,1996,5186000
ZAF,1997,5170000
ZAF,1998,5898000
ZAF,1999,6026000
ZAF,2000,6001000
ZAF,2001,5908000
ZAF,2002,6550000
ZAF,2003,6640000
ZAF,2004,6815000
ZAF,2005,7518000
ZAF,2006,8509000
ZAF,2007,9208000
ZAF,2008,9729000
ZAF,2009,9532000
ZAF,2010,11303000
ZAF,2011,12097000
ZAF,2012,13069000
ZAF,2013,14318000
ZAF,2014,14530000
ZAF,2015,13952000
ZAF,2016,15121000
ZAF,2017,14975000
ZAF,2018,15004000
ZAF,2019,14797000
ZAF,2020,3886600.09765625
ZAF,2021,
ZAF,2022,
ZAF,2023,
ZAF,2024,
BRB,1995,927000
BRB,1996,957000
BRB,1997,990000
BRB,1998,1019000
BRB,1999,947000
BRB,2000,1078000
BRB,2001,1035000
BRB,2002,1021000
BRB,2003,1090000
BRB,2004,1273000
BRB,2005,1111000
BRB,2006,1102000
BRB,2007,1191000
BRB,2008,1165000
BRB,2009,1154000
BRB,2010,1197000
BRB,2011,1187000
BRB,2012,1053000
BRB,2013,1079000
BRB,2014,1079000
BRB,2015,1179000
BRB,2016,1227000
BRB,2017,1345000
BRB,2018,1356000
BRB,2019,966000
BRB,2020,
BRB,2021,
BRB,2022,
BRB,2023,
BRB,2024,
BWA,1995,636000
BWA,1996,656000
BWA,1997,765000
BWA,1998,940000
BWA,1999,1039000
BWA,2000,1306000
BWA,2001,1451000
BWA,2002,1485000
BWA,2003,1592000
BWA,2004,1727000
BWA,2005,1684000
BWA,2006,1642000
BWA,2007,1965000
BWA,2008,2344000
BWA,2009,
BWA,2010,
BWA,2011,
BWA,2012,
BWA,2013,
BWA,2014,
BWA,2015,1660000
BWA,2016,1712000
BWA,2017,1775000
BWA,2018,1830000
BWA,2019,
BWA,2020,
BWA,2021,
BWA,2022,
BWA,2023,
BWA,2024,
ECU,1995,440000
ECU,1996,494000
ECU,1997,529000
ECU,1998,511000
ECU,1999,518000
ECU,2000,627000
ECU,2001,641000
ECU,2002,683000
ECU,2003,761000
ECU,2004,819000
ECU,2005,860000
ECU,2006,841000
ECU,2007,937000
ECU,2008,1005000
ECU,2009,968000
ECU,2010,1047000
ECU,2011,1141000
ECU,2012,1272000
ECU,2013,1364000
ECU,2014,1695000
ECU,2015,1676000
ECU,2016,1569000
ECU,2017,1806000
ECU,2018,2535000
ECU,2019,2108000
ECU,2020,
ECU,2021,
ECU,2022,
ECU,2023,
ECU,2024,
ETH,1995,103000
ETH,1996,109000
ETH,1997,139000
ETH,1998,112000
ETH,1999,115000
ETH,2000,136000
ETH,2001,148000
ETH,2002,156000
ETH,2003,180000
ETH,2004,184000
ETH,2005,227000
ETH,2006,330000
ETH,2007,358000
ETH,2008,383000
ETH,2009,427000
ETH,2010,468000
ETH,2011,523000
ETH,2012,597000
ETH,2013,681000
ETH,2014,770000
ETH,2015,864000
ETH,2016,871000
ETH,2017,933000
ETH,2018,849000
ETH,2019,812000
ETH,2020,518000
ETH,2021,
ETH,2022,
ETH,2023,
ETH,2024,
GHA,1995,286000
GHA,1996,305000
GHA,1997,325000
GHA,1998,348000
GHA,1999,373000
GHA,2000,399000
GHA,2001,439000
GHA,2002,483000
GHA,2003,531000
GHA,2004,584000
GHA,2005,429000
GHA,2006,497000
GHA,2007,587000
GHA,2008,698000
GHA,2009,803000
GHA,2010,931000
GHA,2011,821000
GHA,2012,903000
GHA,2013,994000
GHA,2014,825000
GHA,2015,897000
GHA,2016,
GHA,2017,
GHA,2018,
GHA,2019,
GHA,2020,
GHA,2021,
GHA,2022,
GHA,2023,
GHA,2024,
GTM,1995,563000
GTM,1996,520000
GTM,1997,576000
GTM,1998,636000
GTM,1999,823000
GTM,2000,826000
GTM,2001,835000
GTM,2002,884000
GTM,2003,880000
GTM,2004,1182000
GTM,2005,1316000
GTM,2006,1502000
GTM,2007,1628000
GTM,2008,1715000
GTM,2009,1311000
GTM,2010,1384000
GTM,2011,1434000
GTM,2012,1491000
GTM,2013,1516000
GTM,2014,1739000
GTM,2015,1865000
GTM,2016,1906000
GTM,2017,2120000
GTM,2018,2406000
GTM,2019,2560000
GTM,2020,594000
GTM,2021,
GTM,2022,
GTM,2023,
GTM,2024,
NAM,1995,421000
NAM,1996,560000
NAM,1997,610000
NAM,1998,681000
NAM,1999,694000
NAM,2000,759000
NAM,2001,700000
NAM,2002,799000
NAM,2003,739000
NAM,2004,986000
NAM,2005,856000
NAM,2006,961000
NAM,2007,1048000
NAM,2008,1079000
NAM,2009,1100000
NAM,2010,1114000
NAM,2011,1163000
NAM,2012,1245000
NAM,2013,1327000
NAM,2014,1429000
NAM,2015,1488000
NAM,2016,1551000
NAM,2017,1581000
NAM,2018,1639000
NAM,2019,1651000
NAM,2020,187100.006103516
NAM,2021,
NAM,2022,
NAM,2023,
NAM,2024,
SYC,1995,127000
SYC,1996,142000
SYC,1997,136000
SYC,1998,134000
SYC,1999,130000
SYC,2000,140000
SYC,2001,138000
SYC,2002,135000
SYC,2003,127000
SYC,2004,126000
SYC,2005,135000
SYC,2006,151000
SYC,2007,171000
SYC,2008,173000
SYC,2009,178000
SYC,2010,191000
SYC,2011,210000
SYC,2012,216000
SYC,2013,237000
SYC,2014,239000
SYC,2015,296000
SYC,2016,333000
SYC,2017,382000
SYC,2018,405000
SYC,2019,428000
SYC,2020,124500
SYC,2021,
SYC,2022,
SYC,2023,
SYC,2024,
