cusip8,w,wc,ws,weighted_avg_churn,short_share_pct,issuer,value
00105510,393061954.0,37687843.1743303,18972424.0,0.09588270447139308,4.826827884746129,AFLAC Inc.,27683261503.8
00130H10,615480551.0,94433485.65159023,69576379.0,0.15343049507926732,11.304399283934481,AES CORP,13101508275.150013
00206R10,3791844725.0,447622199.2009602,344014181.0,0.11804866276557784,9.072475429489007,AT&T INCORPORATED,61134678893.591644
00282410,1269206955.0,146936474.94313478,77905354.0,0.11577030394001803,6.138112755614391,ABBOTT LABS,139941865860.37207
00287Y10,1178473992.0,147932602.3161998,102187621.0,0.1255289495741369,8.671181688666405,ABBVIE INCORPORATED,161792780739.18472
00507V10,638674080.0,156223779.9031166,182822206.0,0.24460641944811135,28.62527409911484,ACTIVISION BLIZZARD,54334527014.1
00724F10,359728888.0,51690490.791443154,41531936.0,0.14369291017696403,11.545343558841457,ADOBE SYSTEMS INCORPORATED,178279592726.0
00790310,1092413139.0,196008264.70852888,196070800.0,0.1794268649020056,17.94841099947627,ADVANCED MICRO DEVICES,126039211069.31999
00846U10,239797637.0,34569072.04949427,21897313.0,0.14415935236882366,9.13157997466005,Agilent Technologies Inc.,30382717212.25
00847410,278776242.0,58506215.3423037,47353966.0,0.2098680107119878,16.986370739584043,AGNICO EAGLE MINES LTD,14657552488.085121
00906610,281633728.0,52503369.383043714,50234600.0,0.18642429568323476,17.836855108490415,AIRBNB INC-CLASS A,36362712228.479996
00915810,181073611.0,19582337.92941929,10512813.0,0.10814573046438716,5.805822804295873,AIR PRODS & CHEMS INC,54913847610.92999
01265310,98334728.0,13970094.487134848,10544594.0,0.14206674255645318,10.723163845025331,ALBEMARLE CORP,22199141538.2883
01527110,146943536.0,17133061.55397066,9447193.0,0.11659622478372006,6.429131390985447,Alexandria Real Estate Equities,16938315491.342009
01609W10,356146583.0,110776844.73658052,118833929.0,0.31104284029191576,33.366578446156254,ALIBABA GROUP HLDG LIMITED SPONSORED ADS,30360378944.949997
01625510,65846634.0,9176700.311264211,5490971.0,0.13936475949953966,8.339030663283411,ALIGN TECHNOLOGY INC,23537526232.110065
02000210,200271844.0,30800483.40287188,20171508.0,0.15379337797914258,10.072063849374652,Allstate Corp.,22041870840.644085
02043Q10,113848671.0,17839255.51994446,16228179.0,0.15669269885411713,14.254166392508877,"Alnylam Pharmaceuticals, Inc.",22339707816.94
02079K10,3384532373.0,461954205.4630908,380528984.0,0.13648981736688823,11.243177551961328,ALPHABET INC.           CLASS                  C,414260606177.23914
02079K30,4353495271.0,644974477.3552742,566877022.0,0.14815095393617442,13.021193011880499,ALPHABET INC,530714982142.8
02209S10,1037506266.0,128238611.3673323,90516259.0,0.12360273433503513,8.724406007587428,ALTRIA GROUP INC,47435786098.799995
02313510,5901981122.0,893848873.3855501,822634440.0,0.1514489550049005,13.938276368482088,AMAZON COM INC,780110639800.2668
02360810,187091781.0,23788657.656335484,10169996.0,0.12714966702003594,5.435832587429375,Ameren Corp.,16593557418.811968
02553710,379107205.0,49078138.39139133,23587425.0,0.1294571502311367,6.221835061140555,AMER ELECTRIC PWR CO,32086659150.4
02581610,607477690.0,65584591.73811373,36044768.0,0.10796214053245928,5.933513048026504,AMERICAN EXPRESS CO,106537610704.2
02687478,625161018.0,93296696.61655347,56465510.0,0.14923626702609513,9.032154656834345,American International Group Inc. NEW,36342828321.99081
03027X10,415037005.0,54216131.349391654,33400253.0,0.13062963228879232,8.047536146806957,AMERN TOWER CORP        REIT,81137416220.3
03042010,163440640.0,21231834.687293395,11446839.0,0.12990547936726995,7.003667508888854,AMERICAN WTR WKS CO INC NEW,23629049483.0
03073E10,155951249.0,23923277.959811237,17334188.0,0.15340228509366563,11.115132524523737,Amerisource Bergen Corporation,30186748704.207615
03076C10,83664942.0,11477384.824463252,9700840.0,0.1371827261227678,11.594868493424642,AMERIPRISE FINL,28219241241.772938
03110010,194254038.0,28885692.956129555,25221917.0,0.14870060490649648,12.983985949368012,Ametek Inc,32071005971.89166
03116210,393763537.0,47271314.59168707,30880414.0,0.1200500050152868,7.84237520702685,AMGEN INC.,88349984720.94449
03209510,551327336.0,82493974.82216068,82109847.0,0.14962794230496976,14.893120953465656,Amphenol Corp,47500566059.02778
03265410,426105077.0,57264809.68327651,43466969.0,0.13439128697186706,10.200997675509978,ANALOG DEVICES INC,83905514609.9991
03662Q10,77222663.0,9504977.49402007,5917914.0,0.12308533693043026,7.663442013130265,Ansys Inc,25897129479.882732
03675210,204600884.0,33420258.715255532,28217645.0,0.16334366725050675,13.791555758869546,ELEVANCE HEALTH INC,92117341616.20639
03769M10,310104615.0,50717171.615862854,43978809.0,0.16354858703364622,14.181926637886379,"Apollo Global Management, Inc. New",23952187219.54
03783310,9059907953.0,1025697904.6237419,852189694.0,0.11321283946202823,9.406162826608135,APPLE INC,1778991473314.4944
03822210,644132036.0,88243653.26112613,66850258.0,0.1369962186776348,10.37834702573309,APPLIED MATERIALS,94221175676.94739
03948310,412600104.0,43196007.22603464,21760088.0,0.10469218695600387,5.2738929993095685,ARCHER-DANIELS-MIDLN,31484047190.841248
03990B10,152689972.0,25683892.09803165,26511737.0,0.16820942306565917,17.363116027030248,Ares Management Corporation,14823858047.349998
04041310,206477920.0,37318643.51438763,37125647.0,0.18073914883677455,17.9804441075346,ARISTA NETWORKS INC,33653368094.801933
04635310,490298668.0,102095347.11286967,81988830.0,0.20823092897505008,16.72222164796907,ASTRAZENECA PLC IAM CO FSPONSORED ADR           1 ADR REPS  0.5  ORD SHS,35495141798.53446
04946810,134522474.0,24819787.18944828,20449006.0,0.18450290461836347,15.201181922955119,ATLASSIAN CORPORATION CL A,22940052462.11499
04956010,132193624.0,14753770.74449835,7165754.0,0.11160727951976224,5.420650242556328,ATMOS ENERGY CORP,15689239879.32
05276910,185011239.0,26581617.951980986,19288920.0,0.14367569286956122,10.425809861205243,AUTODESK INC,38236498471.061905
05301510,324995804.0,42323210.91933815,29582971.0,0.13022694569723783,9.102570136567056,AUTOMATIC DATA PROCESSING IN,72090756947.48459
05333210,16130281.0,2954019.652845359,2708494.0,0.18313503979536122,16.791362779110916,AUTOZONE INC,40972115339.49169
05348410,125583374.0,13980725.870830866,7182984.0,0.11132624825664315,5.719693436489451,Avalon Bay Communities Inc.,23947271136.409645
05534B76,355383978.0,67848864.54249197,54849185.0,0.19091706082059776,15.433781035564861,BCE INC                F,17744969519.25622
05722G10,924020177.0,125255320.10887587,67645896.0,0.1355547456934762,7.320824553812747,Baker Hughes a GE Company,29423454884.368343
05849810,247829064.0,34307906.88824568,14327127.0,0.1384337508059413,5.781051975405112,BALL CORP,15496466501.623209
06050510,5355733883.0,686342396.6009738,570368905.0,0.1281509521560696,10.649687184989657,BANK OF AMERICA CORP,155117191174.8778
06367110,291315226.0,52651375.81990033,51425981.0,0.18073677968312005,17.653035753098603,Bank Montreal Quebec,28744815285.256523
06405810,627327758.0,89682844.89872281,63894476.0,0.1429601093767045,10.185182336535473,Bank New York Mellon Corp,28146498499.821438
06414910,440330848.0,77369622.71645,70402003.0,0.17570793204215845,15.988433088385396,BANK NOVA SCOTIA       F,26234583940.44
06790110,979824861.0,198082864.8941764,171553542.0,0.2021615012830098,17.508592487122044,Barrick Gold Corp,17207278727.36
07181310,420712336.0,71212702.66651927,61204103.0,0.16926697073726707,14.547731968572464,BAXTER INTERNTNL,19672516696.98433
07588710,243525828.0,32873043.511650983,16172568.0,0.13498791393761725,6.6410072938957425,BECTON DICKINSON&CO,66388037072.60989
08467010,134917.0,37611.59167495358,66290.0,0.2787757782559172,49.13391196068694,BERKSHIRE HATHAWAY INCORPORATED DEL CLASS A,72647707380.0
08467070,815597920.0,88685038.3530601,54629436.0,0.10873622428200908,6.698084271720556,BERKSHIRE HATHAWAY INCORPORATED DEL CLASS B NEW,281424476520.0
08651610,164957180.0,23690597.594329003,17584589.0,0.14361665005626917,10.660093122348478,Best Buy Inc.,13600881903.4
09061G10,173358919.0,28217424.531949192,26635081.0,0.1627688075970824,15.36412499203459,Biomarin Pharmaceutical Inc.,15123596524.278233
09062X10,119874890.0,16973518.573100004,15265213.0,0.14159361124836073,12.734287389127115,Biogen Idec Inc,35442004065.75
09247X10,114020334.0,14204728.423783798,7901170.0,0.12458065965482787,6.929614852733198,BLACKROCK INC,79603142192.34
09260B63,1840611.0,297852.39445136697,7.0,0.16182256568681105,0.0003803084953854997,BLACKROCK HIGH YIELD BOND INSTL,20651199211.33643
09260D10,451104072.0,64643102.71260889,36538666.0,0.14329975436933962,8.099830674993331,BLACKSTONE INC,42309294844.32
09702310,365700398.0,52038880.965607226,48957819.0,0.1422992188419965,13.387412009324638,BOEING COMPANY,77902071869.64
09857L10,32569765.0,5476113.421461656,5242964.0,0.1681348766704843,16.097641478223746,BOOKING HOLDINGS INC,88736437560.57053
09950210,116205482.0,19137560.505855933,12289318.0,0.16468724346288527,10.575506239886343,Booz Allen Hamilton Holding Corporation,13167120420.0
10113710,1290273724.0,241883659.73903427,298539026.0,0.1874669345270138,23.137650596688427,Boston Scientific Corp,70558472296.4684
11012210,1549387769.0,203986743.87329945,141381996.0,0.1316563535317926,9.125023369149883,BRISTOL-MYERS SQUIBB,100032474158.85
11133T10,102567261.0,12875571.034234315,7948164.0,0.12553295182791627,7.74922126466846,BROADRIDGE FINL SOLUTIONS IN,17560041473.496128
11135F10,321956558.0,40281513.55499899,19662346.0,0.12511474779463566,6.107142566731006,BROADCOM INC,282172065427.4301
11271J10,894948529.0,161307736.21240765,196745056.0,0.18024247315390318,21.983952107261356,BROOKFIELD CORP,32196006975.81831
11523610,199712274.0,27330666.99766341,12517504.0,0.13685021180853116,6.267769000517214,Brown & Brown Inc.,13861898588.975756
12008R10,116123785.0,22754184.77497282,24839695.0,0.19594766718095538,21.390703894124705,"Builders FirstSource, Inc.",15961498424.0
12504L10,298395706.0,45253253.47730617,35997499.0,0.1516551765570855,12.063678624115322,CBRE GROUP INC          CLASS                  A,24191408388.459
12514G10,124459712.0,17802641.316617265,13291298.0,0.1430393902616235,10.679197136499882,CDW CORP,23003418338.0
12552310,251229900.0,42065635.311493635,43115977.0,0.16743880927984142,17.161960817561923,CIGNA CORP,71030591266.40001
12572Q10,306799251.0,46063341.49449153,31965049.0,0.15014163608401876,10.418881042183509,CME GROUP INC           CLASS                  A,57411133979.861595
12589610,269165366.0,39650305.96225537,21991991.0,0.14730835007300075,8.17043861430523,CMS Energy Corp,16211335527.5
12640810,1447606553.0,220888826.64540273,150461240.0,0.15258899331979103,10.393793789354309,CSX CORP,49812057685.5
12665010,962506454.0,141689634.33855712,111884151.0,0.1472090225989873,11.624249430747193,CVS HEALTH CORP,67586094136.34321
12709710,664502412.0,91631694.53978091,58518278.0,0.13789520231234453,8.806330412537314,Cabot Oil & Gas Corp,17276574745.100002
12738710,225808872.0,40739527.248904936,42827854.0,0.18041597253497169,18.966417758820388,Cadence Design System,53580676459.9818
13606910,347163116.0,68149191.94129185,83406742.0,0.19630308866478735,24.025231413120512,Canadian Imperial Bank of Commerce,17300527398.96285
13637510,428506197.0,82389553.75029235,47146669.0,0.19227155716091626,11.002564100607394,Canadian National Railway CO,53978096267.079994
13638510,759268069.0,151730027.0478464,133836267.0,0.19983722909312338,17.62701112615866,CANADIAN NAT RES LTD,45568913831.54
13646K10,621804497.0,124112158.73202753,87839713.0,0.19959996965417176,14.126580528734902,CANADIAN PACIFIC KANSAS CITY COM,52277015537.405716
14040H10,342558125.0,43742787.08796989,24006622.0,0.12769449589896573,7.0080433794994645,CAPITAL ONE FC,37585729312.67283
14149Y10,212084436.0,34946905.81982429,39380166.0,0.16477826699090872,18.56815461932341,CARDINAL HEALTH INC,20379631485.359997
14313010,161344651.0,21568279.46686083,13329302.0,0.13367830500225775,8.261384506636047,CarMax Inc,13636343819.7
14448C10,757327439.0,91031014.03539532,25870030.0,0.12020033785596844,3.4159636463402987,CARRIER GLOBAL CORPORATION,37940329834.91719
14912310,349014154.0,40938638.81451488,27368511.0,0.1172979328927585,7.841662203762659,CATERPILLAR INC,86812781938.75
15135B10,489068037.0,83337620.90327188,85089997.0,0.17040087390391429,17.398396657027906,CENTENE CORP DEL,33164651867.081577
15135U10,919734509.0,211511400.04500413,193274971.0,0.22997005981103633,21.014213244009092,Cenovus Energy Inc,15993923683.80232
15189T10,547477532.0,77034365.83227114,41325638.0,0.1407078123386279,7.548371501024447,Centerpoint Energy,16366649306.699999
16119P10,98001580.0,14059096.168954037,9335325.0,0.14345785209742576,9.525688259311737,"Charter Communications, Inc. New Cl A",36231578860.37536
16411R20,199806953.0,37521176.063713044,36738816.0,0.1877871390377143,18.387155926450667,CHENIERE ENERGY INC,31500336603.320004
16676410,1276244088.0,136593332.7397014,78613373.0,0.10702759293777148,6.1597443419459745,CHEVRON CORP NEW,202707860027.89786
16679L10,422593025.0,29745031.286600847,28928853.0,0.07038694329278351,6.845558560745294,CHEWY INC,16761010141.152363
16965610,24893102.0,4320932.72928772,3237325.0,0.17357952131830418,13.004907945984394,Chipotle Mexican Grill Inc Class A,53877544827.0
17134010,202688267.0,26501567.066718955,18023752.0,0.13075037573200501,8.892350932182966,CHURCH & DWIGHT CO INC,20452846708.9051
17275R10,2910318557.0,359513320.63971925,261113741.0,0.12353057357759178,8.97199862784643,CISCO SYSTEMS INC,152367638477.2136
17290810,63156166.0,8253917.05359164,6671279.0,0.13069059723466495,10.563147547620291,Cintas Corp.,31615270232.8121
17296742,1334447527.0,191273419.19892398,156324101.0,0.14333528694749792,11.71451839334856,CITIGROUP INC,62097821279.77386
18905410,95257168.0,16305550.60687057,15574009.0,0.17117400138192823,16.349435246699755,CLOROX CO,15364263674.048023
18915M10,241665670.0,36739888.88161803,29848321.0,0.15202775339011962,12.351080316869169,CLOUDFLARE INC,15885682016.850054
19121610,2950851161.0,337873032.5734227,265687220.0,0.11450019473666793,9.003748596725648,COCA COLA COMPANY,179487604585.79517
19244610,455954782.0,70555062.426195,57411610.0,0.1547413585985704,12.591513954118371,Cognizant Technology Solutions Corp.,29967296705.030502
19416210,640780617.0,95462289.21366,71012468.0,0.14897811619301837,11.082181032950938,COLGATE-PALMOLIVE CO,49931875848.08623
20030N10,3397356405.0,442409681.29256487,315724517.0,0.13022174554352206,9.293240960393144,COMCAST CORP            CLASS                  A,142064885986.5
20588710,395602410.0,53990887.00144128,30634686.0,0.13647764936882278,7.7438067174565495,CONAGRA BRANDS INC,13573428878.008497
20825C10,957508575.0,124097112.89400892,78912337.0,0.1296041791521386,8.241423529810163,CONOCOPHILLIPS,99819335997.28572
20911510,220849215.0,23742290.805030197,14772165.0,0.10750452884802057,6.688801225759394,CONSOLIDATED EDISON,20127734200.800003
21036P10,139976729.0,23084010.874777615,19872674.0,0.16491320407106824,14.197127009590288,CONSTELLATION BRAND     CLASS                  A,34773624129.22214
21037T10,266111796.0,42943706.637747794,44485650.0,0.16137468268316746,16.71690269603832,CONSTELLATION ENERGY COR,24508941847.645092
21664840,45402578.0,6845147.650351762,4539077.0,0.1507656162245184,9.997399266623143,Cooper Cos Inc New,18210858913.128094
21720410,375913826.0,49141775.69433924,31494268.0,0.13072617258387095,8.378055240777444,COPART INC,34519066155.795135
21935010,571092691.0,62940249.2599302,28854311.0,0.11021021675083949,5.052474222612665,CORNING INC,20312117618.88
22052L10,566375588.0,78678974.46785392,63739899.0,0.13891660610883166,11.253998292030905,CORTEVA INC,32831992711.8
22160K10,290151345.0,36607056.181022614,27598911.0,0.12616538510625416,9.511901797318913,COSTCO WHOLESALE CO,158616705876.48
22160N10,386259564.0,48015274.439836696,32839461.0,0.1243083121168663,8.501915307914551,CoStar Group Inc.,35184881928.0
22266T10,1279463440.0,203324061.3795342,183380272.0,0.1589135375212708,14.332591793322363,"Coupang, Inc.  Cl A",22337512722.6
22788C10,144069472.0,25817050.43476749,25439044.0,0.17919861908543322,17.657484022708157,"CrowdStrike Holdings, Inc.",22097450955.92478
22822V10,384339553.0,51401460.75374926,33912157.0,0.1337397110251342,8.823488692562433,Crown Castle International Corp New,44218658284.79545
23102110,113980811.0,15131699.13764265,10353222.0,0.1327565491496867,9.083302627141336,CUMMINS INC,28372473535.11559
23331A10,275731360.0,42607536.07618922,35677324.0,0.15452553556544754,12.939160783162277,D R HORTON CO,33902864019.890724
23333110,149262713.0,20950573.52325106,12940402.0,0.1403603961241885,8.669547631765209,DTE ENERGY CO,16948231221.045803
23585110,556285498.0,82719797.41078137,68985678.0,0.14870025860494634,12.401128242246575,DANAHER CORP,136478382720.0
23719410,112965560.0,16026774.333386963,8471194.0,0.14187310126543845,7.498917369152156,Darden Restaurants Inc.,19018152389.06999
23804L10,221193530.0,45713848.87804925,38542893.0,0.20666901458668002,17.424964012283723,DATADOG INC,21854378135.048817
24353710,24763782.0,5891489.120450926,8124609.0,0.23790748603952847,32.80843370370487,DECKERS OUTDOOR CORP,13177269510.36585
24419910,191865247.0,27294433.94243278,23288197.0,0.14225835251150398,12.137788038289186,DEERE & CO,78726680760.85
24736170,453503350.0,81368225.05938935,83520704.0,0.17942144211148464,18.41677773714351,DELTA AIR LINES INC DEL,21791148449.76533
25179M10,432687091.0,58824049.6650806,44369760.0,0.13595055384973478,10.254468164847562,DEVON ENERGY CORP NEW,21312691629.52
25213110,362418711.0,54672306.160225175,41790061.0,0.1508539832542619,11.530878437454627,"DexCom, Inc.",46821305433.086716
252131AH,107323000.0,65005939.03994853,107319000.0,0.6057037078720174,99.99627293310847,DEXCOM INC,16917750543.996725
25278X10,154647450.0,25774090.502686527,22032980.0,0.16666353375168183,14.247231363983047,DIAMONDBACK ENERGY INC,20675429268.480003
25386810,300177929.0,40531096.75686662,24916872.0,0.13502357382466523,8.300700881975903,Digital Realty Trust Inc,34788484461.07693
25468710,1108941593.0,136330485.88346332,88216372.0,0.12293748087728487,7.95500615693833,DISNEY WALT COMPANY,100221820561.01146
25470910,206591853.0,33543357.327218346,30219822.0,0.16236534422883728,14.627789799629708,DISCOVER FINL S,24393241895.399998
25667710,196865888.0,31796488.228474017,22057117.0,0.1615134473092363,11.204133546996218,DOLLAR GEN CORP NEW,33835368303.013454
25674610,207635256.0,40070040.00810894,37699233.0,0.1929828333590368,18.156470016826045,"Dollar Tree, Inc.",30820947794.0
25746U10,585702685.0,73853131.49367024,40159224.0,0.12609320972067978,6.856588680313118,Dominion Resources Inc.,30657693958.653088
25809K10,288807466.0,47188460.31620016,46925412.0,0.16339072174886282,16.247991317509776,DOORDASH INC,22781245916.543846
26000310,115746032.0,15569335.887101183,9492286.0,0.13451291260767526,8.200960184967723,DOVER CORP,17345595978.104195
26055710,443270113.0,55484981.49539871,39484154.0,0.12517194340011528,8.907470375743559,DOW INC,23807572671.923866
26441C20,485492438.0,57788591.634111814,34651926.0,0.11903087898170685,7.1374800692570215,DUKE ENERGY CORP,44001143776.65949
26614N10,345545352.0,64234228.82206524,60287846.0,0.1858923248432676,17.447158716231264,DUPONT DE NEMOURS INC,25077188736.719666
26815010,275574398.0,51655439.41588648,53988278.0,0.18744643838752567,19.591180600165913,DYNATRACE INC,14266564307.930523
26875P10,514735189.0,67026342.25984525,39790168.0,0.13021519354458833,7.730221063242676,EOG RES INC,59542164811.748924
26884L10,355905031.0,60751650.37966654,45169977.0,0.17069623941243622,12.691581479779645,EQT Corporation,15122769759.320435
27864210,453006609.0,64817885.19356204,52798461.0,0.14308375177272975,11.655119362728767,Ebay Inc.,20430581679.588673
27886510,207637554.0,26166157.37017965,14093863.0,0.12601842424988136,6.787723477035373,ECOLAB INC,39367677239.72794
28102010,336124790.0,42761688.63928563,33912386.0,0.12721968123590535,10.089224897693503,Edison International,23501513500.516857
28176E10,477169398.0,67206455.6614844,51628198.0,0.14084401879745945,10.819679178168924,EDWARDS LIFESCIENCES,45571376571.3416
28551210,243286956.0,32647324.723661363,21201246.0,0.13419266392424822,8.714501734322328,Electronics Arts Cl A,31748367032.399998
29101110,405699065.0,59064671.57701385,46217096.0,0.14558739881989585,11.391965125677576,EMERSON ELECTRIC CO,37183262158.98648
29250N10,910300112.0,159105498.51352566,131483174.0,0.17478356469050468,14.443936924397523,ENBRIDGE INC           F,36485670306.506874
29273V10,1084971019.0,231374004.25810325,178549754.0,0.21325362632391498,16.456638092007875,MLP Energy Transfer Equity LP Com Unit,13872393883.3
29355A10,95143857.0,16504981.386285592,17766668.0,0.173473957296955,18.673478835317766,ENPHASE ENERGY INC,16306009679.737446
29362U10,151022267.0,24897354.479491636,12617678.0,0.1648588315754235,8.354846110209696,Entegris Inc.,16960436189.806616
29364G10,180992689.0,29181092.25238612,21610977.0,0.16122801652162932,11.940248592030146,ENTERGY CORP,17798944374.632202
29379210,573738497.0,95193249.27872135,59819140.0,0.16591748640970375,10.426202932657663,ENTERPRISE PRODS PARTNERS L,15268983670.85
29442910,113791572.0,15141080.66801936,9689768.0,0.13305977237065816,8.515365268000691,EQUIFAX INC,28407145925.600002
29444U70,86617697.0,11214186.533286277,7325939.0,0.12946761368275905,8.457785480027251,"Equinix, Inc.",68456543708.710236
29476L10,319632207.0,41476655.731894545,23701899.0,0.1297636934687703,7.415366311943652,Equity Residential,21200848246.092842
29717810,58738453.0,7135460.4717971645,5221230.0,0.1214785222858553,8.88894707526601,Essex PPTY Tr Inc,13945288579.2
30040W10,272856763.0,31386153.680637766,16068587.0,0.11502794849412534,5.889019140786333,EVERSOURCE ENERGY,19636622842.135853
30063P10,158035528.0,27712769.78506985,19249307.0,0.17535784602225551,12.180366809670797,EXACT SCIENCES CORP,15239163962.400002
30161N10,765416420.0,104384443.37544866,75313941.0,0.1363760178746213,9.839603519349637,EXELON CORP,32468689093.832428
30212P30,128692684.0,26993871.25568063,25550799.0,0.2097545129735629,19.8541192908837,EXPEDIA INC,14268660810.43383
30213010,141588914.0,17859239.48282353,10026516.0,0.12613444780587504,7.08142729310008,Expeditors International of Washington Inc,17321964736.773914
30225T10,138960478.0,18973180.775069255,11580088.0,0.13653652497560678,8.333367995467027,Extra Space Storage Inc.,20886264355.55644
30231G10,2320724964.0,283658244.00188136,259417515.0,0.12222829003957807,11.178296395487905,EXXON MOBIL CORP,251181775094.25
30303M10,1591309880.0,280031192.00160354,323067696.0,0.17597527390554726,20.30199774791821,META PLATFORMS INC-CLASS A,464422619482.4912
30307510,33723589.0,4019710.0890894295,2207909.0,0.1191957976088912,6.547075994788099,Factset Research Sys,13666744028.849998
30325010,20296372.0,2864155.7812302974,2182421.0,0.1411166380489231,10.75276409005511,Fair Isaac & CO. Inc.,17155038966.873121
31190010,443672220.0,45751888.132198945,22550230.0,0.10312092141400907,5.082632849990022,Fastenal Company,26510014304.157333
31428X10,182114053.0,28684378.259611804,26194497.0,0.15750776937357933,14.38356709352902,FEDEX CORP,45531912983.6
31620M10,524241839.0,99474329.71015464,81454177.0,0.1897489332402457,15.537519316538182,FIDELITY NATL INFORMATION SV,28967022528.5
31677310,525435898.0,73557273.780614,41757628.0,0.1399928593775182,7.947235458967442,Fifth Third Bancorp,13880028056.302185
33643310,86786527.0,16378717.944156433,16594361.0,0.18872420075245588,19.120895343582536,FIRST SOLAR INC,16670434222.32709
33773810,545762375.0,80373808.91182368,49487316.0,0.14726887120392584,9.067557286264009,Fiserv Inc.,69234821651.8045
33793210,465433494.0,62421845.5373648,34386499.0,0.13411549951186968,7.388058539680429,Firstenergy Corp.,18299278547.64974
33904110,65351989.0,10080363.186617268,7133792.0,0.15424722859800438,10.9159523821073,FleetCor Technologies Inc,17479541116.66688
34537086,2094934222.0,278056302.1867638,242363721.0,0.1327279392673761,11.56903727357221,FORD MOTOR CO,31884883063.853127
34959E10,493849183.0,84804740.3180098,99272244.0,0.17172194110526612,20.10173296166008,FORTINET INC,38437933466.240005
34959J10,299418303.0,46901499.513849296,46223725.0,0.15664205909900336,15.43784215489325,Fortive Corp,25281382388.62
35185810,122911934.0,25779545.00110866,29386842.0,0.20973996716306376,23.908859818282576,FRANCO NEV CORP,18306834705.0
35671D85,1104288207.0,185725961.43307117,191232343.0,0.16818613135209473,17.31724940896702,FREEPORT-MCMORAN INC,44685695480.0
36266G10,355035496.0,64881793.58922863,92493536.0,0.18274734306912407,26.051912285412723,GE HEALTHCARE TECHNOLOG-W/I,29240270198.28
36357610,173115745.0,24261098.208953403,23919796.0,0.14014379921914905,13.817227312281734,Arthur J. Gallagher & CO.,38335018272.25656
36665110,70386497.0,11319955.70322898,11521931.0,0.16082567233355824,16.36951900021392,GARTNER INC,24850333498.612293
36955010,232706266.0,27653450.20533373,18557690.0,0.11883414521091464,7.974727246923381,GENERAL DYNAMICS CO,50532381835.65
36960430,805739605.0,131625131.71957615,119841944.0,0.16335939167291666,14.873532746351719,GENERAL ELECTRIC CO,89424208795.34999
37033410,433741216.0,55480649.65808443,34894948.0,0.1279118691318568,8.04510770772589,GENERAL MLS INCORPORATED,33602756201.300003
37045V10,1078924516.0,181719319.5648886,153681699.0,0.1684263513063861,14.243971354896898,GENERAL MOTORS,41969870170.08
37246010,107556861.0,13807627.434389157,10248531.0,0.1283751432127529,9.528477220992903,GENUINE PARTS CO,18411056593.474125
37555810,1015869159.0,137679273.9520246,101242839.0,0.13552854984548715,9.966129801564337,GILEAD SCIENCES INC,78986978729.33478
37940X10,218092569.0,41754460.461967446,38630076.0,0.19145292594525515,17.712697033707737,Global Payments Inc,21864147746.64
38141G10,223726040.0,29722416.91359548,20092059.0,0.13285184377104908,8.980652855608582,GOLDMAN SACHS GROUP INC,73736295475.34001
38480210,35041358.0,4380345.396981912,3588455.0,0.1250050125620677,10.240627660606076,Grainger W. W. Inc.,28098282470.898014
40412C10,169161022.0,27363855.984971516,27685074.0,0.1617621817452221,16.36610708109815,HCA HEALTHCARE INC,51779028366.43067
40415F10,316431301.0,68785513.87179473,56183893.0,0.21737898132838235,17.75547893727492,HDFC Bank LTD ADR,22430463192.100002
40434L10,744664717.0,86517486.38783062,59537359.0,0.11618314177201794,7.995190001730672,HP INC.,23026458537.409184
40621610,733617938.0,103408493.5445603,73382385.0,0.1409568771266336,10.002806801597046,HALLIBURTON CO HLDG,24341363109.480003
41651510,274009379.0,39538470.82197723,33392999.0,0.14429604915814662,12.186808758834493,HARTFORD FINL SVC GP,19997650754.215286
42786610,114247339.0,19150309.195769668,18394263.0,0.1676214900354893,16.100386373112812,HERSHEY CO,28793303273.899998
42786630,54612012.0,1534461.2220033284,0.0,0.028097503933810906,0.0,HERSHEY COMPANY CLASS B,13636619396.0
42809H10,249002674.0,43360204.20496006,57269382.0,0.17413549625157865,22.999504816562734,Hess Corp,34117144095.199997
42824C10,1040449146.0,148448860.48200598,118784087.0,0.14267767055479516,11.416616319660086,HEWLETT PACKARD ENTERPRI,17615185778.4
43300A20,235551634.0,41184698.65349568,39214415.0,0.17484361264713483,16.647906165660476,HILTON WORLDWIDE HLD,36104436760.61665
43644010,202319772.0,31100018.834148467,24533864.0,0.15371715046292395,12.126280964768979,Hologic Inc.,18351201704.4274
43707610,682623138.0,81671526.96107371,46521616.0,0.11964365462378117,6.81512439445028,HOME DEPOT INC,214848533029.18774
43851610,491938419.0,64450182.31618832,37955133.0,0.13101270367783233,7.7154236250045765,HONEYWELL INTL INC,103339289232.5
44320110,362684269.0,66836258.74764529,67374161.0,0.18428221034214554,18.5765324715531,Howmet Aerospace Inc.,18184750677.537445
44351060,46004175.0,6601045.93487082,4758147.0,0.14348797549072057,10.342859099201322,"Hubbell, Inc.",15357480871.210403
44357310,43130492.0,8321762.977674744,8074187.0,0.19294384533509945,18.720368411285456,HUBSPOT INC,23202052399.627296
44485910,112514504.0,20623786.26246913,21231514.0,0.1832989128447754,18.870024081517524,HUMANA INC,50885909553.38
44565810,69582273.0,11321841.508401683,9030361.0,0.16271157897359406,12.977962073759793,J B Hunt Transportation Services,13674258231.528793
45104G10,622922925.0,156588150.75384566,149327576.0,0.25137644557526223,23.972079049747606,ICICI BANK LIMITED,14554386237.335913
45167R10,69231488.0,10609585.594196819,7738226.0,0.15324797863938472,11.17732151011979,Idex Corp.,15466106474.039343
45168D10,71674501.0,8517817.298677133,5464192.0,0.11884027345620632,7.623620567654877,Idexx Laboratories,36289867819.80485
45230810,238975128.0,19452106.14515608,8020441.0,0.08139803630592085,3.356182322036459,ILLINOIS TOOL WORKS,60290569535.28
45232710,143890217.0,20081029.93794613,14694834.0,0.1395579932855764,10.212531683095593,ILLUMINA INC,27183771247.3499
45337C10,204975569.0,35409208.4141405,35023201.0,0.17274843332251222,17.086524589669512,Incyte Pharmaceuticals Inc.,12913667880.0
45687V10,336316297.0,57109778.430394195,52879911.0,0.1698097265574799,15.723267493040934,INGERSOLL RAND INC,25037068340.188942
45784P10,70465762.0,12017215.678384759,13141095.0,0.1705397818359611,18.6489078199424,Insulet Corp,20476507041.626175
45814010,2523424948.0,331959627.7960653,237324725.0,0.13155121893328656,9.40486560490326,INTEL CORP,85427434348.60577
45866F10,470195086.0,69777162.91620451,38653587.0,0.1484004512037893,8.220755203724098,INTERCONTINENTAL EXCHANGE IN,56068866746.86982
45920010,507512638.0,57695912.71539142,38595208.0,0.11368369651396035,7.604777715899954,IBM CORP,68565430263.3359
45950610,226236559.0,36070960.14346156,30141563.0,0.15943913001020124,13.323029281045597,INTERNATIONAL FLAVORS&FRAGRA,18155788698.65397
46069010,390487804.0,56980631.04800233,40838969.0,0.14592166634736262,10.458449298969654,INTERPUBLIC GROUP COS INC,15170201059.715302
46120210,228455287.0,33556869.296463385,27256019.0,0.14688593876342806,11.930570466508836,Intuit Inc,106064305047.99
46120E60,288454482.0,44807099.81524845,35211864.0,0.1553350792283701,12.207078134428155,INTUITIVE SURGICAL,99746459350.4579
46137V35,157207524.0,32194357.577676658,34127814.0,0.204788910597413,21.708766305612702,INVESCO EXCHANGE TRADED FD T,23855267471.159996
46187W10,585087126.0,74589068.13185401,40704113.0,0.12748369399577938,6.956931915128141,INVITATION HOMES INC,20370694422.222836
46266C10,159025885.0,23507037.374936163,19748052.0,0.14781893762098014,12.41813683350984,IQVIA HOLDINGS INC,35976432097.37214
46284V10,222719351.0,26672732.740522705,13978935.0,0.1197593860648539,6.2764797657838,IRON MTN INC NEW        REIT,12812900170.14
46428743,276651954.0,69553339.17645802,74894383.0,0.25141098109308135,27.071698542928058,I SHARES 20 YEAR TREASURY BOND,28794047186.12
46625H10,1984689624.0,250981150.93734962,195781480.0,0.12645864013311817,9.864589285523468,JPMORGAN CHASE & CO,291835100373.6591
46631310,119857142.0,20520174.477000084,22900061.0,0.17120527099670108,19.106129695633825,JABIL INC,13065534297.976147
46641Q33,220453700.0,45346571.733065814,33366520.0,0.2056965781616086,15.135386704782002,JP Morgan Exchange-Traded FD Equity Premium,12599199003.53131
46982L10,103549925.0,15661158.515056664,10459906.0,0.1512425867527829,10.101316828573271,Jacobs Engineering Group Inc,12625645293.36
47816010,1756746575.0,196422343.00684476,115063377.0,0.11181028943053141,6.549799421125953,JOHNSON & JOHNSON,294981132040.4211
48242WAB,10566000.0,2286058.9150864915,16000.0,0.21635992003468593,0.15142911224682945,KBR INC,13569160923.436789
48248010,114318751.0,16112254.974953415,12790597.0,0.14094148889846964,11.188538090308562,KLA-TENCOR,56708991009.10536
48251W10,446889365.0,69528250.08175251,50789788.0,0.15558269121430648,11.365181626105603,KKR & Co Inc Cl A,26412355872.0
48783610,284327902.0,31715273.87211957,25671871.0,0.1115447117536835,9.028966492356421,KELLOGG CO,19373248475.4
49271V10,772986506.0,135540819.5146836,120838056.0,0.17534694132769713,15.632621664420103,KEURIG DR PEPPER INC,24944037018.39996
49338L10,137097860.0,20656972.608542606,17482129.0,0.1506731951070761,12.75156957227487,"Keysight Technologies, Inc.",24303014820.24906
49436810,248764170.0,34087079.0615946,22247664.0,0.13702567802105342,8.943275070521612,KIMBERLY CLARK CORP,34761844702.24794
49456B10,1344086342.0,161829388.67778522,94685548.0,0.12040103646688585,7.044603091428482,KINDER MORGAN INC,23518641951.84652
50075410,916705028.0,94292224.65826479,53017769.0,0.10285994052414511,5.783514585457254,KRAFT HEINZ CO,32867343536.5
50104410,561218173.0,78763511.86371289,81023785.0,0.1403438371260884,14.437127822658729,KROGER CO,26648186383.0
50188920,246260925.0,34011089.91723519,16173865.0,0.13810997387114984,6.567775622543446,LKQ Corp,14601610788.249378
50212V10,69999567.0,16795533.340406008,21201060.0,0.23993767476313116,30.28741592072991,"LPL Financial Holdings, Inc.",15440768837.28
50243110,153145770.0,23601250.124054052,16210260.0,0.15410970948824804,10.584856506320742,L3HARRIS TECHNOLOGIES INC,30335268175.14307
50540R40,78582957.0,10709646.872163052,7187189.0,0.13628460013490012,9.145989505078054,LAB CO OF AMER HLDG,19139971436.427334
51280710,110196731.0,19005846.6406349,19357017.0,0.17247196416956237,17.56587225804366,LAM RESEARCH CORP,71493948178.04001
51327210,122209460.0,26786327.61145484,25421537.0,0.21918374904409887,20.80161143008078,LAMB WESTON HOLDINGS INC,14411342992.456747
51783410,293817977.0,58135701.602520354,47864336.0,0.1978629837292779,16.290472247040213,Las Vegas Sands Corp.,17373980504.0
51841510,136188020.0,25323052.67108384,28136102.0,0.18594185208863337,20.659748192241874,LATTICE SEMICONDUCTOR CORP,13822733953.606373
51843910,194389311.0,25837441.603444103,15489488.0,0.13291595855002594,7.968281753928332,LAUDER ESTEE COS INC,38721643967.569824
52605710,227261174.0,36647233.4965964,35122886.0,0.16125602473828812,15.454855478305326,Lennar Corp.,28752438265.311737
53122985,189284061.0,37127276.867640585,44284480.0,0.19614581741058792,23.395778686299423,Liberty Formula One Ser C,14881236535.362947
53245710,766743672.0,87479342.66848482,70972457.0,0.11409203083515611,9.256347276381565,LILLY ELI & CO,362451104854.13324
53803410,163214905.0,30055858.53540182,24527030.0,0.184148981585976,15.027444950569924,Live Nation Inc.,14925050957.365877
53983010,184405925.0,22778904.675952535,19865338.0,0.12352588278252195,10.772613732449216,LOCKHEED MARTIN CORP,85903903554.52818
54866110,417079013.0,55236464.53961017,44467020.0,0.13243645165049378,10.661533813498307,LOWES COMPANIES INC,95064374832.29999
55002110,103705027.0,26896520.878697686,35367266.0,0.2593559989979819,34.103714181570005,LULULEMON ATHLETICA,39989499637.5
55261F10,136331928.0,18851109.95122024,16479817.0,0.13827362546519728,12.08800993410729,M & T BANK CORP,17023781152.415867
55354G10,69386476.0,10919604.167526681,8568579.0,0.1573736669884587,12.349062085239781,MSCI INC,32914328455.448284
56501R10,763198097.0,132285916.30468784,129295428.0,0.1733310353166248,16.941267084946624,Manulife Financial Corp,15717234970.716013
56585A10,295407461.0,44001906.62728323,39588498.0,0.14895326772834364,13.401319609865913,MARATHON PETE CORP,34955792324.2
57053510,10032613.0,1075543.1086838269,472738.0,0.10720468423169785,4.712012712939291,Markel Corporation,14053000698.993567
57174810,421944632.0,58867487.21502687,44276856.0,0.13951472006172333,10.493522761536163,MARSH & MCLENNAN COS INC,80560799476.7178
57190320,173796471.0,26413587.506094992,24502081.0,0.1519799990996077,14.098146446253216,MARRIOTT INTL INC       CLASS                  A,32305071133.53
57328410,56702326.0,8548935.207599958,5672118.0,0.15076868641332206,10.003325084053872,Martin Marietta Materials Inc,27215161863.74278
57387410,686163271.0,145394628.5814513,209859628.0,0.2118950907552312,30.584503261760858,MARVEL TECHNOLOGY,42822425656.78
57636Q10,696311546.0,98397696.48235029,77057104.0,0.1413127457782386,11.066469376051392,MASTERCARD INC          CLASS                  A,277710969070.8
57978020,205998428.0,21381355.872422427,10709021.0,0.10379378172935586,5.1985935543158615,MC CORMICK & CO INC,18134359751.734608
58013510,486091175.0,66574894.06410939,53450152.0,0.13695968470135134,10.99591079801027,MCDONALDS CORPORATION,147205519694.9629
58155Q10,110075233.0,19075968.568752844,19884395.0,0.1732993703384016,18.064367849214545,MCKESSON CORP,47657484212.03084
58733R10,40113332.0,7660201.267542349,5222416.0,0.1909639734625473,13.01915283427465,"Mercadolibre, Inc.",47753166374.799995
58933Y10,1870712766.0,232291541.2674303,178285964.0,0.12417274607267544,9.530376188174257,MERCK & CO INC,218817681253.01846
59156R10,535133969.0,78876387.83322416,50711164.0,0.14739559138923614,9.47634927656779,METLIFE INC,30620731580.89733
59268810,20089228.0,2973859.0690085194,2332424.0,0.14803252116052043,11.610321710719795,Mettler-Toledo International Inc,26689127413.51932
59491810,5083110938.0,708202782.3263386,602237975.0,0.1393246755706237,11.847822767310218,MICROSOFT CORP,1755204026607.7043
59501710,466569068.0,62136616.67359232,54791093.0,0.13317774566571208,11.743404515620396,Microchip Technology Inc.,44254537772.25405
59511210,859051939.0,154835513.67091787,149217854.0,0.18023999090341133,17.370061951516064,MICRON TECHNOLOGY,54774493025.90562
59522J10,107888759.0,15344413.935190808,12208184.0,0.142224399255448,11.315529173896605,Mid-America Apt Cmntys,16532608552.271893
60770K10,243717505.0,31840174.864769276,24518744.0,0.1306437749096819,10.060313066145987,MODERNA INC,29828832592.5
60855R10,54451124.0,8745170.241666444,7166280.0,0.16060587182123998,13.160940442661937,Molina Healthcare Inc.,17221580636.394093
60920710,1027675216.0,142629947.2551342,102780598.0,0.138788933540978,10.001272425353498,MONDELEZ INTL           CLASS                  A,75877025818.44
60937P10,61775391.0,13760920.219379846,14146097.0,0.22275731479190228,22.899243163025872,MONGODB INC,25759444326.28
60983910,46104804.0,7475501.9809441455,6083529.0,0.16214149789996168,13.195000243358589,Monolithic Power System Incorporated,24981699744.197746
61174X10,672015243.0,108382784.27454627,105834517.0,0.16128024684485656,15.748826846179142,Monster Beverage Corp New,38910053627.96716
61536910,163685147.0,22123424.18496075,14907596.0,0.13515840985230473,9.107482427834457,MOODYS CORP,57537194577.69662
61744644,1363930232.0,122034507.69907929,71739889.0,0.08947269063765374,5.2597916899901955,Morgan Stanley,117624889375.00002
62007630,136078281.0,19139391.74162258,12483823.0,0.1406498641882651,9.174001103085658,"Motorola Solutions, Inc.",40401020419.48865
62944T10,2705712.0,390565.33778372064,266205.0,0.1443484516399826,9.838630275506041,NVR INC,17486006356.42105
63110310,352223652.0,48199021.65258373,38959709.0,0.1368420927410739,11.061071219601118,NASDAQ INC,17776309951.95
64110D10,190510022.0,27203853.36363152,21281816.0,0.1427948675772633,11.170969262708919,"Netapp, Inc.",14680397138.000002
64110L10,347905195.0,58468492.76352129,54082323.0,0.16805869416098052,15.545132345609268,Netflix Inc.,155486151413.657
65163910,619579028.0,86762256.89433494,62538733.0,0.14003420544172282,10.093745942607987,NEWMONT CORP,27024814132.810474
65339F10,1526776827.0,187373881.97575843,108875973.0,0.12272512829784941,7.13109939020577,NEXTERA ENERGY INC,114576682091.2
65410610,958801480.0,128834358.53063574,91745514.0,0.13437021241418584,9.568770586378319,NIKE INC                CLASS                  B,106918318413.6913
65584410,163464178.0,24092648.02849457,15442842.0,0.14738793736505726,9.447233142419742,NORFOLK SOUTHN CORPORATION,37336993194.799995
66680710,123608999.0,17192159.50750593,12330297.0,0.1390850152221193,9.975242174722247,NORTHROP GRUMMAN CORP,56869073903.200005
66987V10,146687543.0,24027345.55065554,17110863.0,0.1637994955758141,11.664837142987663,NOVARTIS AG            FSPONSORED ADR           1 ADR REPS    1  ORD SHS,14995427249.723726
67010020,140634603.0,27425105.38261623,26488949.0,0.19500965479040908,18.835299730607552,Novo-Nordisk a/s ADR,23149842808.94028
67034610,191732884.0,22366870.101088684,22145490.0,0.11665641091117518,11.550178319958928,NUCOR CORP,31743181168.199997
67066G10,1583731297.0,264102160.10435623,297223833.0,0.166759450043473,18.767314478347394,NVIDIA CORPORATION,677670421832.82
67077M10,295715679.0,54862270.756269574,39651944.0,0.18552371298604553,13.408806774834552,Nutrien LTD,18410273655.05
67103H10,49352116.0,8134860.02532776,7360446.0,0.1648330544799287,14.9141447146866,"O'Reilly Automotive, Inc New",47767285077.6
67459910,681542243.0,72433001.75172406,66406663.0,0.10627808106639117,9.743587236455422,OCCIDENTAL PETE CORP,40356887726.4
67958010,79644069.0,10532289.68152374,5243544.0,0.13224198378819318,6.583721883923334,Old Dominion Freight Line Inc.,29667060965.25
68191910,181573766.0,25641189.26722321,14172292.0,0.14121637630858638,7.805253100274409,OMNICOM GROUP INC,17394481683.7
68218910,409902884.0,84406317.35311823,116496787.0,0.20591784212261904,28.420582422640383,ON SEMICONDUCTOR CORP,39377315894.856804
68268010,303269219.0,36006321.87385888,24309917.0,0.11872725492084601,8.015952650967852,ONEOK INC,18939047763.596714
68389X10,1140988816.0,159996717.99080685,123064576.0,0.14022636834575847,10.785782846796984,ORACLE CORP,137212011554.13708
68902V10,351601400.0,48164411.50876928,23676667.0,0.1369858354055737,6.733951286883386,OTIS WORLDWIDE CORP,31632820458.656914
69331C10,1823974487.0,331363086.89023805,387644706.0,0.18167090014249637,21.252748257328008,PG&E Corp.,31862857658.5895
69347510,312330416.0,43851149.1677791,31025148.0,0.14039986796476173,9.933437926839632,PNC FINL SVCS GROUP INC,40360896527.05
69350610,185833334.0,29078743.27950632,20993811.0,0.15647754174989034,11.297117986378051,"PPG Industries, Inc.",27706488145.100002
69351T10,522302009.0,91648196.8359228,86740227.0,0.17546973830598991,16.607293386842017,PPL Corp.,14019192176.220001
69370C10,96885865.0,16141263.195230624,14716317.0,0.16660080596102045,15.189333345994278,"PTC, Inc.",14750991959.775549
69371810,338028661.0,47406045.21478908,41474497.0,0.1402426796430409,12.269520838056984,Paccar Inc,28697978654.85612
69743510,258792005.0,46996397.33344988,42039633.0,0.18159910826244371,16.244564046713887,PALO ALTO NETWORKS INC,67220624494.36547
70109410,104093618.0,15102443.377691478,13072941.0,0.14508519991774593,12.558830455869062,Parker-Hannifin Corp.,41274121339.08
70432610,258058885.0,37843104.90256202,28524811.0,0.14664523138802998,11.05360545907962,PAYCHEX INC,29119636986.736546
70432V10,44831705.0,8218734.144186905,8542543.0,0.1833241484834651,19.054691317227395,"Paycom Software, Inc.",14495259194.16
70450Y10,735686583.0,117177580.51725353,103054933.0,0.15927649521542728,14.007994080816342,PAYPAL HOLDINGS INCORPOR,49860332057.89293
71344810,970627403.0,112038875.21049713,68088316.0,0.11542933453579522,7.014876747715313,PEPSICO INC,182633254111.07086
71708110,3804864512.0,443604820.97173834,222762409.0,0.11658886133071808,5.854673886479771,PFIZER INC,141056594407.90036
71817210,1223759658.0,167641953.12375352,103560439.0,0.13698927892240872,8.462481854423086,PHILIP MORRIS INTL,120353322905.40001
71854610,315576430.0,40304475.052842446,33059790.0,0.12771700045165746,10.47600101186264,PHILLIPS 66,30510484128.66
72230410,323156396.0,73686958.42508063,81549383.0,0.22802259010550616,25.235268126953613,PINDUODUO INC,22904341219.99008
72352L10,481340492.0,108160909.85755919,103937556.0,0.22470768957779516,21.593353920450973,"Pinterest, Inc.",13301327372.44
72378710,190023942.0,29692593.964197624,20684093.0,0.15625712029591315,10.884993113130976,PIONEER NAT RES CO,40288028050.8
73278L10,39043740.0,5810403.10761778,4317287.0,0.14881779019166144,11.057565182024058,Pool Corporation,14777133760.536966
74144T10,168143742.0,18179292.996922,8279390.0,0.10811757119644691,4.923995327759507,T. Rowe Price Group Inc.,19050845452.650234
74251V10,170093436.0,17406982.37487908,8559078.0,0.10233776672533725,5.031986066763917,Principal Financial Group Inc,12962053523.52
74271810,1478003223.0,179422004.73833534,135914471.0,0.12139486703834836,9.19581695661837,PROCTER AND GAMBLE COMPANY,227099670409.19983
74331510,485221614.0,69951176.36951613,53830153.0,0.14416335618865514,11.093931401003088,PROGRESSIVE CO OHIO,64823327411.775375
74340W10,833099736.0,99480585.94866577,60064695.0,0.11941017581677131,7.209784423698341,ProLogis Inc.,103256992257.83034
74432010,195968323.0,21770395.90560649,15393498.0,0.11109140279577985,7.8550950298227535,PRUDENTIAL FINL,17500033630.738472
74457310,356100714.0,40190870.43511232,25743299.0,0.11286377380055554,7.229218585616203,PUB SVC ENTERPISE GP,22552289549.573875
74460D10,137404700.0,16315842.593149005,7938916.0,0.11874297307988012,5.777761604952378,Public Storage Inc,40410362923.088196
74586710,193925102.0,31760540.965752892,30716704.0,0.1637773585688401,15.839467754927364,PULTE GROUP INC,15305959846.240002
74752510,786642667.0,106918092.87851898,78429547.0,0.1359169764923506,9.970161839695889,QUALCOMM INC,94806039525.09572
74762E10,125034661.0,18980921.792864647,16712530.0,0.15180528056028117,13.366317680503009,QUANTA SERVICES INC,25073932289.699997
74834L10,97179997.0,13496204.397234576,8110697.0,0.13887841957058894,8.346056030440092,QUEST DIAGNOSTICS INC,13845900610.64
75473010,150199537.0,19227741.962115303,14689373.0,0.12801465534554413,9.779905646446833,Raymond James Financial Inc,16289184470.597574
75513E10,1144844793.0,134986887.75700885,67822010.0,0.11790846111400259,5.924122677125196,RAYTHEON TECHNOLOGIES CO,112999181464.5715
75610910,551655823.0,57894159.62614831,19159168.0,0.10494615884105027,3.473029233301504,Realty Income Corporation,33368542485.940983
75886F10,90470543.0,14722980.046635889,14665453.0,0.16273783220949484,16.21019672668484,Regeneron Pharmaceuticals Inc,65635170635.14267
7591EP10,703675254.0,87551122.56290744,50012828.0,0.12441978322419087,7.107373424844069,REGIONS FINL CO,12687245596.08
75950910,46004992.0,6227693.916124128,5600298.0,0.1353699597670646,12.173239808410356,Reliance Steel And Aluminim CO.,12877407301.187443
76075910,178525731.0,26651292.802928843,18165183.0,0.14928544279664002,10.175106354836883,Republic Svcs Inc,27699899241.99276
76115210,93037494.0,16625355.456938632,17095984.0,0.17869521998237217,18.375370256640835,RESMED INC,20525258972.0
76131D10,247770076.0,46711150.79343103,27002699.0,0.18852619956185115,10.898289025023345,RESTAURANT BRANDS INTL INC,19820313289.92
77104910,394012457.0,62637060.568920106,54251384.0,0.1589722849014393,13.768951472516514,Roblox Corporation,15957000403.499998
77390310,91885789.0,11108138.892321697,6413245.0,0.12089071676058304,6.979583099623817,ROCKWELL AUTOMATION INC,30588536066.55
77669610,93863145.0,12617595.410150005,7340110.0,0.13442544898905748,7.8200128495587915,ROPER TECHNOLOGIES INC,47450995804.0
77829610,283909456.0,50690023.01476307,39541822.0,0.17854291903106978,13.927617120297677,ROSS STORES INC,32556510013.708477
78008710,510115719.0,98260789.0464753,102919303.0,0.19262450731590827,20.175677628942072,ROYAL BANK OF CANADA   F,56560715227.75572
78025930,292011271.0,65242206.11764956,71223520.0,0.2234235887341813,24.39067497500807,SHELL PLC,18781142001.280003
78409V10,270369726.0,37319120.561974235,22355569.0,0.13802995296142823,8.268517829544274,S&P Global Inc,109728320093.09544
78410G10,99698524.0,15450637.70226851,10649223.0,0.15497358518836757,10.681424932629895,SBA Communications Corp Class A New,23262471008.298088
78462F10,544722224.0,164166059.6446118,153012753.0,0.30137573319316563,28.09005145345419,S&P DEPOSIT RECEIPT,248931057156.96
79466L30,744508035.0,113144124.72129264,100743242.0,0.15197166370580895,13.531518434183186,SALESFORCE.COM,159596574034.8
80105N10,252410201.0,44303914.77901292,44066568.0,0.17552347172772514,17.458315006848714,Sanofi-Aventis,13676803540.4
80685710,1118204425.0,176551278.64998075,159204206.0,0.15788819530917234,14.237486674227746,SCHLUMBERGER LTD       F,55512085313.6
80851310,1435524994.0,251522319.43708864,351126792.0,0.17521277615392647,24.459817381626166,Charles Schwab Corp.,82029641248.36
81141R10,293010855.0,69156372.65760651,67888444.0,0.23601983161206266,23.169259036495422,Sea LTD ADR,17133241140.559996
81181C10,156281591.0,31721533.937413972,30696663.0,0.2029767788671538,19.64189307491757,Seagen Inc,30419376533.808468
81685110,259201302.0,33982192.957006745,19759645.0,0.13110348094241728,7.6232815373743765,SEMPRA,38287578249.44274
81762P10,175239629.0,26605121.09170019,21484124.0,0.1518213730736681,12.259854761504888,SERVICE NOW INC,99320475236.23521
82434810,193096098.0,35595871.86619495,32606325.0,0.184342781831847,16.886061053393217,SHERWIN WILLIAMS CO,51905289437.94911
82509L10,745866287.0,147656880.24567875,126265974.0,0.1979669584471764,16.928768091645896,SHOPIFY INC,49658254562.6
82880610,274400603.0,32105477.296077624,17210530.0,0.11700221116524888,6.272045254944283,Simon Property Group Inc,32000246121.70838
83088M10,128820844.0,19184291.473007716,15500594.0,0.1489222619361795,12.0326753952955,Skyworks Solutions Inc,14337122610.686478
83303410,43519548.0,5437000.986276661,3395595.0,0.12493238639051722,7.802459253483056,SNAP ON INC,12777138737.624132
83344510,202229295.0,31996262.464748293,24221610.0,0.15821774221557908,11.977300321400023,Snowflake Inc. Cl A,36547449848.7
83417M10,47387786.0,9774014.009793466,9182585.0,0.20625597511125474,19.37753538432878,"SolarEdge Technologies, Inc.",13129619283.15
84258710,678539959.0,86710288.07611164,66323069.0,0.12778950882111814,9.774379256564904,SOUTHERN CO,48080819017.5
84474110,444651126.0,60199226.16766561,34028353.0,0.13538530017725764,7.652820607048232,SOUTHWEST AIRLS CO,16873689233.640001
84863710,142850656.0,24829432.949426237,27830242.0,0.1738139231886078,19.482054041109897,SPLUNK INC,15322084749.975506
85223410,371675110.0,83942432.71114369,89095087.0,0.22584894832248437,23.9712277208985,"Square, Inc.",24914131051.949997
85450210,138075362.0,19994065.2647141,10759994.0,0.14480545243628692,7.7928414194561375,STANLEY BLACK & DECK,12980610195.159426
85524410,791174500.0,102311049.1611323,73924717.0,0.12931540281079876,9.34366780021348,STARBUCKS CORP,79649369613.31107
85747710,282751219.0,36345198.46240774,22924743.0,0.1285412617881861,8.107743294998844,State Street Corp.,20901174927.34
85811910,133323247.0,21331037.41220144,20907764.0,0.1599948838044834,15.682009304798886,STEEL DYNAMICS INC,14671184988.022802
86366710,286954714.0,35005421.61978711,23671634.0,0.12198935898919266,8.249257755702875,STRYKER CORP,88695442201.97166
86667410,117081720.0,18220293.51681212,13404644.0,0.1556203096163271,11.448964022735574,"Sun Communities, Inc.",15362499519.547428
86679610,249505860.0,45847609.52627311,40214854.0,0.18375363819620552,16.117799397577276,SunLife Financial,13831284064.282309
86722410,755657978.0,153430739.0506208,159792752.0,0.20304257153045077,21.14617414917308,SUNCOR ENERGY INC,23127037545.72
87160710,125048006.0,20263358.775417775,16281524.0,0.16204463728448237,13.020218811006071,Synopsys Inc,55662070126.47417
87165B10,389297725.0,62105575.19390948,51802833.0,0.15953233529404642,13.306739205835328,Synchrony Financial,13438249569.610409
87182910,404207826.0,55874134.63603175,38522810.0,0.13823120444984097,9.530446350140682,SYSCO CORP,30325313986.800003
87254010,1017724149.0,150750131.12140173,116631539.0,0.1481247460517926,11.460034540263228,TJX COMPANIES INC,87477147786.28622
87259010,497951628.0,94185140.39954591,88007605.0,0.18914516009885585,17.673926552560644,T-MOBILE US INC,69827029326.6
87403910,841868013.0,192959706.37641606,218914202.0,0.2292042260743503,26.003387540512243,Taiwan Semiconductor Mfg Co LTD ADR,86353645189.15096
87405410,151870298.0,27313921.98421159,23198739.0,0.17985032191226483,15.275362796746471,"Take-Two Interactive Software, Inc.",22473244047.487106
87612E10,358316499.0,48590982.5867658,33525943.0,0.1356091129556549,9.356516681080878,TARGET CORP,47748001938.9
87612G10,202106454.0,35574310.824696206,30066856.0,0.17601768830547196,14.876742135112618,"Targa Resources, Inc.",15461142483.8
87807B10,722052811.0,138071788.73136222,113602304.0,0.19122117749273915,15.733240321115515,TC Energy Corporation,30985546958.962727
87874220,297644054.0,81599823.88393065,86311022.0,0.2741523735728,28.9980669326591,Teck Cominco Ltd Cl B,12920188816.6
87936010,38989211.0,6636463.04859058,4942284.0,0.17021280704014707,12.676029786804355,Teledyne Technologies,16927007526.369114
87971M10,646000363.0,116314970.64230435,87442262.0,0.18005403294534117,13.53594626385682,TELUS CORP             F,14025402011.404955
88077010,155521385.0,29366137.02020851,30908864.0,0.18882378793249888,19.87434975582297,Teradyne Inc,17420965489.90016
88160R10,1313114748.0,162238124.23115048,123213078.0,0.12355213013809703,9.383268155937275,TESLA INC,347913487131.7848
88250810,745423086.0,89229838.06975923,42916013.0,0.11970361496123456,5.757269100731876,TEXAS INSTRUMENTS,136316761445.91875
88339J10,318311678.0,47909592.8189009,29425256.0,0.15051157758309106,9.244164771108398,"The Trade Desk, Inc.",25852593529.62
88355610,330165286.0,49067250.67051195,37815580.0,0.14861420249526763,11.453529975286378,THERMO FISHER SCNTFC,175542584017.5
88579Y10,356776602.0,47171890.43300317,30661876.0,0.13221688353039243,8.594138692985254,3M CO,36084269669.25719
89116050,845445137.0,156805022.7417014,135762627.0,0.1854703704348132,16.058123828323588,TORONTO DOMINION BANK  F,59262751746.9
89235610,97100592.0,13277706.969867963,8697044.0,0.13674177156271058,8.956736329681698,Tractor Supply CO,21790246506.6
89364110,52830250.0,7794340.080403721,7439763.0,0.1475355517038765,14.082392190080494,Transdigm Group Inc,47386016801.87619
89400J10,177737803.0,34854007.18574751,36211135.0,0.19609788462248243,20.37334454955539,TransUnion,15313431629.774467
89417E10,183923501.0,29183803.99325042,29973333.0,0.15867359980957746,16.296630303921845,TRAVELERS COMPANIES,32307283634.314404
89832Q10,935713712.0,138769276.46908683,99012012.0,0.14830313448381616,10.581442884744218,TRUIST FINL CORP,28740885235.816925
90225210,38019552.0,5488353.045520168,3240735.0,0.14435606830717437,8.523864247532428,TYLER TECHNOLOGIES,15990307000.43674
90265310,297623747.0,39371252.76086498,27625896.0,0.13228532050187844,9.282154491523151,UDR Inc,12976663902.836243
90297330,1149263148.0,162501250.68244377,144247581.0,0.14139603359355588,12.551310050359328,US BANCORP DEL,38306256551.424644
90353T10,1500518373.0,293974395.8776584,339487682.0,0.1959152258095399,22.6246934465227,"Uber Technologies, Inc.",65287904894.20188
90384S30,45633753.0,9832381.452631757,9542455.0,0.21546291519419314,20.910958167302173,"Ulta Salon, Cosmetics, & Fragrance",21672497113.789005
90476770,245224963.0,40003427.61953307,25587811.0,0.16312950822846314,10.434423431842866,UNILEVER PLC           FSPONSORED ADR           1 ADR REPS    1  ORD SHS,12970183409.925772
90781810,466789993.0,64178765.10920138,41291277.0,0.13748959076164552,8.845793101652887,UNION PACIFIC CORP,96878169757.2
91004710,227589789.0,42076864.017145626,37734236.0,0.1848802804467894,16.57993364544136,United Continental Holdings,12668573639.49
91131210,494819979.0,60788503.60507026,45574537.0,0.12284973563096624,9.210326772193651,UNITED PARCEL SRVC      CLASS                  B,89482312698.0
91136310,58865981.0,8800863.856699783,7396325.0,0.14950678995224395,12.56468485592723,UNITED RENTALS INC,27114582532.998535
91324P10,781844946.0,115575593.27917261,106073621.0,0.14782418671434708,13.567091728696806,UNITEDHEALTH GROUP INC,382030589961.7561
91913Y10,268344901.0,44065654.716653876,44870849.0,0.16421275214263853,16.721334682636655,VALERO ENERGY CORP,31913571708.0
92206C77,307573307.0,43599070.94666234,34389927.0,0.14175180340556126,11.181050571465878,MFC Vanguard Mortgage-Backed Sec,14209821259.191084
92247510,123339109.0,18953488.08097967,11172982.0,0.15366973407420734,9.05875037576281,"Veeva Systems, Inc.",25419390492.46707
92276F10,375247996.0,54405831.29390063,50747580.0,0.14498633403468097,13.523744441262785,Ventas Inc,17788327186.317207
92343E10,92775863.0,13901398.19269678,11688745.0,0.14983852203775005,12.598907325712508,VeriSign Inc.,21121356969.364952
92343V10,2535661825.0,284386152.60074496,163382629.0,0.11215460586931578,6.443391914061726,VERIZON COMMUNICATIONS INCORPORATED,95366590334.21516
92345Y10,128076406.0,20292095.77465796,17067741.0,0.1584374234756241,13.326217945247464,Verisk Analytics Inc,29721341317.322155
92532F10,231853056.0,36149747.693653114,32047078.0,0.15591663235895892,13.82215035371369,VERTEX PHARMACEUTICALS INC.,82401040010.46573
92565210,983576757.0,137418450.01390806,95588824.0,0.13971299040559582,9.71849154829103,VICI Properties Inc,31114446103.4302
92826C83,1497747930.0,224095219.16635212,175125821.0,0.14962145143231953,11.692609783810552,VISA INC,360309519548.0141
92856340,199832833.0,33784614.72058131,35791390.0,0.16906438353191594,17.910665360981998,VMWARE INC              CLASS                  A,28854224643.259598
92916010,118889895.0,16086869.314588916,11907883.0,0.13530897066221578,10.015891594487488,VULCAN MATLS CO,26983514233.609524
92939U10,235448085.0,27084157.512026373,13385155.0,0.11503239668322796,5.684970850368139,WEC Energy Group Inc,21194135172.877697
92974010,161006918.0,24324202.415450647,19580332.0,0.15107551102525077,12.161174341589472,WABTEC,17790286881.05864
93114210,880601987.0,124312047.66383131,103003738.0,0.1411671214680456,11.69696861017871,WALMART INCORPORATED,140267595280.5308
93142710,495544848.0,57683664.54955978,34988459.0,0.1164045288380433,7.060603927416878,WALGREENS BOOTS ALLIANCE INCORPORATED,14296178026.949757
93442310,1406263277.0,207309638.29744384,156130315.0,0.14741879539064706,11.102495354431417,Warner Bros Discovery Inc Com Ser A,17817184265.87074
94106B10,199915359.0,36242125.53734162,27528462.0,0.18128734939941066,13.770058557631883,WASTE CONNECTIONS INC COM,31352751436.839485
94106L10,313113175.0,42188471.477425195,17305294.0,0.1347387297817321,5.526849516951818,WASTE MGMT INC DEL,55118217045.20781
94184810,55188579.0,6092906.971102145,2832989.0,0.11040159180583621,5.133288537833163,Waters Corp,14806843046.122244
94262220,34362146.0,4357516.345698119,3512017.0,0.1268115310870898,10.220598562150338,Watsco Incorporated,13292540530.526228
94974610,2631951505.0,368334867.2966872,361735449.0,0.13994743694819226,13.744001297622694,WELLS FARGO & CO,113264230623.17639
95040Q10,469739959.0,56008756.85926811,28365503.0,0.1192335371649064,6.038554407929346,WELLTOWER INC           REIT,38383110452.261696
95530610,64742470.0,8855854.440112578,5485208.0,0.13678586004075188,8.472348985140666,West Pharmaceutical,25705952412.788837
96216610,578699240.0,69249404.93730384,28006804.0,0.119663894732787,4.839613060490628,Weyerhaeuser CO.,19497007537.15313
96945710,1034946599.0,120974195.65911853,64482164.0,0.11688931175387005,6.230482235731276,Williams Company Inc.,34132415614.554142
98138H10,175928171.0,35639864.374549165,41256857.0,0.20258190699060452,23.450966815314644,"Workday, Inc.",40244439666.58577
98389B10,408465260.0,50904371.026894,26883283.0,0.12462350170708276,6.581534743003603,Xcel Energy Inc.,26541511687.735744
98419M10,199565090.0,30906303.9081402,21309426.0,0.15486828837719163,10.67793269854963,Xylem Inc,22945576913.080013
98849810,208628311.0,29940415.71879729,21699479.0,0.14351079954243262,10.401023186158085,Yum Brands Inc.,31146032656.850002
98850P10,306313825.0,47370296.5535517,25509314.0,0.1546462898093212,8.327836329293985,"Yum China Holdings, Inc",17452847457.5
98920710,43550589.0,5406962.55493668,2395464.0,0.12415360340905332,5.500416997804553,Zebra Technologies Corp Cl A,12958866823.285788
98956P10,181821270.0,25920388.31971268,16148136.0,0.14255971438167098,8.881323950712698,ZIMMER BIOMET HLDGS,26663876512.0
98978V10,407941753.0,50696236.91502031,31048131.0,0.1242732241605588,7.6109225818814386,ZOETIS INC              CLASS                  A,71105227882.47769
G0403H10,174399478.0,21884919.949606046,10349562.0,0.12548730191500942,5.934399643099849,AON PLC                FCLASS                  A,60458794365.2
G0450A10,320255341.0,45209053.64731245,23618971.0,0.14116565084019145,7.375043590607908,Arch Capital Group Ltd,24346039641.207764
G1151C10,461190591.0,56252814.16711623,37884336.0,0.12197303081388369,8.214464201850987,ACCENTURE PLC          FCLASS                  A,144061410486.12
G2918310,321354572.0,43666748.36263361,35414441.0,0.13588338915132536,11.020363201803146,Eaton Corporation PLC,65006444757.5
G3223R10,38670934.0,7658271.619801333,7036968.0,0.1980368930267196,18.19704690866789,Everest Reinsurance Group Ltd.,13418381354.305891
G3421J10,155658024.0,28201177.629012577,32003355.0,0.1811739408243585,20.56004192883754,Ferguson PLC New,24989883392.84
G4618810,191302176.0,73407293.36867462,93106144.0,0.3837242989262946,48.66967326079971,Horizon Therapeutics Public Limited Company,19963997206.45
G4705A10,77760341.0,16004252.729093602,11621694.0,0.2058151047600679,14.945528595354283,ICON Public Limited Company,19699330867.2
G5150210,597248564.0,90803996.41190453,59119039.0,0.15203719503945853,9.898565281439504,JOHNSON CONTROLS INTER F,41066554125.17544
G5495010,389270411.0,54001238.490226045,39028685.0,0.13872423118803665,10.026111386102757,LINDE PLC,150658414922.4361
G5960L10,1060431156.0,132028253.98341772,73014764.0,0.1245043143408149,6.885384646318332,MEDTRONIC PLC          F,94203217714.4
G6095L10,247165556.0,41292606.48955886,28997693.0,0.16706456659179025,11.73209304293192,Aptiv PLC,25744942922.972687
G6683N10,2501728678.0,414507626.6666289,332311137.0,0.1656884818532783,13.283260487930498,NU HLDGS LTD,19914847942.35083
G8473T10,90792625.0,12170898.913565215,5837406.0,0.13405162493721506,6.429383443864521,Steris PLC Ord,20562202141.547813
G8994E10,181104938.0,26455403.597829565,19945859.0,0.14607775961265929,11.013426370516743,TRANE TECHNOLOGIES PLC F,35224433380.29005
G9662910,95054999.0,12401736.293905996,7474796.0,0.13046905922229293,7.863653756916036,"Willis Towers Watson, PLC",22563315288.0
H0130112,216840813.0,39250517.187129095,25197897.0,0.1810107453670592,11.620458644932308,Alcon Inc,18631665197.860256
H1467J10,351215595.0,53943658.42793159,40460050.0,0.15359129604689561,11.520003831264953,CHUBB LIMITED,68267383659.87455
H4209710,1099588083.0,168275874.35107684,104982293.0,0.15303537474867018,9.547420040564408,UBS GROUP AG,22440173232.73458
H8498910,283940276.0,39046527.71227621,18510274.0,0.13751669281421777,6.519073046192291,TE CONNECTIVITY LTD    F,40209768339.65408
L8681T10,103341317.0,23192161.837575126,20514916.0,0.2244229366418383,19.851610755067114,Spotify Technology S.A.,17367138845.183456
N0098510,214533290.0,57656635.79658682,102195241.0,0.2687537947914136,47.636075967510685,Aercap Holdings N V,13875478157.736904
N0705921,74199098.0,14872325.04939637,12974329.0,0.2004380841583326,17.485831161990674,ASML Holding NV ADR,54173437610.5
N3167Y10,55054983.0,10361337.627158029,7886594.0,0.18819981521305762,14.324941304586362,FERRARI N V,18007180321.63262
N5374510,229359990.0,32044157.968893252,25513039.0,0.13971119360832399,11.123578702632486,LyondellBasell Industries NV,21196443431.5111
N6596X10,223991397.0,39350981.71440222,42852230.0,0.17568077275040264,19.131194578870367,NXP Semiconductors NV,47544423306.400925
N8240510,879086600.0,145905396.96226385,181857670.0,0.1659738607803416,20.687116604894218,STELLANTIS N.V,15457565717.621042
V7780T10,191555446.0,35667030.67736803,25665959.0,0.18619690237033526,13.398710157266946,ROYAL CARIBBEAN GROUP,20110606540.55694
