from,to,cusip8,factor
2022-06-30,2022-09-30,00651312,3.0
2022-06-30,2022-09-30,00663955,10.0
2022-06-30,2022-09-30,00791N11,2.0
2022-06-30,2022-09-30,00808Y30,2.0
2022-06-30,2022-09-30,00BH4DMW,6.0
2022-06-30,2022-09-30,02079K10,20.0
2022-06-30,2022-09-30,02079K30,20.0
2022-06-30,2022-09-30,03571083,0.3333333333333333
2022-06-30,2022-09-30,0557MQ11,2.0
2022-06-30,2022-09-30,22542D48,0.05
2022-06-30,2022-09-30,22653310,0.5
2022-06-30,2022-09-30,22948Q10,3.0
2022-06-30,2022-09-30,26923H20,2.0
2022-06-30,2022-09-30,28503910,0.5
2022-06-30,2022-09-30,30048L20,0.025
2022-06-30,2022-09-30,38259P50,25.0
2022-06-30,2022-09-30,38259P70,20.0
2022-06-30,2022-09-30,39818310,2.0
2022-06-30,2022-09-30,42309B20,2.0
2022-06-30,2022-09-30,50213W10,2.0
2022-06-30,2022-09-30,63110310,3.0
2022-06-30,2022-09-30,64049110,2.0
2022-06-30,2022-09-30,69743510,3.0
2022-06-30,2022-09-30,76162410,3.0
2022-06-30,2022-09-30,76721710,2.0
2022-06-30,2022-09-30,79522610,2.0
2022-06-30,2022-09-30,85021Q10,2.0
2022-06-30,2022-09-30,88708010,3.0
2022-06-30,2022-09-30,90354D10,2.0
2022-06-30,2022-09-30,91274U20,0.16666666666666666
2022-06-30,2022-09-30,95790D20,0.1
2022-06-30,2022-09-30,98880R10,0.3333333333333333
2022-06-30,2022-09-30,BNE2PVEP,2.0
2022-06-30,2022-09-30,G3327710,2.0
2022-06-30,2022-09-30,G5140010,3.0
2022-06-30,2022-09-30,G5141310,3.0
2022-06-30,2022-09-30,J8629810,3.0
2022-06-30,2022-09-30,Q1291U20,0.1
2022-06-30,2022-09-30,Y3005A10,3.0
2022-09-30,2022-12-31,00143W85,2.0
2022-09-30,2022-12-31,00503R10,2.0
2022-09-30,2022-12-31,007903BD,2.0
2022-09-30,2022-12-31,06367987,0.125
2022-09-30,2022-12-31,09073M10,4.0
2022-09-30,2022-12-31,09247F20,0.3333333333333333
2022-09-30,2022-12-31,11135B11,50.0
2022-09-30,2022-12-31,21720410,2.0
2022-09-30,2022-12-31,27008710,2.0
2022-09-30,2022-12-31,28059P10,3.0
2022-09-30,2022-12-31,29273B10,0.06666666666666667
2022-09-30,2022-12-31,33976410,3.0
2022-09-30,2022-12-31,36850R11,6.0
2022-09-30,2022-12-31,39818220,0.25
2022-09-30,2022-12-31,44148G10,0.04
2022-09-30,2022-12-31,50116V11,5.0
2022-09-30,2022-12-31,53634Q20,2.0
2022-09-30,2022-12-31,60743F50,2.0
2022-09-30,2022-12-31,63010410,0.06666666666666667
2022-09-30,2022-12-31,74347Y84,2.0
2022-09-30,2022-12-31,81589A20,8.0
2022-09-30,2022-12-31,81734C10,2.0
2022-09-30,2022-12-31,86633R20,6.0
2022-09-30,2022-12-31,88105P11,2.0
2022-09-30,2022-12-31,G1992N12,4.0
2022-09-30,2022-12-31,G9892K10,2.0
2022-12-31,2023-03-31,00625002,3.0
2022-12-31,2023-03-31,00633243,3.0
2022-12-31,2023-03-31,00664889,5.0
2022-12-31,2023-03-31,00682112,2.0
2022-12-31,2023-03-31,00B0JDQD,3.0
2022-12-31,2023-03-31,00B3LP18,30.0
2022-12-31,2023-03-31,00B60DQV,2.0
2022-12-31,2023-03-31,05608P10,2.0
2022-12-31,2023-03-31,06746P51,0.5
2022-12-31,2023-03-31,16937R10,0.5
2022-12-31,2023-03-31,19260Q95,0.5
2022-12-31,2023-03-31,25460E52,0.5
2022-12-31,2023-03-31,31188H10,3.0
2022-12-31,2023-03-31,38102H20,2.0
2022-12-31,2023-03-31,41151J20,2.0
2022-12-31,2023-03-31,46428510,0.5
2022-12-31,2023-03-31,48128BAH,0.5
2022-12-31,2023-03-31,48337910,0.5
2022-12-31,2023-03-31,58286E10,2.0
2022-12-31,2023-03-31,61174010,2.0
2022-12-31,2023-03-31,61174X10,2.0
2022-12-31,2023-03-31,62526P10,2.0
2022-12-31,2023-03-31,64960484,0.25
2022-12-31,2023-03-31,72201M84,0.3333333333333333
2022-12-31,2023-03-31,74347Y90,0.3333333333333333
2022-12-31,2023-03-31,78464A28,2.0
2022-12-31,2023-03-31,78468R79,3.0
2022-12-31,2023-03-31,78470E10,2.0
2022-12-31,2023-03-31,82616510,2.0
2022-12-31,2023-03-31,82889N87,2.0
2022-12-31,2023-03-31,82968B95,0.2
2022-12-31,2023-03-31,87873920,0.3333333333333333
2022-12-31,2023-03-31,89689F30,0.5
2022-12-31,2023-03-31,91822M10,0.05
2022-12-31,2023-03-31,92193277,2.0
2022-12-31,2023-03-31,92193279,2.0
2022-12-31,2023-03-31,92193282,2.0
2022-12-31,2023-03-31,92193284,2.0
2022-12-31,2023-03-31,92193286,2.0
2022-12-31,2023-03-31,92193288,2.0
2022-12-31,2023-03-31,98420Q20,2.0
2022-12-31,2023-03-31,B60DQV90,2.0
2022-12-31,2023-03-31,J1344010,5.0
2023-03-31,2023-06-30,00664137,25.0
2023-03-31,2023-06-30,00BHQPSY,2.0
2023-03-31,2023-06-30,03901430,2.0
2023-03-31,2023-06-30,09216A20,2.0
2023-03-31,2023-06-30,09229E20,0.25
2023-03-31,2023-06-30,09661T85,2.0
2023-03-31,2023-06-30,16941T20,0.5
2023-03-31,2023-06-30,25461D10,5.0
2023-03-31,2023-06-30,28059P20,2.0
2023-03-31,2023-06-30,29360240,3.0
2023-03-31,2023-06-30,29973410,0.05
2023-03-31,2023-06-30,34987520,2.0
2023-03-31,2023-06-30,46144X84,2.0
2023-03-31,2023-06-30,46604H10,0.3333333333333333
2023-03-31,2023-06-30,53620U10,3.0
2023-03-31,2023-06-30,60937P95,0.5
2023-03-31,2023-06-30,63010N10,0.25
2023-03-31,2023-06-30,66413700,25.0
2023-03-31,2023-06-30,69338D20,10.0
2023-03-31,2023-06-30,81663L20,0.03333333333333333
2023-03-31,2023-06-30,85809810,0.125
2023-03-31,2023-06-30,87790520,2.0
2023-03-31,2023-06-30,912796XY,0.5
2023-03-31,2023-06-30,92334N10,2.0
2023-03-31,2023-06-30,96209A10,3.0
2023-03-31,2023-06-30,G4236L12,0.3333333333333333
2023-03-31,2023-06-30,G5140010,0.5
2023-03-31,2023-06-30,G6792710,0.5
2023-03-31,2023-06-30,N5258610,0.3333333333333333
2023-03-31,2023-06-30,Y3005A10,2.0
