case_id,iso3,opening_year,log_gdp_pc,log_pop,receipts_pct_gdp,log_receipts_per_arrival,arrivals_per_capita,air_pax_per_capita,receipts_growth_pre,capex_pct_gdp,is_integrated_resort,capex_first_pct_gdp
ARE_2008_ep,ARE,2008,10.665676252404717,15.441662268812935,2.124794708014516,,,,0.4019072704309504,1.1731898194229435,1.0,0.5815843665347825
ARE_2016_ep,ARE,2016,10.822657958022718,15.904790898205396,4.435011648106852,7.1890651376572885,2.2707186172472325,9.385630966350165,0.23766141112710565,1.174681131844809,0.0,0.9267667463695016
BHS_2017_ep,BHS,2017,10.313905655561042,12.861584986764136,22.854346834365483,6.049636491433901,16.179098406635234,2.4482998087025227,0.06652594213831087,35.350857258288514,1.0,35.350857258288514
CAN_2004_ep,CAN,2004,10.141825053387114,17.260399656117453,1.5858685429032278,5.664681444042167,1.3936577650595412,1.06060673089489,0.001237807289824744,0.08575811480270078,1.0,0.08575811480270078
DEU_2002_ep,DEU,2002,10.121918773207094,18.224915162763804,1.2139567253310355,7.230387176162268,0.2187575925250901,0.6851608327072883,-0.0060142926916263665,,1.0,
FRA_2002_ep,FRA,2002,10.0458219469732,17.92519230020268,2.8668295199125082,,,0.8348217785856754,-0.08181895174387144,0.03867549767737432,0.0,0.03867549767737432
GRC_2010_ep,GRC,2010,10.303044891001898,16.22044925991633,4.970973377451568,,,0.8560069026181644,0.05452870176866931,0.23467925785734522,1.0,0.23467925785734522
HKG_2005_ep,HKG,2005,10.107260980243838,15.72546230758036,6.173921806661494,6.349888238350431,2.660004946513272,2.2971009038444454,0.08688208285940532,1.0644603549567955,0.0,1.0644603549567955
IDN_2011_ep,IDN,2011,7.79797446331866,19.309455573808112,1.2426673967363737,7.01054763993313,0.026797086972961404,0.15926231603677862,0.09240086338087963,0.03019490982661742,0.0,0.03019490982661742
IND_2013_ep,IND,2013,7.2490533151237075,20.955206699859577,1.0034812205783976,7.933108998043591,0.004930564029041143,0.055622361841772085,,0.01608634017721096,0.0,0.01608634017721096
ITA_2014_ep,ITA,2014,10.49951428547513,17.91279170047044,,,1.2680447865282265,0.5143598971401181,,0.015418728199423101,0.0,0.015418728199423101
JPN_2001_ep,JPN,2001,10.503047322774487,18.656736867431675,0.12558265877667743,7.174989019143941,0.03501131423133797,0.833978215168262,-0.0010997243273958902,0.08242136619636403,0.0,0.08242136619636403
JPN_2017_ep,JPN,2017,10.553216268420037,18.660990556715337,0.5577953525785573,7.271969745994945,0.14993083550819775,0.8974968799858868,0.19319068376886223,0.006163952467046401,0.0,0.006163952467046401
KOR_2017_ep,KOR,2017,10.327306174182972,17.747194437267456,1.3264501965099413,7.239506491149521,0.2919588363890782,1.3149454468811272,0.01823385241120725,0.0709242080829596,1.0,0.0709242080829596
MAC_2004_ep,MAC,2004,9.74294784134912,12.991378306953578,59.33921745279864,5.978139579605898,25.597057240666715,3.5352983923254375,0.1720661683678692,29.217299440010837,1.0,3.2134924713138906
MAR_2009_ep,MAR,2009,7.940359902561936,17.25548855751911,9.124259073567492,6.965378137645319,0.2422984825032238,0.14589995024270472,0.1768771217726915,0.37810745296497633,1.0,0.37810745296497633
MYS_2012_ep,MYS,2012,9.068732472953771,17.170468499576224,7.791365829052619,6.678196343650268,0.8486293165371918,1.1168098741368748,0.04018886487050146,0.07820060247901514,0.0,0.07820060247901514
NLD_2001_ep,NLD,2001,10.221002034087078,16.576449526028966,2.7336627450583357,7.107638839060461,0.6151397974155417,1.2499143361750702,0.0020724257375899667,,0.0,
PHL_2009_ep,PHL,2009,7.429623429405385,18.32730492314089,2.8424526707148488,7.235122518075461,0.033191465826425876,0.097391754469688,0.12980624397046867,0.4581542156219096,1.0,
POL_2014_ep,POL,2014,9.512052116684552,17.45455714513578,2.2950536691323613,5.176582476313517,1.7557527471722851,0.12578927379179186,0.05970258763577263,0.004245630272419537,0.0,0.004245630272419537
RUS_2014_ep,RUS,2014,9.629102799958739,18.781151267526795,0.8398556333891282,6.487103990420466,0.1949905592204699,0.40287846081704926,0.12810725065386705,0.011385099524975456,0.0,0.011385099524975456
SGP_2010_ep,SGP,2010,10.58288093570856,15.384615253622814,5.081463814450806,6.865601884001616,2.0910645373301406,4.183123680386067,0.11344112329688265,5.72571043067417,1.0,5.445781378532526
TUR_2013_ep,TUR,2013,9.330279785483981,18.12194958709564,3.506017269855583,6.70856120706015,0.48273569123805027,0.7292765539038312,0.0494418112343741,0.12700486736768207,0.0,0.0695787620717296
USA_2001_ep,USA,2001,10.44979248728395,19.446747128516574,1.149172481296439,7.2803473214126555,0.27344058666178345,2.254507735954097,0.03127361230964283,0.005853114910693172,0.0,0.005853114910693172
USA_2011_ep,USA,2011,10.781686781947506,19.541512085171675,1.0105897290661534,6.799564379063598,0.5418427745515588,2.2837935769941615,0.05979032929096739,,0.0,
VNM_2013_ep,VNM,2013,7.564637741339706,18.298218856459126,3.2778693145717184,6.848400880791189,0.0674093791558609,0.18035490795701428,0.1738295885834525,0.2556359271517535,1.0,0.2556359271517535
ZAF_2000_ep,ZAF,2000,8.134932164243287,17.648598045355353,2.169532427365586,6.398367274043625,0.12325342596961286,0.15263387164477224,0.05856095869862443,0.15245818319877255,1.0,0.15245818319877255
