outcome,sample,feature,permutation,permutation_normalised,coefficient_path,selection_frequency,boot_median,boot_p10,boot_p90,cluster,cluster_importance,n_resamples_informative,n_resamples
att_pp,primary,log_gdp_pc,0.21371840332482134,0.5887835775821334,0.22519365862646043,0.9444444444444444,0.2903636087047277,0.0,0.7317256343426111,0,0.21371840332482134,100,100
att_pp,primary,log_pop,0.11098194100258006,0.3057497307388841,0.4275542565768392,0.7444444444444445,0.09297635521508749,0.0,0.4898471657163819,1,0.11098194100258006,100,100
att_pp,primary,receipts_pct_gdp,-0.07065914391989224,0.0,0.3688582203104491,0.7611111111111111,0.0,0.0,0.3844384344754409,2,-0.07065914391989224,100,100
att_pp,primary,log_receipts_per_arrival,0.0026610961852950765,0.007331187711929875,0.3030091028113212,0.7333333333333333,0.0,0.0,0.12450460750550914,3,0.0026610961852950765,100,100
att_pp,primary,arrivals_per_capita,0.0018577627232117253,0.005118043956228124,0.26451617364945845,0.7,0.0,0.0,0.172883733155246,4,0.0018577627232117253,100,100
att_pp,primary,air_pax_per_capita,0.025437547094658577,0.07007917778865243,0.22701274156682066,0.8722222222222222,0.07084687897093975,0.0,0.5154165175423873,5,0.025437547094658577,100,100
att_pp,primary,receipts_growth_pre,-0.02051681961578389,0.0,0.10096685268778816,0.6388888888888888,0.0,0.0,0.11269128137375543,6,-0.02051681961578389,100,100
att_pp,primary,capex_pct_gdp,0.008326205482273119,0.022938282222172025,0.16766930412775416,0.6222222222222222,0.0,0.0,0.263994098888083,7,0.008326205482273119,100,100
att_pp,primary,is_integrated_resort,-0.003003763920671934,0.0,0.11355395769164106,0.6222222222222222,0.0,0.0,0.0647057602365782,8,-0.003003763920671934,100,100
att_rel_pct,primary,log_gdp_pc,313.86551471558454,0.5720826660996167,20.324137409130987,0.9611111111111111,0.3115534021525733,0.0,0.7654249857039598,0,313.86551471558454,100,100
att_rel_pct,primary,log_pop,-3.158479637802604,0.0,7.221921503725386,0.5444444444444444,0.015096792144209604,0.0,0.3352356140355796,1,-3.158479637802604,100,100
att_rel_pct,primary,receipts_pct_gdp,8.863271747631671,0.01615508520056844,3.1291999283457863,0.5611111111111111,0.0,0.0,0.10401828570038954,2,8.863271747631671,100,100
att_rel_pct,primary,log_receipts_per_arrival,50.9696609899957,0.09290239985674517,13.129415466888062,0.8444444444444444,0.0,0.0,0.29652455412056855,3,50.9696609899957,100,100
att_rel_pct,primary,arrivals_per_capita,3.2308445794878913,0.005888860337083577,5.671047701660594,0.4666666666666667,0.0,0.0,0.1637369094850109,4,3.2308445794878913,100,100
att_rel_pct,primary,air_pax_per_capita,134.3903100505759,0.2449532148868156,9.345554266165358,0.7055555555555556,0.04262571788067138,0.0,0.37875929696756844,5,134.3903100505759,100,100
att_rel_pct,primary,receipts_growth_pre,36.617140712919465,0.06674206149399452,15.738859435709843,0.85,0.0,0.0,0.24769397810833024,6,36.617140712919465,100,100
att_rel_pct,primary,capex_pct_gdp,-49.52080628766764,0.0,9.078783706990253,0.6055555555555555,0.004218566529421155,0.0,0.4798701213615693,7,-49.52080628766764,100,100
att_rel_pct,primary,is_integrated_resort,0.6999024206189168,0.0012757121251758975,4.694547165565639,0.7444444444444445,0.0,0.0,0.07572374865721562,8,0.6999024206189168,100,100
att_pp,parks_only,log_gdp_pc,0.3451402703088069,0.8666961276070734,0.2968437718021062,0.9333333333333333,0.31174057720801784,0.0,0.9545078762113036,0,0.3451402703088069,73,100
att_pp,parks_only,log_pop,-0.05326279675824874,0.0,0.05693923087811996,0.45555555555555555,0.0,0.0,0.15090122089078617,1,-0.15520424698418364,73,100
att_pp,parks_only,receipts_pct_gdp,-0.04932745661297257,0.0,0.042922625519286946,0.3888888888888889,0.0,0.0,0.044166352207042146,2,-0.04932745661297257,73,100
att_pp,parks_only,log_receipts_per_arrival,-0.08349654285420717,0.0,0.08338810500106103,0.6888888888888889,0.0,0.0,0.35826210587778545,3,-0.08349654285420717,73,100
att_pp,parks_only,arrivals_per_capita,-0.11338095673227253,0.0,0.04775063817950542,0.4166666666666667,0.0,0.0,0.07812491915633628,1,-0.15520424698418364,73,100
att_pp,parks_only,air_pax_per_capita,0.01283257622135825,0.03222441736028856,0.08528560662489934,0.5222222222222223,0.0598166556223518,0.0,0.5752900884090105,4,0.01283257622135825,73,100
att_pp,parks_only,receipts_growth_pre,0.04025238987619873,0.1010794550326381,0.08470345493523486,0.7055555555555556,1.719690429642355e-16,0.0,0.2425119510496316,5,0.04025238987619873,73,100
att_pp,parks_only,capex_pct_gdp,-0.005844766811992438,0.0,0.3982274727984002,0.8333333333333334,0.0013828967092022638,0.0,0.4315022149568879,6,-0.005844766811992438,73,100
att_pp,parks_only,is_integrated_resort,2.4474592413304392e-17,6.145916977579393e-17,0.04937051839247784,0.42777777777777776,0.0,0.0,1.6927590106162523e-15,7,2.4474592413304392e-17,73,100
att_pp,first_episode,log_gdp_pc,0.21371840332482134,0.5887835775821334,0.22519365862646043,0.9444444444444444,0.2903636087047277,0.0,0.7317256343426111,0,0.21371840332482134,100,100
att_pp,first_episode,log_pop,0.11098194100258006,0.3057497307388841,0.4275542565768392,0.7444444444444445,0.09297635521508749,0.0,0.4898471657163819,1,0.11098194100258006,100,100
att_pp,first_episode,receipts_pct_gdp,-0.07065914391989224,0.0,0.3688582203104491,0.7611111111111111,0.0,0.0,0.3844384344754409,2,-0.07065914391989224,100,100
att_pp,first_episode,log_receipts_per_arrival,0.0026610961852950765,0.007331187711929875,0.3030091028113212,0.7333333333333333,0.0,0.0,0.12450460750550914,3,0.0026610961852950765,100,100
att_pp,first_episode,arrivals_per_capita,0.0018577627232117253,0.005118043956228124,0.26451617364945845,0.7,0.0,0.0,0.172883733155246,4,0.0018577627232117253,100,100
att_pp,first_episode,air_pax_per_capita,0.025437547094658577,0.07007917778865243,0.22701274156682066,0.8722222222222222,0.07084687897093975,0.0,0.5154165175423873,5,0.025437547094658577,100,100
att_pp,first_episode,receipts_growth_pre,-0.02051681961578389,0.0,0.10096685268778816,0.6388888888888888,0.0,0.0,0.11269128137375543,6,-0.02051681961578389,100,100
att_pp,first_episode,capex_pct_gdp,0.008326205482273119,0.022938282222172025,0.16766930412775416,0.6222222222222222,0.0,0.0,0.263994098888083,7,0.008326205482273119,100,100
att_pp,first_episode,is_integrated_resort,-0.003003763920671934,0.0,0.11355395769164106,0.6222222222222222,0.0,0.0,0.0647057602365782,8,-0.003003763920671934,100,100
att_pp,all_feasible,log_gdp_pc,0.1314150891647408,0.013078740096478659,0.21824373697543636,0.5944444444444444,0.0017076580953687215,0.0,0.1087092386848198,0,0.1314150891647408,100,100
att_pp,all_feasible,log_pop,1.3267594181976359,0.1320422313103587,0.3294322216929142,0.5444444444444444,0.10475258729537237,0.0,0.509938833197255,1,1.3267594181976359,100,100
att_pp,all_feasible,receipts_pct_gdp,-5.9130460909677005,0.0,1.9592568714063008,0.8611111111111112,0.0,0.0,0.3823622687644741,2,12.044596380500272,100,100
att_pp,all_feasible,log_receipts_per_arrival,0.05755498192090995,0.005728007754554522,0.18073064341153586,0.43333333333333335,0.0,0.0,0.12739204421094097,3,0.05755498192090995,100,100
att_pp,all_feasible,arrivals_per_capita,7.063364253801976,0.7029626952992234,3.401237634513202,0.9333333333333333,0.12935968063003042,0.0,0.7002245510925741,2,12.044596380500272,100,100
att_pp,all_feasible,air_pax_per_capita,1.3323387788085133,0.13259750245766752,0.4046450445915795,0.7444444444444445,0.13503662517782355,0.0,0.5497368266637407,4,1.3323387788085133,100,100
att_pp,all_feasible,receipts_growth_pre,0.13656049542470527,0.0135908230817172,0.13424160782218914,0.5388888888888889,0.0,0.0,0.09172701309425316,5,0.13656049542470527,100,100
att_pp,all_feasible,capex_pct_gdp,-4.297485853167421,0.0,1.2962599751296886,0.6277777777777778,0.057884568376379744,0.0,0.5099391500301893,2,12.044596380500272,100,100
att_pp,all_feasible,is_integrated_resort,-0.1353242954507924,0.0,0.13666015102896895,0.4,0.0,0.0,0.027032895969443856,6,-0.1353242954507924,100,100
att_pp,primary_first_cost,log_gdp_pc,0.2292437072659011,0.6518867655690702,0.23292971288915681,0.9388888888888889,0.2847133059871553,0.0,0.6884484756612506,0,0.2292437072659011,100,100
att_pp,primary_first_cost,log_pop,0.08759791720384814,0.24909701381843652,0.41550755568972364,0.7166666666666667,0.04802094046220316,0.0,0.3827377377097947,1,0.08759791720384814,100,100
att_pp,primary_first_cost,receipts_pct_gdp,-0.07633854987274566,0.0,0.3668237361935627,0.7722222222222223,0.0,0.0,0.30927425920934676,2,-0.07633854987274566,100,100
att_pp,primary_first_cost,log_receipts_per_arrival,-0.0009143248444261273,0.0,0.29628425333184316,0.7333333333333333,0.0,0.0,0.08122547741164453,3,-0.0009143248444261273,100,100
att_pp,primary_first_cost,arrivals_per_capita,0.005653408876948294,0.016076264300500936,0.2724358513760652,0.6944444444444444,0.0,0.0,0.17715989642539176,4,0.005653408876948294,100,100
att_pp,primary_first_cost,air_pax_per_capita,0.029070434414590986,0.08266587419228288,0.21323270772945196,0.8777777777777778,0.0613687559674954,0.0,0.4609878063750472,5,0.017446125874452198,100,100
att_pp,primary_first_cost,receipts_growth_pre,-0.01672491229425508,0.0,0.11460144334985234,0.6333333333333333,0.0,0.0,0.14243241151241884,6,-0.01672491229425508,100,100
att_pp,primary_first_cost,capex_first_pct_gdp,-0.015344720884226387,0.0,0.1703769559395781,0.6277777777777778,0.01255917724953955,0.0,0.506006300751144,5,0.017446125874452198,100,100
att_pp,primary_first_cost,is_integrated_resort,9.638422581358509e-05,0.0002740821197094764,0.11717634976978722,0.6222222222222222,0.0,0.0,0.04171798822021151,7,9.638422581358509e-05,100,100
