held_out_group,feature,weight,fitted
ARE,log_gdp_pc,0.6910685949020066,True
ARE,log_pop,0.0,True
ARE,receipts_pct_gdp,0.0,True
ARE,log_receipts_per_arrival,0.0010289053165181284,True
ARE,arrivals_per_capita,0.0,True
ARE,air_pax_per_capita,0.1697749002924726,True
ARE,receipts_growth_pre,0.012331708719903349,True
ARE,capex_pct_gdp,0.12579589076909936,True
ARE,is_integrated_resort,0.0,True
CAN,log_gdp_pc,0.17452233362079456,True
CAN,log_pop,0.14893583280272585,True
CAN,receipts_pct_gdp,0.0,True
CAN,log_receipts_per_arrival,0.017204969816825417,True
CAN,arrivals_per_capita,0.12256226546907509,True
CAN,air_pax_per_capita,0.20718029956196002,True
CAN,receipts_growth_pre,0.0,True
CAN,capex_pct_gdp,0.329594298728619,True
CAN,is_integrated_resort,0.0,True
DEU,log_gdp_pc,0.7135949432183577,True
DEU,log_pop,0.1667052958782482,True
DEU,receipts_pct_gdp,0.0,True
DEU,log_receipts_per_arrival,0.0,True
DEU,arrivals_per_capita,0.0,True
DEU,air_pax_per_capita,0.11969976090339406,True
DEU,receipts_growth_pre,0.0,True
DEU,capex_pct_gdp,0.0,True
DEU,is_integrated_resort,0.0,True
GRC,log_gdp_pc,0.15426090933522638,True
GRC,log_pop,0.05389755134195895,True
GRC,receipts_pct_gdp,0.0,True
GRC,log_receipts_per_arrival,0.07161064305306032,True
GRC,arrivals_per_capita,0.5369808150862062,True
GRC,air_pax_per_capita,0.1772262682899642,True
GRC,receipts_growth_pre,0.0,True
GRC,capex_pct_gdp,0.006023812893583965,True
GRC,is_integrated_resort,0.0,True
HKG,log_gdp_pc,0.4903675711454441,True
HKG,log_pop,0.13520102580624102,True
HKG,receipts_pct_gdp,0.0,True
HKG,log_receipts_per_arrival,0.24121073999706866,True
HKG,arrivals_per_capita,0.1332206630512462,True
HKG,air_pax_per_capita,0.0,True
HKG,receipts_growth_pre,0.0,True
HKG,capex_pct_gdp,0.0,True
HKG,is_integrated_resort,0.0,True
IDN,log_gdp_pc,0.059740067450613374,True
IDN,log_pop,0.334435350165599,True
IDN,receipts_pct_gdp,0.119622711745193,True
IDN,log_receipts_per_arrival,0.07399257566099199,True
IDN,arrivals_per_capita,0.0,True
IDN,air_pax_per_capita,0.34635729809033544,True
IDN,receipts_growth_pre,0.06585199688726727,True
IDN,capex_pct_gdp,0.0,True
IDN,is_integrated_resort,0.0,True
IND,log_gdp_pc,0.29684659157689686,True
IND,log_pop,0.0,True
IND,receipts_pct_gdp,0.0,True
IND,log_receipts_per_arrival,0.0,True
IND,arrivals_per_capita,0.052735911377702095,True
IND,air_pax_per_capita,0.17069823917794005,True
IND,receipts_growth_pre,0.005466374818646607,True
IND,capex_pct_gdp,0.47425288304881447,True
IND,is_integrated_resort,0.0,True
ITA,log_gdp_pc,0.20491046964526868,True
ITA,log_pop,0.2043018062460789,True
ITA,receipts_pct_gdp,0.0,True
ITA,log_receipts_per_arrival,0.008530342006218257,True
ITA,arrivals_per_capita,0.14707749964868866,True
ITA,air_pax_per_capita,0.26030294095128853,True
ITA,receipts_growth_pre,0.0151975335521529,True
ITA,capex_pct_gdp,0.15967940795030416,True
ITA,is_integrated_resort,0.0,True
JPN,log_gdp_pc,0.7906229794683763,True
JPN,log_pop,0.16037255633427225,True
JPN,receipts_pct_gdp,0.0,True
JPN,log_receipts_per_arrival,0.0,True
JPN,arrivals_per_capita,0.0,True
JPN,air_pax_per_capita,0.0,True
JPN,receipts_growth_pre,0.0016965095178654984,True
JPN,capex_pct_gdp,0.047307954679485884,True
JPN,is_integrated_resort,0.0,True
KOR,log_gdp_pc,0.25116185293823357,True
KOR,log_pop,0.2867586647533131,True
KOR,receipts_pct_gdp,0.0,True
KOR,log_receipts_per_arrival,0.044988373753020186,True
KOR,arrivals_per_capita,0.22453865257700154,True
KOR,air_pax_per_capita,0.1925524559784317,True
KOR,receipts_growth_pre,0.0,True
KOR,capex_pct_gdp,0.0,True
KOR,is_integrated_resort,0.0,True
MAR,log_gdp_pc,0.27158513800445505,True
MAR,log_pop,0.4082100970344055,True
MAR,receipts_pct_gdp,0.005131330928089125,True
MAR,log_receipts_per_arrival,0.07745925103654637,True
MAR,arrivals_per_capita,0.0,True
MAR,air_pax_per_capita,0.15236328482948036,True
MAR,receipts_growth_pre,0.06867591845802284,True
MAR,capex_pct_gdp,0.016574979709000737,True
MAR,is_integrated_resort,0.0,True
MYS,log_gdp_pc,0.08362189309161887,True
MYS,log_pop,0.2619428462412773,True
MYS,receipts_pct_gdp,0.0,True
MYS,log_receipts_per_arrival,0.0,True
MYS,arrivals_per_capita,0.04500885952774483,True
MYS,air_pax_per_capita,0.44301719212583923,True
MYS,receipts_growth_pre,0.0,True
MYS,capex_pct_gdp,0.16640920901351977,True
MYS,is_integrated_resort,0.0,True
PHL,log_gdp_pc,0.10990313187110788,True
PHL,log_pop,0.017343455728413885,True
PHL,receipts_pct_gdp,0.0,True
PHL,log_receipts_per_arrival,0.0,True
PHL,arrivals_per_capita,0.0,True
PHL,air_pax_per_capita,0.15632725116277857,True
PHL,receipts_growth_pre,0.0,True
PHL,capex_pct_gdp,0.7164261612376998,True
PHL,is_integrated_resort,0.0,True
POL,log_gdp_pc,0.07681811919102685,True
POL,log_pop,0.4079996568739092,True
POL,receipts_pct_gdp,0.0,True
POL,log_receipts_per_arrival,0.03867752956551417,True
POL,arrivals_per_capita,0.0,True
POL,air_pax_per_capita,0.04416209270773308,True
POL,receipts_growth_pre,0.007869202373325588,True
POL,capex_pct_gdp,0.4238704200579305,True
POL,is_integrated_resort,0.0006029792305606354,True
RUS,log_gdp_pc,0.1393025903792057,True
RUS,log_pop,0.3874328208153291,True
RUS,receipts_pct_gdp,0.0,True
RUS,log_receipts_per_arrival,0.03484824488102006,True
RUS,arrivals_per_capita,0.0,True
RUS,air_pax_per_capita,0.061843066903576736,True
RUS,receipts_growth_pre,0.005237763291288157,True
RUS,capex_pct_gdp,0.3624970983087473,True
RUS,is_integrated_resort,0.008838415420832852,True
SGP,log_gdp_pc,0.9168597240241411,True
SGP,log_pop,0.03852416148294716,True
SGP,receipts_pct_gdp,0.0,True
SGP,log_receipts_per_arrival,0.021170997422775128,True
SGP,arrivals_per_capita,0.010243588843667788,True
SGP,air_pax_per_capita,0.0,True
SGP,receipts_growth_pre,0.013201528226468943,True
SGP,capex_pct_gdp,0.0,True
SGP,is_integrated_resort,0.0,True
TUR,log_gdp_pc,0.21963671275028981,True
TUR,log_pop,0.6094462570691583,True
TUR,receipts_pct_gdp,0.0,True
TUR,log_receipts_per_arrival,0.0,True
TUR,arrivals_per_capita,0.004162056485968353,True
TUR,air_pax_per_capita,0.0,True
TUR,receipts_growth_pre,0.0361734287544214,True
TUR,capex_pct_gdp,0.13058154494016225,True
TUR,is_integrated_resort,0.0,True
USA,log_gdp_pc,0.8415592459567057,True
USA,log_pop,0.0702341969290124,True
USA,receipts_pct_gdp,0.0,True
USA,log_receipts_per_arrival,0.006134280817388088,True
USA,arrivals_per_capita,0.0022369282041944352,True
USA,air_pax_per_capita,0.07983534809269942,True
USA,receipts_growth_pre,0.0,True
USA,capex_pct_gdp,0.0,True
USA,is_integrated_resort,0.0,True
VNM,log_gdp_pc,0.22618453830283639,True
VNM,log_pop,0.3343506871194444,True
VNM,receipts_pct_gdp,0.0,True
VNM,log_receipts_per_arrival,0.017098526242373274,True
VNM,arrivals_per_capita,0.008624992980652647,True
VNM,air_pax_per_capita,0.015892350839079132,True
VNM,receipts_growth_pre,0.0,True
VNM,capex_pct_gdp,0.3978489045156142,True
VNM,is_integrated_resort,0.0,True
