case,method,tau,se,prediction,error,group,n_sources_used
ARE_2008_ep,ot_weighted,0.6552026142602986,0.805082133026253,1.6418460908047334,0.9866434765444348,ARE,18
CAN_2004_ep,ot_weighted,-0.13395092779796397,0.905631091655565,-0.2785881175135599,-0.14463718971559592,CAN,18
DEU_2002_ep,ot_weighted,0.1824226752915487,1.7041662395652646,0.03482871805449995,-0.14759395723704877,DEU,18
GRC_2010_ep,ot_weighted,1.6636243182049086,0.7379851309657842,-0.11392290714189325,-1.7775472253468019,GRC,18
HKG_2005_ep,ot_weighted,2.1402028564886244,0.8739108364522573,0.9158282423189318,-1.2243746141696925,HKG,18
IDN_2011_ep,ot_weighted,-1.3404509472822963,0.8251256289926383,-0.4161389732958614,0.9243119739864349,IDN,18
IND_2013_ep,ot_weighted,-0.006901161469006878,0.6953421391537238,-1.1150440668914419,-1.108142905422435,IND,18
ITA_2014_ep,ot_weighted,-0.0675547722137555,1.6853026519249095,-0.26754273467690576,-0.19998796246315026,ITA,18
JPN_2017_ep,ot_weighted,0.5210037346043922,0.5728347256661219,-0.011787090795939011,-0.5327908254003312,JPN,18
KOR_2017_ep,ot_weighted,-0.13096246888811636,0.5728347256661219,0.2293576947147573,0.36032016360287367,KOR,18
MAR_2009_ep,ot_weighted,-2.669528356133184,0.6044826097670135,-0.6240106073202836,2.0455177488129004,MAR,18
MYS_2012_ep,ot_weighted,-0.8388310191952432,0.659789633652385,0.008939829440718165,0.8477708486359613,MYS,18
PHL_2009_ep,ot_weighted,-0.8947939471734419,0.6044826097670135,-2.6023653134036544,-1.7075713662302126,PHL,18
POL_2014_ep,ot_weighted,-1.0168460448889522,0.8869052749512962,-0.2029643045570281,0.8138817403319242,POL,18
RUS_2014_ep,ot_weighted,-0.20551864729534586,0.7359273227665242,-0.2506165644358253,-0.04509791714047945,RUS,18
SGP_2010_ep,ot_weighted,1.3964274976269515,0.7469111860280451,0.6889168526072491,-0.7075106450197024,SGP,18
TUR_2013_ep,ot_weighted,-0.4394495323550527,0.4741686869092132,-0.2716267000486703,0.1678228323063824,TUR,18
USA_2011_ep,ot_weighted,0.2748450659075554,0.7685961137859425,0.6299189253974139,0.3550738594898585,USA,18
VNM_2013_ep,ot_weighted,-0.42562611889180657,0.7141506136787225,-1.4540236684398218,-1.028397549548015,VNM,18
ARE_2008_ep,ot_uniform,0.6552026142602986,0.805082133026253,-1.332645852835098,-1.9878484670953966,ARE,18
CAN_2004_ep,ot_uniform,-0.13395092779796397,0.905631091655565,-0.16566024712843874,-0.03170931933047477,CAN,18
DEU_2002_ep,ot_uniform,0.1824226752915487,1.7041662395652646,-0.16076978723925126,-0.34319246253079994,DEU,18
GRC_2010_ep,ot_uniform,1.6636243182049086,0.7379851309657842,-0.40885787868867,-2.0724821968935787,GRC,18
HKG_2005_ep,ot_uniform,2.1402028564886244,0.8739108364522573,1.391854439845706,-0.7483484166429184,HKG,18
IDN_2011_ep,ot_uniform,-1.3404509472822963,0.8251256289926383,-0.1225534924232916,1.2178974548590047,IDN,18
IND_2013_ep,ot_uniform,-0.006901161469006878,0.6953421391537238,-0.9297323095192742,-0.9228311480502673,IND,18
ITA_2014_ep,ot_uniform,-0.0675547722137555,1.6853026519249095,-0.29475832679673775,-0.22720355458298225,ITA,18
JPN_2017_ep,ot_uniform,0.5210037346043922,0.5728347256661219,-0.2556705103209569,-0.7766742449253491,JPN,18
KOR_2017_ep,ot_uniform,-0.13096246888811636,0.5728347256661219,0.11028252345831809,0.24124499234643443,KOR,18
MAR_2009_ep,ot_uniform,-2.669528356133184,0.6044826097670135,-0.47319942861750913,2.1963289275156748,MAR,18
MYS_2012_ep,ot_uniform,-0.8388310191952432,0.659789633652385,0.00576802499493682,0.84459904419018,MYS,18
PHL_2009_ep,ot_uniform,-0.8947939471734419,0.6044826097670135,-1.1034603564358567,-0.20866640926241486,PHL,18
POL_2014_ep,ot_uniform,-1.0168460448889522,0.8869052749512962,-0.1462096742104816,0.8706363706784707,POL,18
RUS_2014_ep,ot_uniform,-0.20551864729534586,0.7359273227665242,-0.33509988434652954,-0.12958123705118368,RUS,18
SGP_2010_ep,ot_uniform,1.3964274976269515,0.7469111860280451,2.139302272337973,0.7428747747110214,SGP,18
TUR_2013_ep,ot_uniform,-0.4394495323550527,0.4741686869092132,-0.09404193640548199,0.3454075959495707,TUR,18
USA_2011_ep,ot_uniform,0.2748450659075554,0.7685961137859425,-0.003884117539067328,-0.27872918344662273,USA,18
VNM_2013_ep,ot_uniform,-0.42562611889180657,0.7141506136787225,-0.8187845375459936,-0.393158418654187,VNM,18
ARE_2008_ep,equal,0.6552026142602986,0.805082133026253,-0.11066043308112133,-0.7658630473414199,ARE,18
CAN_2004_ep,equal,-0.13395092779796397,0.905631091655565,-0.06681856963344009,0.06713235816452388,CAN,18
DEU_2002_ep,equal,0.1824226752915487,1.7041662395652646,-0.0843948809161908,-0.2668175562077395,DEU,18
GRC_2010_ep,equal,1.6636243182049086,0.7379851309657842,-0.16668386107804414,-1.8303081792829528,GRC,18
HKG_2005_ep,equal,2.1402028564886244,0.8739108364522573,-0.19316044653825054,-2.333363303026875,HKG,18
IDN_2011_ep,equal,-1.3404509472822963,0.8251256289926383,0.00020920922680057249,1.340660156509097,IDN,18
IND_2013_ep,equal,-0.006901161469006878,0.6953421391537238,-0.07387688998504882,-0.06697572851604194,IND,18
ITA_2014_ep,equal,-0.0675547722137555,1.6853026519249095,-0.07050724494367389,-0.0029524727299183873,ITA,18
JPN_2017_ep,equal,0.5210037346043922,0.5728347256661219,-0.10320493976690431,-0.6242086743712965,JPN,18
KOR_2017_ep,equal,-0.13096246888811636,0.5728347256661219,-0.06698459512843163,0.06397787375968472,KOR,18
MAR_2009_ep,equal,-2.669528356133184,0.6044826097670135,0.07404684305184989,2.7435751991850337,MAR,18
MYS_2012_ep,equal,-0.8388310191952432,0.659789633652385,-0.027658564555813486,0.8111724546394297,MYS,18
PHL_2009_ep,equal,-0.8947939471734419,0.6044826097670135,-0.024549513001469108,0.8702444341719727,PHL,18
POL_2014_ep,equal,-1.0168460448889522,0.8869052749512962,-0.017768840906162972,0.9990772039827893,POL,18
RUS_2014_ep,equal,-0.20551864729534586,0.7359273227665242,-0.06284258521691889,0.14267606207842698,RUS,18
SGP_2010_ep,equal,1.3964274976269515,0.7469111860280451,-0.15183959326815763,-1.548267090895109,SGP,18
TUR_2013_ep,equal,-0.4394495323550527,0.4741686869092132,-0.04984642493582406,0.38960310741922866,TUR,18
USA_2011_ep,equal,0.2748450659075554,0.7685961137859425,-0.08952945817263563,-0.36437452408019105,USA,18
VNM_2013_ep,equal,-0.42562611889180657,0.7141506136787225,-0.050614392350448845,0.3750117265413577,VNM,18
ARE_2008_ep,nn1,0.6552026142602986,0.805082133026253,2.1402028564886244,1.4850002422283257,ARE,18
CAN_2004_ep,nn1,-0.13395092779796397,0.905631091655565,-0.5817389368680806,-0.4477880090701167,CAN,18
DEU_2002_ep,nn1,0.1824226752915487,1.7041662395652646,-0.0675547722137555,-0.2499774475053042,DEU,18
GRC_2010_ep,nn1,1.6636243182049086,0.7379851309657842,-0.4394495323550527,-2.1030738505599613,GRC,18
HKG_2005_ep,nn1,2.1402028564886244,0.8739108364522573,1.3964274976269515,-0.7437753588616729,HKG,18
IDN_2011_ep,nn1,-1.3404509472822963,0.8251256289926383,-0.6650355138807432,0.6754154334015531,IDN,18
IND_2013_ep,nn1,-0.006901161469006878,0.6953421391537238,-1.3404509472822965,-1.3335497858132896,IND,18
ITA_2014_ep,nn1,-0.0675547722137555,1.6853026519249095,-0.7225476725252896,-0.6549929003115341,ITA,18
JPN_2017_ep,nn1,0.5210037346043922,0.5728347256661219,-0.0675547722137555,-0.5885585068181477,JPN,18
KOR_2017_ep,nn1,-0.13096246888811636,0.5728347256661219,0.5210037346043922,0.6519662034925086,KOR,18
MAR_2009_ep,nn1,-2.669528356133184,0.6044826097670135,-0.4256261188918066,2.2439022372413775,MAR,18
MYS_2012_ep,nn1,-0.8388310191952432,0.659789633652385,-0.23478764301371102,0.6040433761815321,MYS,18
PHL_2009_ep,nn1,-0.8947939471734419,0.6044826097670135,-2.6695283561331835,-1.7747344089597417,PHL,18
POL_2014_ep,nn1,-1.0168460448889522,0.8869052749512962,-0.0675547722137555,0.9492912726751968,POL,18
RUS_2014_ep,nn1,-0.20551864729534586,0.7359273227665242,0.12863139672562707,0.3341500440209729,RUS,18
SGP_2010_ep,nn1,1.3964274976269515,0.7469111860280451,0.6683644373537044,-0.7280630602732471,SGP,18
TUR_2013_ep,nn1,-0.4394495323550527,0.4741686869092132,0.18242267529154868,0.6218722076466013,TUR,18
USA_2011_ep,nn1,0.2748450659075554,0.7685961137859425,-0.13096246888811636,-0.4058075347956718,USA,18
VNM_2013_ep,nn1,-0.42562611889180657,0.7141506136787225,-2.6695283561331835,-2.243902237241377,VNM,18
ARE_2008_ep,nn3,0.6552026142602986,0.805082133026253,0.378099606186783,-0.27710300807351557,ARE,18
CAN_2004_ep,nn3,-0.13395092779796397,0.905631091655565,-0.4213807338332865,-0.28742980603532253,CAN,18
DEU_2002_ep,nn3,0.1824226752915487,1.7041662395652646,0.10649934486422424,-0.07592333042732446,DEU,18
GRC_2010_ep,nn3,1.6636243182049086,0.7379851309657842,-0.041978099411827334,-1.705602417616736,GRC,18
HKG_2005_ep,nn3,2.1402028564886244,0.8739108364522573,0.398307265871744,-1.7418955906168805,HKG,18
IDN_2011_ep,nn3,-1.3404509472822963,0.8251256289926383,-0.5086462377868647,0.8318047094954316,IDN,18
IND_2013_ep,nn3,-0.006901161469006878,0.6953421391537238,-0.8542718798221981,-0.8473707183531912,IND,18
ITA_2014_ep,nn3,-0.0675547722137555,1.6853026519249095,-0.3227914324651225,-0.255236660251367,ITA,18
JPN_2017_ep,nn3,0.5210037346043922,0.5728347256661219,-0.005364855270107716,-0.5263685898744999,JPN,18
KOR_2017_ep,nn3,-0.13096246888811636,0.5728347256661219,0.043616571753608224,0.17457904064172458,KOR,18
MAR_2009_ep,nn3,-2.669528356133184,0.6044826097670135,-0.7868457361239324,1.8826826200092515,MAR,18
MYS_2012_ep,nn3,-0.8388310191952432,0.659789633652385,-0.1999670714381927,0.6388639477570505,MYS,18
PHL_2009_ep,nn3,-0.8947939471734419,0.6044826097670135,-0.8133172869215639,0.08147666025187794,PHL,18
POL_2014_ep,nn3,-1.0168460448889522,0.8869052749512962,-0.13567478243568845,0.8811712624532638,POL,18
RUS_2014_ep,nn3,-0.20551864729534586,0.7359273227665242,0.21195721256072844,0.41747585985607427,RUS,18
SGP_2010_ep,nn3,1.3964274976269515,0.7469111860280451,1.245424134159926,-0.1510033634670256,SGP,18
TUR_2013_ep,nn3,-0.4394495323550527,0.4741686869092132,-0.2624569375972703,0.1769925947577824,TUR,18
USA_2011_ep,nn3,0.2748450659075554,0.7685961137859425,0.8434147074016334,0.568569641494078,USA,18
VNM_2013_ep,nn3,-0.42562611889180657,0.7141506136787225,-0.7660532195809262,-0.34042710068911963,VNM,18
ARE_2008_ep,kernel,0.6552026142602986,0.805082133026253,0.017893603470023906,-0.6373090107902747,ARE,18
CAN_2004_ep,kernel,-0.13395092779796397,0.905631091655565,-0.22215640052477184,-0.08820547272680787,CAN,18
DEU_2002_ep,kernel,0.1824226752915487,1.7041662395652646,-0.047504761860256435,-0.22992743715180514,DEU,18
GRC_2010_ep,kernel,1.6636243182049086,0.7379851309657842,-0.3277551549530088,-1.9913794731579175,GRC,18
HKG_2005_ep,kernel,2.1402028564886244,0.8739108364522573,0.020474699654011507,-2.1197281568346127,HKG,18
IDN_2011_ep,kernel,-1.3404509472822963,0.8251256289926383,-0.2455561023139243,1.094894844968372,IDN,18
IND_2013_ep,kernel,-0.006901161469006878,0.6953421391537238,-0.3507433692744042,-0.3438422078053973,IND,18
ITA_2014_ep,kernel,-0.0675547722137555,1.6853026519249095,-0.25114109906791393,-0.18358632685415843,ITA,18
JPN_2017_ep,kernel,0.5210037346043922,0.5728347256661219,-0.02828037496972816,-0.5492841095741203,JPN,18
KOR_2017_ep,kernel,-0.13096246888811636,0.5728347256661219,-0.1055671549929102,0.025395313895206162,KOR,18
MAR_2009_ep,kernel,-2.669528356133184,0.6044826097670135,-0.1258671143207832,2.543661241812401,MAR,18
MYS_2012_ep,kernel,-0.8388310191952432,0.659789633652385,-0.14831692885059203,0.6905140903446512,MYS,18
PHL_2009_ep,kernel,-0.8947939471734419,0.6044826097670135,-0.16186262464710552,0.7329313225263363,PHL,18
POL_2014_ep,kernel,-1.0168460448889522,0.8869052749512962,-0.19776167736718275,0.8190843675217695,POL,18
RUS_2014_ep,kernel,-0.20551864729534586,0.7359273227665242,-0.26875544377825333,-0.06323679648290748,RUS,18
SGP_2010_ep,kernel,1.3964274976269515,0.7469111860280451,0.2745988625624787,-1.1218286350644728,SGP,18
TUR_2013_ep,kernel,-0.4394495323550527,0.4741686869092132,-0.21646630049241258,0.2229832318626401,TUR,18
USA_2011_ep,kernel,0.2748450659075554,0.7685961137859425,0.3206658503695247,0.0458207844619693,USA,18
VNM_2013_ep,kernel,-0.42562611889180657,0.7141506136787225,-0.29645310839351574,0.12917301049829083,VNM,18
