scenario,route,baseline_year,scaling,q5,q25,q50,q75,q95,median_share_receipts_pct,median_share_gdp_pct,primary,estimator,capex_thb_bn,capex_pct_gdp,importance_route_supported,interval_lower,interval_upper,interval_kind,interval_level,central,central_kind,q5_thb_bn,q50_thb_bn,q95_thb_bn,interval_lower_thb_bn,interval_upper_thb_bn,central_thb_bn
complex_total,ot_importance,2019,absolute,-16.830045697289297,-10.130229087434735,-4.9161065673301385,-0.10865347472453923,3.5858958780487775,-7.637144936897266,-0.9037342695242885,False,transport,300.0,1.5811356245082113,True,-15.372347682854116,3.966548457195427,conformal interval of the effect observed in a new study,0.9,-5.702899612829345,transported effect,-522.5325267911592,-152.6333102598392,111.33346086330722,-477.27450191818144,123.15180987962073,-177.06134601928036
complex_total,ot_importance,2019,relative,-36.061917561493786,-23.713621939297276,-14.170577028232888,-7.958495843687553,91.47672089695716,-22.013914694867083,-2.6049956208135434,False,transport,300.0,1.5811356245082113,True,-47.06327923537942,26.719446278087084,conformal interval of the effect observed in a new study,0.9,-10.17191647864617,transported effect,-1119.6359916822344,-439.9624073417634,2840.132639720367,-1461.201868388366,829.5746802635365,-315.8135940624148
complex_total,ot_importance,2024,absolute,-16.378616322942314,-9.858507723085213,-4.784242700063849,-0.10573908156139859,3.4897120196198186,-10.43194683578792,-0.9037342695242885,False,transport,300.0,1.5811356245082113,True,-14.960017887586073,3.8601544211627665,conformal interval of the effect observed in a new study,0.9,-5.549931733211653,transported effect,-578.0586951937646,-168.85266973470348,123.16415116445208,-527.9913913155191,136.2383600633081,-195.8765156261055
complex_total,ot_importance,2024,relative,-25.692501945991506,-16.894894088284993,-10.095901784836059,-5.670072025494306,65.1730686714109,-22.01391469486708,-1.9070964824978482,False,transport,300.0,1.5811356245082113,True,-33.53047966120523,19.036409373543346,conformal interval of the effect observed in a new study,0.9,-7.247035143830943,transported effect,-906.7783174308512,-356.3197096431115,2300.185699154441,-1183.4079839227468,671.8615142251522,-255.7732348487974
complex_total,ot_importance_sampling,2019,absolute,-9.835668647254183,-7.2806592174547164,-5.356054217071928,-3.0895871573387472,-0.7099568709924161,-8.320601228925959,-0.9846104186522461,False,transport_sampling,300.0,1.5811356245082113,True,-9.835668647254185,-0.7099568709924159,percentile interval of the bootstrap draws of the transported average effect,0.9,-5.356054217071928,median of the draws,-305.37390589248895,-166.2926289099624,-22.04245694782414,-305.373905892489,-22.04245694782413,-166.2926289099624
complex_total,ot_importance_sampling,2019,relative,-21.297929762709394,-14.628246930236392,-10.121103923354987,-5.462160844660548,2.4848079841439366,-15.72308014999765,-1.8605757087808836,False,transport_sampling,300.0,1.5811356245082113,True,-21.297929762709398,2.4848079841439366,percentile interval of the bootstrap draws of the transported average effect,0.9,-10.121103923354989,median of the draws,-661.2496041006962,-314.2359861707563,77.14732436850728,-661.2496041006963,77.14732436850728,-314.23598617075635
complex_total,ot_importance_sampling,2024,absolute,-9.57184822611122,-7.08537136770761,-5.212389710886379,-3.006715700985391,-0.690913821921131,-11.36551294746167,-0.984610418652246,False,transport_sampling,300.0,1.5811356245082113,True,-9.571848226111221,-0.690913821921131,percentile interval of the bootstrap draws of the transported average effect,0.9,-5.212389710886379,median of the draws,-337.82402536825634,-183.96347626116844,-24.38476697397344,-337.8240253682564,-24.38476697397344,-183.96347626116844
complex_total,ot_importance_sampling,2024,relative,-15.173821551250173,-10.421971102359054,-7.210833472816824,-3.8915450874583657,1.7703144559401196,-15.723080149997653,-1.3621126121236347,False,transport_sampling,300.0,1.5811356245082113,True,-15.173821551250173,1.7703144559401194,percentile interval of the bootstrap draws of the transported average effect,0.9,-7.210833472816824,median of the draws,-535.537270919048,-254.4955511728606,62.48059325072261,-535.537270919048,62.480593250722606,-254.4955511728606
complex_total,ambient,2019,absolute,-6.1787467695745155,-1.1196309007397955,2.193557067349065,5.490472887160379,10.533584191884392,3.407679028365359,0.4032444510244119,True,A2,300.0,1.5811356245082113,True,-6.1787467695745155,10.533584191884392,percentile interval of the predictive draws of the ambient estimator,0.9,2.193557067349065,median of the draws,-191.83525820304172,68.10468240422684,327.04250855594984,-191.83525820304172,327.04250855594984,68.10468240422684
complex_total,ambient,2019,relative,-44.97382691054903,-13.883309567017793,6.4115530451986995,26.881769170672506,57.56699537728268,9.960312944025569,1.1786441421601832,True,A2,300.0,1.5811356245082113,True,-44.97382691054904,57.56699537728269,percentile interval of the predictive draws of the ambient estimator,0.9,6.4115530451987,median of the draws,-1396.329388387962,199.06333432611115,1787.3170456757216,-1396.3293883879624,1787.3170456757218,199.06333432611117
complex_total,ambient,2024,absolute,-6.013015324835378,-1.089599236767432,2.134719669500093,5.343202892479432,10.251043704062694,4.65471413087771,0.4032444510244119,True,A2,300.0,1.5811356245082113,True,-6.013015324835378,10.251043704062692,percentile interval of the predictive draws of the ambient estimator,0.9,2.1347196695000936,median of the draws,-212.22035636707744,75.34172865550154,361.7952109693367,-212.22035636707744,361.7952109693366,75.34172865550156
complex_total,ambient,2024,relative,-32.04183841437693,-9.891236578286707,4.567944530672699,19.15205716810442,41.01390721205046,9.960312944025569,0.8628759602015731,True,A2,300.0,1.5811356245082113,True,-32.04183841437695,41.013907212050455,percentile interval of the predictive draws of the ambient estimator,0.9,4.567944530672699,median of the draws,-1130.8686240778122,161.21875029329692,1447.524334188503,-1130.868624077813,1447.5243341885027,161.21875029329692
complex_total,ambient_A1,2019,absolute,-9.213060995897331,-3.8901716540194076,-0.691830978473388,2.5462862823399943,7.9628952912038296,-1.0747556795348652,-0.1271801893229655,False,A1,300.0,1.5811356245082113,True,-9.213060995897331,7.962895291203829,percentile interval of the predictive draws of the ambient estimator,0.9,-0.6918309784733881,median of the draws,-286.04343257622196,-21.479691487250363,247.22878784318002,-286.04343257622196,247.22878784318,-21.479691487250367
complex_total,ambient_A1,2019,relative,-44.65010929591581,-14.32685399436,5.49187913180354,24.9764288722995,55.141534240214824,8.53160449861512,1.009579289529436,False,A1,300.0,1.5811356245082113,True,-44.65010929591582,55.141534240214824,percentile interval of the predictive draws of the ambient estimator,0.9,5.49187913180354,median of the draws,-1386.2787333758756,170.50966653258357,1712.0122984764937,-1386.2787333758758,1712.0122984764937,170.50966653258357
complex_total,ambient_A1,2024,absolute,-8.965940670973414,-3.7858262596299443,-0.6732741170492742,2.4779876904038964,7.749307942485124,-1.4680609315401882,-0.12718018932296551,False,A1,300.0,1.5811356245082113,True,-8.965940670973414,7.749307942485124,percentile interval of the predictive draws of the ambient estimator,0.9,-0.6732741170492743,median of the draws,-316.4394270710002,-23.76220005007856,273.5001998680987,-316.4394270710002,273.5001998680987,-23.762200050078565
complex_total,ambient_A1,2024,relative,-31.811204105213175,-10.207242127442292,3.91271803670464,17.794587498327473,39.28587472798248,8.53160449861512,0.7391049322620243,False,A1,300.0,1.5811356245082113,True,-31.81120410521318,39.28587472798248,percentile interval of the predictive draws of the ambient estimator,0.9,3.9127180367046397,median of the draws,-1122.7287320873413,138.09351402843524,1386.5360197120497,-1122.7287320873413,1386.5360197120497,138.0935140284352
complex_total,ambient_A2,2019,absolute,-6.1787467695745155,-1.1196309007397955,2.193557067349065,5.490472887160379,10.533584191884392,3.407679028365359,0.4032444510244119,False,A2,300.0,1.5811356245082113,True,-6.1787467695745155,10.533584191884392,percentile interval of the predictive draws of the ambient estimator,0.9,2.193557067349065,median of the draws,-191.83525820304172,68.10468240422684,327.04250855594984,-191.83525820304172,327.04250855594984,68.10468240422684
complex_total,ambient_A2,2019,relative,-44.97382691054903,-13.883309567017793,6.4115530451986995,26.881769170672506,57.56699537728268,9.960312944025569,1.1786441421601832,False,A2,300.0,1.5811356245082113,True,-44.97382691054904,57.56699537728269,percentile interval of the predictive draws of the ambient estimator,0.9,6.4115530451987,median of the draws,-1396.329388387962,199.06333432611115,1787.3170456757216,-1396.3293883879624,1787.3170456757218,199.06333432611117
complex_total,ambient_A2,2024,absolute,-6.013015324835378,-1.089599236767432,2.134719669500093,5.343202892479432,10.251043704062694,4.65471413087771,0.4032444510244119,False,A2,300.0,1.5811356245082113,True,-6.013015324835378,10.251043704062692,percentile interval of the predictive draws of the ambient estimator,0.9,2.1347196695000936,median of the draws,-212.22035636707744,75.34172865550154,361.7952109693367,-212.22035636707744,361.7952109693366,75.34172865550156
complex_total,ambient_A2,2024,relative,-32.04183841437693,-9.891236578286707,4.567944530672699,19.15205716810442,41.01390721205046,9.960312944025569,0.8628759602015731,False,A2,300.0,1.5811356245082113,True,-32.04183841437695,41.013907212050455,percentile interval of the predictive draws of the ambient estimator,0.9,4.567944530672699,median of the draws,-1130.8686240778122,161.21875029329692,1447.524334188503,-1130.868624077813,1447.5243341885027,161.21875029329692
complex_total,ambient_A3,2019,absolute,-15.386456452027252,-9.036169638437801,-4.888502205927946,-0.7320092180510714,5.671783021981586,-7.594261710907002,-0.8986597238353728,False,A3,300.0,1.5811356245082113,True,-15.386456452027252,5.671783021981585,percentile interval of the predictive draws of the ambient estimator,0.9,-4.888502205927945,median of the draws,-477.7125453399613,-151.77626108876848,176.0952505532755,-477.7125453399613,176.09525055327546,-151.77626108876845
complex_total,ambient_A3,2019,relative,-78.13354784789917,-37.44417676089,-10.928892567914286,15.488126542133962,55.909225578031965,-16.97797543601045,-2.00907254680148,False,A3,300.0,1.5811356245082113,True,-78.1335478478992,55.909225578031965,percentile interval of the predictive draws of the ambient estimator,0.9,-10.928892567914287,median of the draws,-2425.859140162434,-339.3158848915756,1735.8472720565053,-2425.859140162435,1735.8472720565053,-339.31588489157565
complex_total,ambient_A3,2024,absolute,-14.97374821970947,-8.793794039479671,-4.757378765623127,-0.7123746627287266,5.519649777241948,-10.373370556645147,-0.898659723835373,False,A3,300.0,1.5811356245082113,True,-14.973748219709472,5.519649777241948,percentile interval of the predictive draws of the ambient estimator,0.9,-4.757378765623126,median of the draws,-528.4759827923162,-167.90454746451982,194.80775941308872,-528.4759827923162,194.80775941308872,-167.9045474645198
complex_total,ambient_A3,2024,relative,-55.66665518288694,-26.677299748542985,-7.786346721298386,11.034596833210001,39.83282044037156,-16.97797543601045,-1.4708259608864585,False,A3,300.0,1.5811356245082113,True,-55.66665518288694,39.83282044037156,percentile interval of the predictive draws of the ambient estimator,0.9,-7.786346721298386,median of the draws,-1964.6710946972203,-274.8074280081446,1405.839648212254,-1964.6710946972203,1405.839648212254,-274.8074280081446
park_high,ot_importance,2019,absolute,-16.830045697289297,-10.130229087434735,-4.9161065673301385,-0.10865347472453923,3.5858958780487775,-7.637144936897266,-0.9037342695242885,False,transport,200.0,1.0540904163388076,True,-15.372347682854116,3.966548457195427,conformal interval of the effect observed in a new study,0.9,-5.702899612829345,transported effect,-522.5325267911592,-152.6333102598392,111.33346086330722,-477.27450191818144,123.15180987962073,-177.06134601928036
park_high,ot_importance,2019,relative,-36.061917561493786,-23.713621939297276,-14.170577028232888,-7.958495843687553,91.47672089695716,-22.013914694867083,-2.6049956208135434,False,transport,200.0,1.0540904163388076,True,-47.06327923537942,26.719446278087084,conformal interval of the effect observed in a new study,0.9,-10.17191647864617,transported effect,-1119.6359916822344,-439.9624073417634,2840.132639720367,-1461.201868388366,829.5746802635365,-315.8135940624148
park_high,ot_importance,2024,absolute,-16.378616322942314,-9.858507723085213,-4.784242700063849,-0.10573908156139859,3.4897120196198186,-10.43194683578792,-0.9037342695242885,False,transport,200.0,1.0540904163388076,True,-14.960017887586073,3.8601544211627665,conformal interval of the effect observed in a new study,0.9,-5.549931733211653,transported effect,-578.0586951937646,-168.85266973470348,123.16415116445208,-527.9913913155191,136.2383600633081,-195.8765156261055
park_high,ot_importance,2024,relative,-25.692501945991506,-16.894894088284993,-10.095901784836059,-5.670072025494306,65.1730686714109,-22.01391469486708,-1.9070964824978482,False,transport,200.0,1.0540904163388076,True,-33.53047966120523,19.036409373543346,conformal interval of the effect observed in a new study,0.9,-7.247035143830943,transported effect,-906.7783174308512,-356.3197096431115,2300.185699154441,-1183.4079839227468,671.8615142251522,-255.7732348487974
park_high,ambient,2019,absolute,-6.64649524542454,-1.7478891217266048,1.4601818713539922,4.65249697995502,9.53560631374095,2.268384631827985,0.2684271341166984,True,A2,200.0,1.0540904163388076,True,-6.646495245424539,9.53560631374095,percentile interval of the predictive draws of the ambient estimator,0.9,1.4601818713539922,median of the draws,-206.35772578184296,45.33514266905021,296.0576905865035,-206.35772578184293,296.0576905865035,45.33514266905021
park_high,ambient,2019,relative,-45.88094536708926,-15.549817782417769,4.249340282496008,24.21956882926314,54.155304563517376,6.601327123232525,0.7811617554595155,True,A2,200.0,1.0540904163388076,True,-45.88094536708928,54.155304563517376,percentile interval of the predictive draws of the ambient estimator,0.9,4.249340282496009,median of the draws,-1424.4932393792405,131.93181735482307,1681.392233966262,-1424.4932393792412,1681.392233966262,131.9318173548231
park_high,ambient,2024,absolute,-6.468217465066198,-1.7010057972935628,1.4210156682150248,4.527703866579778,9.279834412127839,3.098496634262084,0.2684271341166984,True,A2,200.0,1.0540904163388076,True,-6.468217465066198,9.27983441212784,percentile interval of the predictive draws of the ambient estimator,0.9,1.4210156682150248,median of the draws,-228.28603310331388,50.15261648614698,327.5178358244339,-228.28603310331388,327.517835824434,50.15261648614698
park_high,ambient,2024,relative,-32.68811970738257,-11.078549080295574,3.027464728991144,17.25535859860533,38.583230232039206,6.601327123232524,0.5718822804137518,True,A2,200.0,1.0540904163388076,True,-32.68811970738258,38.5832302320392,percentile interval of the predictive draws of the ambient estimator,0.9,3.027464728991144,median of the draws,-1153.6781528925067,106.84982641264895,1361.7372361944758,-1153.6781528925073,1361.7372361944756,106.84982641264895
park_high,ambient_A1,2019,absolute,-9.213060995897331,-3.8901716540194076,-0.691830978473388,2.5462862823399943,7.9628952912038296,-1.0747556795348652,-0.1271801893229655,False,A1,200.0,1.0540904163388076,True,-9.213060995897331,7.962895291203829,percentile interval of the predictive draws of the ambient estimator,0.9,-0.6918309784733881,median of the draws,-286.04343257622196,-21.479691487250363,247.22878784318002,-286.04343257622196,247.22878784318,-21.479691487250367
park_high,ambient_A1,2019,relative,-44.65010929591581,-14.32685399436,5.49187913180354,24.9764288722995,55.141534240214824,8.53160449861512,1.009579289529436,False,A1,200.0,1.0540904163388076,True,-44.65010929591582,55.141534240214824,percentile interval of the predictive draws of the ambient estimator,0.9,5.49187913180354,median of the draws,-1386.2787333758756,170.50966653258357,1712.0122984764937,-1386.2787333758758,1712.0122984764937,170.50966653258357
park_high,ambient_A1,2024,absolute,-8.965940670973414,-3.7858262596299443,-0.6732741170492742,2.4779876904038964,7.749307942485124,-1.4680609315401882,-0.12718018932296551,False,A1,200.0,1.0540904163388076,True,-8.965940670973414,7.749307942485124,percentile interval of the predictive draws of the ambient estimator,0.9,-0.6732741170492743,median of the draws,-316.4394270710002,-23.76220005007856,273.5001998680987,-316.4394270710002,273.5001998680987,-23.762200050078565
park_high,ambient_A1,2024,relative,-31.811204105213175,-10.207242127442292,3.91271803670464,17.794587498327473,39.28587472798248,8.53160449861512,0.7391049322620243,False,A1,200.0,1.0540904163388076,True,-31.81120410521318,39.28587472798248,percentile interval of the predictive draws of the ambient estimator,0.9,3.9127180367046397,median of the draws,-1122.7287320873413,138.09351402843524,1386.5360197120497,-1122.7287320873413,1386.5360197120497,138.0935140284352
park_high,ambient_A2,2019,absolute,-6.64649524542454,-1.7478891217266048,1.4601818713539922,4.65249697995502,9.53560631374095,2.268384631827985,0.2684271341166984,False,A2,200.0,1.0540904163388076,True,-6.646495245424539,9.53560631374095,percentile interval of the predictive draws of the ambient estimator,0.9,1.4601818713539922,median of the draws,-206.35772578184296,45.33514266905021,296.0576905865035,-206.35772578184293,296.0576905865035,45.33514266905021
park_high,ambient_A2,2019,relative,-45.88094536708926,-15.549817782417769,4.249340282496008,24.21956882926314,54.155304563517376,6.601327123232525,0.7811617554595155,False,A2,200.0,1.0540904163388076,True,-45.88094536708928,54.155304563517376,percentile interval of the predictive draws of the ambient estimator,0.9,4.249340282496009,median of the draws,-1424.4932393792405,131.93181735482307,1681.392233966262,-1424.4932393792412,1681.392233966262,131.9318173548231
park_high,ambient_A2,2024,absolute,-6.468217465066198,-1.7010057972935628,1.4210156682150248,4.527703866579778,9.279834412127839,3.098496634262084,0.2684271341166984,False,A2,200.0,1.0540904163388076,True,-6.468217465066198,9.27983441212784,percentile interval of the predictive draws of the ambient estimator,0.9,1.4210156682150248,median of the draws,-228.28603310331388,50.15261648614698,327.5178358244339,-228.28603310331388,327.517835824434,50.15261648614698
park_high,ambient_A2,2024,relative,-32.68811970738257,-11.078549080295574,3.027464728991144,17.25535859860533,38.583230232039206,6.601327123232524,0.5718822804137518,False,A2,200.0,1.0540904163388076,True,-32.68811970738258,38.5832302320392,percentile interval of the predictive draws of the ambient estimator,0.9,3.027464728991144,median of the draws,-1153.6781528925067,106.84982641264895,1361.7372361944758,-1153.6781528925073,1361.7372361944756,106.84982641264895
park_high,ambient_A3,2019,absolute,-16.452582060780518,-10.084112848737174,-5.924569646813134,-1.7561756198344263,4.665952217556611,-9.203786871126958,-1.0891213501330266,False,A3,200.0,1.0540904163388076,True,-16.452582060780514,4.665952217556611,percentile interval of the predictive draws of the ambient estimator,0.9,-5.924569646813134,median of the draws,-510.8131867902892,-183.94366856639544,144.8666180698106,-510.8131867902891,144.8666180698106,-183.94366856639544
park_high,ambient_A3,2019,relative,-79.99339988795253,-39.232329499531296,-12.670322358950596,13.793246544446113,54.28557215587863,-19.68327718840875,-2.3292018520912827,False,A3,200.0,1.0540904163388076,True,-79.99339988795255,54.28557215587863,percentile interval of the predictive draws of the ambient estimator,0.9,-12.670322358950598,median of the draws,-2483.603082361195,-393.3831004717545,1685.4367300668573,-2483.6030823611954,1685.4367300668573,-393.3831004717546
park_high,ambient_A3,2024,absolute,-16.011277327586193,-9.81362845219849,-5.765655950615224,-1.7090700281108715,4.540798196694757,-12.571899069723106,-1.0891213501330266,False,A3,200.0,1.0540904163388076,True,-16.011277327586193,4.540798196694757,percentile interval of the predictive draws of the ambient estimator,0.9,-5.765655950615224,median of the draws,-565.0940163611633,-203.4901782930384,160.26066115504642,-565.0940163611633,160.26066115504642,-203.4901782930384
park_high,ambient_A3,2024,relative,-56.991716504899124,-27.95127852792791,-9.027037492073768,9.82707070638766,38.67604006015037,-19.683277188408752,-1.705190067752787,False,A3,200.0,1.0540904163388076,True,-56.991716504899124,38.67604006015037,percentile interval of the predictive draws of the ambient estimator,0.9,-9.027037492073768,median of the draws,-2011.4371464656574,-318.5957477265056,1365.0128198629172,-2011.4371464656574,1365.0128198629172,-318.5957477265056
park_low,ot_importance,2019,absolute,-16.117585857416742,-9.417769247562184,-4.203646727457585,0.6038063651480137,4.298355717921331,-6.53034243286198,-0.7727618497579097,False,transport,100.0,0.5270452081694038,True,-14.659887842981563,4.67900829706798,conformal interval of the effect observed in a new study,0.9,-4.990439772956792,transported effect,-500.412358666732,-130.5131421354121,133.4536289877343,-455.15433379375435,145.2719780040478,-154.9411778948533
park_low,ot_importance,2019,relative,-35.09411918586105,-22.745823563664537,-13.202778652600147,-6.990697468054811,92.4445192725899,-20.510445157912955,-2.427083985646479,False,transport,100.0,0.5270452081694038,True,-46.09548085974668,27.687244653719826,conformal interval of the effect observed in a new study,0.9,-9.204118103013428,transported effect,-1089.5881748349393,-409.9145904944683,2870.180456567662,-1431.1540515410709,859.6224971108317,-285.7657772151197
park_low,ot_importance,2024,absolute,-15.685266668837873,-9.165158068980773,-4.090893045959408,0.587610572543042,4.18306167372426,-8.920111591699456,-0.7727618497579097,False,transport,100.0,0.5270452081694038,True,-14.266668233481633,4.553504075267207,conformal interval of the effect observed in a new study,0.9,-4.856582079107213,transported effect,-553.5879591766295,-144.3819337175684,147.63488718158717,-503.52065529838404,160.70909608044317,-171.40577960897042
park_low,ot_importance,2024,relative,-25.00298892697717,-16.205381069270658,-9.406388765821726,-4.980559006479971,65.86258169042524,-20.510445157912955,-1.7768487957410521,False,transport,100.0,0.5270452081694038,True,-32.84096664219089,19.72592239255768,conformal interval of the effect observed in a new study,0.9,-6.557522124816608,transported effect,-882.4429896942688,-331.9843819065291,2324.5210268910237,-1159.0726561861643,696.1968419617345,-231.437907112215
park_low,ambient,2019,absolute,-7.216320172738636,-2.4165956906842476,0.7267182432871794,3.8545943358475223,8.63913484106122,1.1289528565459281,0.13359356062612562,True,A2,100.0,0.5270452081694038,True,-7.2163201727386355,8.63913484106122,percentile interval of the predictive draws of the ambient estimator,0.9,0.7267182432871793,median of the draws,-224.0494221951201,22.56285733028303,268.2244028913323,-224.04942219512006,268.2244028913323,22.562857330283027
park_low,ambient,2019,relative,-47.2755533671375,-17.409326292410718,2.086360078113881,21.75049484682455,51.22739044170135,3.24114908594535,0.38353828895594505,True,A2,100.0,0.5270452081694038,True,-47.27555336713751,51.22739044170136,percentile interval of the predictive draws of the ambient estimator,0.9,2.0863600781138816,median of the draws,-1467.7924707215382,64.77647316124853,1590.487527477767,-1467.7924707215386,1590.4875274777671,64.77647316124855
park_low,ambient,2024,absolute,-7.022758077943398,-2.3517757668220733,0.7072256068562214,3.7512032256455266,8.40740883708325,1.5420914853532595,0.13359356062612562,True,A2,100.0,0.5270452081694038,True,-7.022758077943397,8.40740883708325,percentile interval of the predictive draws of the ambient estimator,0.9,0.7072256068562214,median of the draws,-247.85771222389533,24.96046695558005,296.7268837915977,-247.8577122238953,296.7268837915977,24.96046695558005
park_low,ambient,2024,relative,-33.68171547760291,-12.403365652517882,1.4864381594676201,15.496253914545576,36.49722248871337,3.2411490859453496,0.2807853172293223,True,A2,100.0,0.5270452081694038,True,-33.68171547760291,36.49722248871337,percentile interval of the predictive draws of the ambient estimator,0.9,1.4864381594676204,median of the draws,-1188.7456252087782,52.461605181170455,1288.1147219054053,-1188.7456252087782,1288.1147219054053,52.46160518117046
park_low,ambient_A1,2019,absolute,-9.213060995897331,-3.8901716540194076,-0.691830978473388,2.5462862823399943,7.9628952912038296,-1.0747556795348652,-0.1271801893229655,False,A1,100.0,0.5270452081694038,True,-9.213060995897331,7.962895291203829,percentile interval of the predictive draws of the ambient estimator,0.9,-0.6918309784733881,median of the draws,-286.04343257622196,-21.479691487250363,247.22878784318002,-286.04343257622196,247.22878784318,-21.479691487250367
park_low,ambient_A1,2019,relative,-44.65010929591581,-14.32685399436,5.49187913180354,24.9764288722995,55.141534240214824,8.53160449861512,1.009579289529436,False,A1,100.0,0.5270452081694038,True,-44.65010929591582,55.141534240214824,percentile interval of the predictive draws of the ambient estimator,0.9,5.49187913180354,median of the draws,-1386.2787333758756,170.50966653258357,1712.0122984764937,-1386.2787333758758,1712.0122984764937,170.50966653258357
park_low,ambient_A1,2024,absolute,-8.965940670973414,-3.7858262596299443,-0.6732741170492742,2.4779876904038964,7.749307942485124,-1.4680609315401882,-0.12718018932296551,False,A1,100.0,0.5270452081694038,True,-8.965940670973414,7.749307942485124,percentile interval of the predictive draws of the ambient estimator,0.9,-0.6732741170492743,median of the draws,-316.4394270710002,-23.76220005007856,273.5001998680987,-316.4394270710002,273.5001998680987,-23.762200050078565
park_low,ambient_A1,2024,relative,-31.811204105213175,-10.207242127442292,3.91271803670464,17.794587498327473,39.28587472798248,8.53160449861512,0.7391049322620243,False,A1,100.0,0.5270452081694038,True,-31.81120410521318,39.28587472798248,percentile interval of the predictive draws of the ambient estimator,0.9,3.9127180367046397,median of the draws,-1122.7287320873413,138.09351402843524,1386.5360197120497,-1122.7287320873413,1386.5360197120497,138.0935140284352
park_low,ambient_A2,2019,absolute,-7.216320172738636,-2.4165956906842476,0.7267182432871794,3.8545943358475223,8.63913484106122,1.1289528565459281,0.13359356062612562,False,A2,100.0,0.5270452081694038,True,-7.2163201727386355,8.63913484106122,percentile interval of the predictive draws of the ambient estimator,0.9,0.7267182432871793,median of the draws,-224.0494221951201,22.56285733028303,268.2244028913323,-224.04942219512006,268.2244028913323,22.562857330283027
park_low,ambient_A2,2019,relative,-47.2755533671375,-17.409326292410718,2.086360078113881,21.75049484682455,51.22739044170135,3.24114908594535,0.38353828895594505,False,A2,100.0,0.5270452081694038,True,-47.27555336713751,51.22739044170136,percentile interval of the predictive draws of the ambient estimator,0.9,2.0863600781138816,median of the draws,-1467.7924707215382,64.77647316124853,1590.487527477767,-1467.7924707215386,1590.4875274777671,64.77647316124855
park_low,ambient_A2,2024,absolute,-7.022758077943398,-2.3517757668220733,0.7072256068562214,3.7512032256455266,8.40740883708325,1.5420914853532595,0.13359356062612562,False,A2,100.0,0.5270452081694038,True,-7.022758077943397,8.40740883708325,percentile interval of the predictive draws of the ambient estimator,0.9,0.7072256068562214,median of the draws,-247.85771222389533,24.96046695558005,296.7268837915977,-247.8577122238953,296.7268837915977,24.96046695558005
park_low,ambient_A2,2024,relative,-33.68171547760291,-12.403365652517882,1.4864381594676201,15.496253914545576,36.49722248871337,3.2411490859453496,0.2807853172293223,False,A2,100.0,0.5270452081694038,True,-33.68171547760291,36.49722248871337,percentile interval of the predictive draws of the ambient estimator,0.9,1.4864381594676204,median of the draws,-1188.7456252087782,52.461605181170455,1288.1147219054053,-1188.7456252087782,1288.1147219054053,52.46160518117046
park_low,ambient_A3,2019,absolute,-17.597827698926373,-11.163556945087972,-6.961035698246613,-2.74957217612678,3.738911625191373,-10.813931270675637,-1.2796562535266407,False,A3,100.0,0.5270452081694038,True,-17.597827698926373,3.738911625191373,percentile interval of the predictive draws of the ambient estimator,0.9,-6.961035698246613,median of the draws,-546.3703152651865,-216.12345194488154,116.08423257429168,-546.3703152651865,116.08423257429168,-216.12345194488154
park_low,ambient_A3,2019,relative,-82.23443155492427,-41.170749750561285,-14.411545467842995,12.248489769249497,53.04143162729389,-22.38825786121545,-2.649293162733534,False,A3,100.0,0.5270452081694038,True,-82.23443155492429,53.041431627293896,percentile interval of the predictive draws of the ambient estimator,0.9,-14.411545467842995,median of the draws,-2553.181737144667,-447.4438990674021,1646.8091525915697,-2553.1817371446673,1646.80915259157,-447.4438990674021
park_low,ambient_A3,2024,absolute,-17.125804242134937,-10.864118808207593,-6.774321054294542,-2.675820882189967,3.63862345211941,-14.771273431846652,-1.2796562535266407,False,A3,100.0,0.5270452081694038,True,-17.12580424213494,3.6386234521194103,percentile interval of the predictive draws of the ambient estimator,0.9,-6.774321054294542,median of the draws,-604.4295720197894,-239.0895001297444,128.4197568073764,-604.4295720197896,128.41975680737642,-239.0895001297444
park_low,ambient_A3,2024,relative,-58.58835124753355,-29.332316183144442,-10.267581011073766,8.726500655304148,37.789645627651254,-22.38825786121545,-1.9395263590411849,False,A3,100.0,0.5270452081694038,True,-58.58835124753356,37.78964562765125,percentile interval of the predictive draws of the ambient estimator,0.9,-10.267581011073764,median of the draws,-2067.7879747548254,-362.37887041433197,1333.7288579595097,-2067.787974754826,1333.7288579595092,-362.3788704143319
