feature,weight_importance,weight_shrunk,weight_uniform
log_gdp_pc,0.5887835775821334,0.3499473443466222,0.1111111111111111
log_pop,0.3057497307388841,0.2084304209249976,0.1111111111111111
receipts_pct_gdp,0.0,0.05555555555555555,0.1111111111111111
log_receipts_per_arrival,0.007331187711929875,0.05922114941152049,0.1111111111111111
arrivals_per_capita,0.005118043956228124,0.058114577533669616,0.1111111111111111
air_pax_per_capita,0.07007917778865243,0.09059514444988176,0.1111111111111111
receipts_growth_pre,0.0,0.05555555555555555,0.1111111111111111
capex_pct_gdp,0.022938282222172025,0.06702469666664157,0.1111111111111111
is_integrated_resort,0.0,0.05555555555555555,0.1111111111111111
