case_id,iso3,opening_year,att_pp,att_rel_pct,mass_sent,share_of_mass
MAR_2009_ep,MAR,2009,-2.669528356133184,-25.358449214769575,0.26752482491685353,0.26752482491685364
TUR_2013_ep,TUR,2013,-0.4394495323550527,-10.335711038690953,0.18902013736271256,0.18902013736271261
PHL_2009_ep,PHL,2009,-0.8947939471734419,-33.43805233117209,0.13927750047423593,0.13927750047423598
MYS_2012_ep,MYS,2012,-0.8388310191952432,-10.910511089677128,0.1257922563831817,0.12579225638318176
VNM_2013_ep,VNM,2013,-0.42562611889180657,-11.672130399683535,0.08918824426487053,0.08918824426487056
RUS_2014_ep,RUS,2014,-0.20551864729534586,-17.061585208791744,0.03289371834986252,0.03289371834986254
DEU_2002_ep,DEU,2002,0.1824226752915487,15.945896893276684,0.0267423014551168,0.026742301455116812
CAN_2004_ep,CAN,2004,-0.13395092779796397,-9.342514499586699,0.023351947405751174,0.02335194740575118
POL_2014_ep,POL,2014,-1.0168460448889522,-29.01342652102013,0.02151107248277537,0.021511072482775378
GRC_2010_ep,GRC,2010,1.6636243182049086,34.7425492262781,0.019225257218169565,0.019225257218169572
IDN_2011_ep,IDN,2011,-1.3404509472822963,-53.306618383817394,0.01743401609349601,0.017434016093496017
KOR_2017_ep,KOR,2017,-0.13096246888811636,-9.542372307723573,0.01656513865506546,0.016565138655065467
HKG_2005_ep,HKG,2005,2.1402028564886244,33.29549882949621,0.014805827155205321,0.014805827155205327
ITA_2014_ep,ITA,2014,-0.0675547722137555,-2.8174213044882075,0.005116757817443959,0.005116757817443961
ARE_2008_ep,ARE,2008,0.6552026142602986,32.90089137563184,0.004739690646502813,0.004739690646502814
JPN_2017_ep,JPN,2017,0.5210037346043922,158.29198330184985,0.004506606541465225,0.004506606541465227
USA_2011_ep,USA,2011,0.2748450659075554,28.864442741110462,0.001840499710926242,0.0018404997109262426
IND_2013_ep,IND,2013,-0.006901161469006878,-0.669078283369832,0.00039071963233681023,0.00039071963233681034
SGP_2010_ep,SGP,2010,1.3964274976269515,29.025527256284196,7.348343402833794e-05,7.348343402833797e-05
