case_id,donor_iso3,placebo_att_pp,placebo_att_rel_pct,placebo_rmspe_pre,comparable
ARE_2008_ep,ARG,0.0007110155177981082,0.05646438547059542,0.06763162849441473,True
ARE_2008_ep,AUS,0.01628764452296947,0.6404920401140275,0.05338111991061087,True
ARE_2008_ep,BGR,-0.15395985986188004,-1.9164427124783288,0.7673807231677313,False
ARE_2008_ep,BHR,-1.5458874043595952,-18.041078592126844,0.4388265215351046,True
ARE_2008_ep,BRA,-0.18717108190088227,-39.05484876941181,0.49007669701851486,True
ARE_2008_ep,BWA,0.2917628204390065,7.240585088475593,0.21195542580054044,True
ARE_2008_ep,CHE,-0.18795389361926648,-5.989201726962683,0.03599154940023108,True
ARE_2008_ep,CHL,0.13093247266594338,11.981195077857143,0.05022331229551919,True
ARE_2008_ep,COL,-0.05530137165783735,-4.338863877690476,0.07867522458269716,True
ARE_2008_ep,CRI,-1.0491903799279956,-13.088584208910845,0.24198295152067908,True
ARE_2008_ep,CYP,-9.646938685951344,-49.52612712853185,2.1036601695628314,False
ARE_2008_ep,ECU,-0.054699764903173874,-4.538637862515627,0.2551340547941201,True
ARE_2008_ep,EGY,-1.7745338821926926,-24.255168175265602,0.6690237174506493,False
ARE_2008_ep,ETH,1.7691257909305187,60.61303780141854,0.15860497942390003,True
ARE_2008_ep,FIN,0.11370801353783558,6.540833177903198,0.003709466070990364,True
ARE_2008_ep,FJI,4.9406087242668235,24.047753260852847,1.8444101510364712,False
ARE_2008_ep,GHA,-2.9118276758107724,-51.59970349401687,1.3516649145226818,False
ARE_2008_ep,GTM,-0.1990960786250156,-7.161763165519547,0.16570023323319075,True
ARE_2008_ep,HUN,1.9860308816256331,65.82105420995327,0.5968497875493334,False
ARE_2008_ep,ISR,0.4687821404458741,25.148547317028253,0.24110501757814043,True
ARE_2008_ep,JOR,-1.1472528798237545,-7.675056790590729,1.3148506625450809,False
ARE_2008_ep,KEN,-1.1004268557687429,-23.811930444012933,1.345130905024531,False
ARE_2008_ep,KHM,4.8400903248408245,61.83355043676605,2.009200974258009,False
ARE_2008_ep,KWT,-0.0038219454768738557,-0.7898570125005707,0.16388087508312082,True
ARE_2008_ep,LKA,0.10448198804280939,5.434557426538662,0.23148899141104554,True
ARE_2008_ep,MEX,-0.06334890996530876,-5.1661019129286,0.03194821167701583,True
ARE_2008_ep,MMR,-0.9744181813912693,-69.75506525674817,0.6631695421369714,False
ARE_2008_ep,MNG,-3.645001502340996,-50.30534528514353,1.5801108474698238,False
ARE_2008_ep,MUS,-4.040259801624063,-20.33594186383302,0.7878109220274813,False
ARE_2008_ep,NOR,0.08613586021859794,7.42035891896474,0.01518483974646161,True
ARE_2008_ep,NPL,0.15002647641772665,6.516837000022965,0.6421801575049467,False
ARE_2008_ep,PAK,0.024815749751703208,5.460778799335178,0.08572071288389962,True
ARE_2008_ep,PAN,3.145522483251163,50.85720312813283,0.46051887856575213,True
ARE_2008_ep,PER,-0.05143665134919155,-2.8028364438329936,0.11233105910938478,True
ARE_2008_ep,PRT,0.45754074303731773,8.678186683473351,0.06651343319794546,True
ARE_2008_ep,ROU,0.028096139822852573,2.7421836373235626,0.2510848002930455,True
ARE_2008_ep,SVK,0.01708766172106726,0.6309309569732581,0.21619716715998377,True
ARE_2008_ep,SVN,0.5278616403526657,10.074007354489863,0.19352437414719698,True
ARE_2008_ep,SYC,13.27223078228962,52.07737297440594,13.58771016761563,False
ARE_2008_ep,THA,0.701364549953977,9.945425506145359,0.3177587723547003,True
ARE_2008_ep,TUN,-0.3641364936922235,-4.839753619072777,0.43718979651954204,True
ARE_2008_ep,ZAF,-0.006523841714639112,-0.25179611452328626,0.1168521604063847,True
ARE_2016_ep,ARG,-0.050311966572838485,-4.478897661361934,0.07218713332267539,True
ARE_2016_ep,AUS,0.300376585270976,9.964365127131993,0.0969308920594737,True
ARE_2016_ep,BGR,-0.18732620999083394,-2.414743473352212,0.6319677929121736,True
ARE_2016_ep,BHR,3.0447042222276437,39.678653732353666,0.7570963049387,True
ARE_2016_ep,BRA,0.06779951206451251,25.74765139275852,0.3979058762157312,True
ARE_2016_ep,BWA,-0.5464365350464055,-13.176116867446789,0.4531603886486028,True
ARE_2016_ep,CHE,-0.13511506766213255,-4.49606327535764,0.04526125050417682,True
ARE_2016_ep,CHL,-0.09037665789571986,-6.176159025899329,0.05705691836009445,True
ARE_2016_ep,COL,0.3777933609682899,23.38011786393096,0.08670609311531573,True
ARE_2016_ep,CRI,-0.13165722555630088,-2.004243003959136,0.31537644863694486,True
ARE_2016_ep,CYP,-1.0664937978508031,-7.361531560805355,3.901743254552522,False
ARE_2016_ep,DEU,-0.010344456528522117,-0.6967400158881961,0.03525061328900618,True
ARE_2016_ep,ECU,0.4603768741059403,30.152532465319126,0.2129908019299284,True
ARE_2016_ep,EGY,-0.8437907236832716,-19.670787775832462,1.0571503509713212,False
ARE_2016_ep,ETH,-0.7984986850305229,-18.04857089493188,0.5646627830952203,True
ARE_2016_ep,FIN,0.16823816779493572,9.104035818831928,0.06743974342260485,True
ARE_2016_ep,FJI,1.6047757487906686,7.147059046312738,1.924632255790595,False
ARE_2016_ep,GHA,-2.0124674352953624,-53.924267731685646,1.3994444338881171,False
ARE_2016_ep,GTM,-0.6168763970818347,-26.640783958658574,0.1710110942219457,True
ARE_2016_ep,HUN,0.2128608432652419,3.700508961037397,0.7204335020552239,True
ARE_2016_ep,ISR,-0.3105509920057816,-12.816298231601117,0.23434355284537306,True
ARE_2016_ep,JOR,-0.10943302912034225,-0.8589589956930628,1.2390573048962377,False
ARE_2016_ep,KEN,-1.9599564266448946,-50.894645088020326,1.3149113615202255,False
ARE_2016_ep,KHM,1.239983136520598,9.711701891241056,2.3085395819501167,False
ARE_2016_ep,KWT,0.055284899994780146,8.556239655241615,0.1605684722746191,True
ARE_2016_ep,LKA,1.6005704496526005,41.63282053906318,0.4565718439324238,True
ARE_2016_ep,MAR,-0.12224898961066155,-1.6060392190867916,0.4638548526539978,True
ARE_2016_ep,MEX,0.3156333253600216,19.867631896652583,0.06301080235961694,True
ARE_2016_ep,MMR,1.3827329263340933,80.30177722961757,0.8845693173301123,False
ARE_2016_ep,MNG,0.2773482411663669,7.622388175759348,1.7839429373192073,False
ARE_2016_ep,MUS,-1.5428147229349527,-9.770226558293203,1.3128339157991649,False
ARE_2016_ep,NOR,-0.055600060386675254,-3.318213992170858,0.03211697959321676,True
ARE_2016_ep,NPL,-0.04104502454466552,-1.7787007556275527,0.6086756468027932,True
ARE_2016_ep,PAK,-0.3442275722728174,-56.65824956759562,0.1134050067166842,True
ARE_2016_ep,PAN,-0.5683280605932906,-5.153611049973954,1.0338225658770115,False
ARE_2016_ep,PER,-0.06260193212107235,-2.887519942149192,0.12912054392811503,True
ARE_2016_ep,PRT,1.5640570859229106,19.409926250288056,0.1644873891692971,True
ARE_2016_ep,ROU,0.31739527930584815,25.11006008996114,0.20971740235612032,True
ARE_2016_ep,SVK,0.27381031943138134,9.569442137188323,0.17920189400686082,True
ARE_2016_ep,SVN,-0.1020321379085567,-1.6068149704060053,0.1966338817347274,True
ARE_2016_ep,SYC,9.548544019943812,39.68897809097862,13.364473829102526,False
ARE_2016_ep,THA,0.9453845871421525,8.518786012533797,0.47381626443221814,True
ARE_2016_ep,TUN,-1.3642760270154102,-21.512816315187642,0.625743530297505,True
ARE_2016_ep,ZAF,-0.36063159207164885,-12.595941051016474,0.10775890177082871,True
BHS_2017_ep,ARG,-0.023658355110180922,-2.0982517115565,0.07130773776258524,True
BHS_2017_ep,AUS,0.23608909821264756,7.5933355445900945,0.0973686469709074,True
BHS_2017_ep,BGR,-0.3294928383793912,-4.192298132741622,0.6184016480276103,True
BHS_2017_ep,BHR,1.2995926794810035,14.38294955488119,1.0911901221911353,False
BHS_2017_ep,BRA,0.05160574619961226,19.31827048195189,0.38954841604350726,True
BHS_2017_ep,BWA,-0.47282598073482546,-11.3721980247369,0.45317508813048984,True
BHS_2017_ep,CHE,-0.1308138626049503,-4.340986430734897,0.044398491593402256,True
BHS_2017_ep,CHL,-0.1529747467379292,-10.314891826852532,0.0559282030938447,True
BHS_2017_ep,COL,0.33049120169057705,19.86333807164408,0.09795893575488925,True
BHS_2017_ep,CRI,-0.4669169529303681,-6.756081256335111,0.3245372418650245,True
BHS_2017_ep,CYP,-0.7514011656724158,-5.328924241948744,3.8156702650437624,False
BHS_2017_ep,DEU,0.008010320845787419,0.5465942706398988,0.03345776005978519,True
BHS_2017_ep,ECU,0.47654322778642794,30.10403746147668,0.21071118769883318,True
BHS_2017_ep,EGY,0.18604204169179495,4.563395551691547,1.1460258181360392,False
BHS_2017_ep,ETH,-0.6484834959849031,-14.599071393320667,0.5785713541097395,True
BHS_2017_ep,FIN,0.3193683602170187,17.663083151548147,0.06624973635964033,True
BHS_2017_ep,FJI,1.411044244344481,6.162186908226397,1.9147627433639198,False
BHS_2017_ep,GHA,-2.012138731853038,-53.8052283054077,1.4161653213586165,False
BHS_2017_ep,GTM,-0.5626984011075703,-25.33944624670226,0.1802547177063638,True
BHS_2017_ep,HUN,0.30824932449865255,5.39666366246006,0.7039141134056992,True
BHS_2017_ep,ISR,-0.19723665039468066,-8.47556500141717,0.23020449980215085,True
BHS_2017_ep,JOR,0.38042783876003305,2.998047177547425,1.2286949450397393,False
BHS_2017_ep,KEN,-1.8146175224973031,-49.30784959371903,1.3163237985546723,False
BHS_2017_ep,KHM,1.3924913461271735,10.825798159864352,2.2586721180790015,False
BHS_2017_ep,KWT,0.039476640067074374,6.143586275435377,0.1573626509895075,True
BHS_2017_ep,LKA,1.5706936489161796,39.760585038296945,0.5088766942658589,True
BHS_2017_ep,MAR,-0.365708981743811,-4.579917727602352,0.4599424367593634,True
BHS_2017_ep,MEX,0.13852174265787634,7.770689351416952,0.08687329263452251,True
BHS_2017_ep,MMR,0.6742153860758907,29.833590705708826,0.929139293738641,False
BHS_2017_ep,MNG,0.1913327793687878,4.905875062423475,1.7440502181682236,False
BHS_2017_ep,MUS,-1.7033233128343301,-10.68911285744459,1.2909214400613087,False
BHS_2017_ep,NOR,-0.02603624527195943,-1.5881115983279661,0.029178087117306604,True
BHS_2017_ep,NPL,0.08869433021277813,3.930661283315428,0.5963398752199229,True
BHS_2017_ep,PAK,-0.24894497083856326,-48.23772936159969,0.13329365946758628,True
BHS_2017_ep,PAN,-1.1323249881388182,-9.78359058667392,1.013492254445131,False
BHS_2017_ep,PER,-0.1435785576040279,-6.508667502822483,0.12670936156393656,True
BHS_2017_ep,PRT,1.8449462246318096,22.549677118574028,0.16670949090210177,True
BHS_2017_ep,ROU,0.3665757928180873,28.26539096477251,0.2051250539778467,True
BHS_2017_ep,SVK,0.04834673790542032,1.562435408792224,0.18784999489936652,True
BHS_2017_ep,SVN,-0.14258406777394997,-2.218290423663901,0.19212082218589838,True
BHS_2017_ep,SYC,9.767787401000387,40.180984880299626,13.194073991234115,False
BHS_2017_ep,THA,0.6526028477519574,5.676239989432423,0.5702151898984371,True
BHS_2017_ep,TUN,-1.1793887582032776,-18.05000878013754,0.6634905044184549,True
BHS_2017_ep,USA,-0.044810527848512395,-3.724440267168172,0.06932720939146216,True
BHS_2017_ep,ZAF,-0.3866153392160762,-13.7293368035301,0.10683944433635285,True
CAN_2004_ep,ARG,0.16530219056865675,11.322639000940397,0.10367206284891928,True
CAN_2004_ep,AUS,-0.7401456791303287,-20.941459572636077,2.3637989798809612e-14,True
CAN_2004_ep,BGR,0.8937066046836785,10.055948412545847,0.7234839908089121,False
CAN_2004_ep,BHR,-2.065249419239362,-17.96488556547557,0.2575837503044084,True
CAN_2004_ep,BWA,0.46841303106282,9.28536351917838,0.2268623885644669,True
CAN_2004_ep,CHE,0.19418111044770825,7.140872871365899,0.0402704427066124,True
CAN_2004_ep,CHL,-0.34167038395473925,-20.14133706288764,0.00846687740244619,True
CAN_2004_ep,COL,-0.14286895029634947,-9.811847721093269,0.1045049720786618,True
CAN_2004_ep,CRI,0.3606517853674941,4.007637341038666,0.23804848341451487,True
CAN_2004_ep,CYP,-5.747625646032311,-30.01383543497164,1.4243957998035337,False
CAN_2004_ep,ECU,-0.4342998201327942,-26.313056082160845,0.26339661695477457,True
CAN_2004_ep,EGY,1.7993968814994363,29.995661536328267,0.428601754519366,True
CAN_2004_ep,ETH,0.7523905430874418,21.34879511607822,0.1711445472934983,True
CAN_2004_ep,FIN,0.0402605423540356,2.5799623688686877,2.5264235625409698e-14,True
CAN_2004_ep,FJI,2.8350976810470607,13.844697917165126,0.9899750742830524,False
CAN_2004_ep,GHA,-2.0529223912405095,-28.805518028470395,1.128722708857949,False
CAN_2004_ep,GTM,-0.4726112652643114,-13.840528630824332,0.14112339539708854,True
CAN_2004_ep,HUN,-0.2714603753459325,-6.026604078139116,0.6086734222136986,False
CAN_2004_ep,ISR,0.37149901830778975,18.745431048207855,0.23884853286163127,True
CAN_2004_ep,JOR,2.1331639254971035,16.792500635858662,1.1334812854586978,False
CAN_2004_ep,KEN,-1.0684313702984958,-18.62496284716576,1.5476830979286391,False
CAN_2004_ep,KHM,4.249003546471594,54.927974107117684,1.3592311258956944,False
CAN_2004_ep,KWT,-0.24416541236390005,-32.31398079172564,0.1712041968397595,True
CAN_2004_ep,LKA,-0.672261773514369,-19.60800199927033,0.09562060823313842,True
CAN_2004_ep,MEX,0.09457556784870232,7.64174099114888,0.024826770206740945,True
CAN_2004_ep,MMR,-1.4276687895233653,-72.19781680261991,0.4567989090142916,True
CAN_2004_ep,MNG,0.5684212048982605,7.847654516562354,1.7124473688412334,False
CAN_2004_ep,MUS,1.5355175086949657,9.13205616139108,0.41146580685446776,True
CAN_2004_ep,NOR,0.075532725310448,6.2392066147147895,0.010591239607310858,True
CAN_2004_ep,NPL,-1.0968380685032648,-30.73659363174541,0.5308666902222098,False
CAN_2004_ep,PAK,-0.12894786135221284,-19.279405262215892,0.3975161163423636,True
CAN_2004_ep,PAN,1.2506582497678416,20.2183142232873,0.16414205800469817,True
CAN_2004_ep,PER,0.3232970364782351,20.021864907847988,0.1121742013189758,True
CAN_2004_ep,PRT,0.3614545749440984,7.78094809608704,0.03103789812870237,True
CAN_2004_ep,ROU,0.24600207104221977,26.11635690996309,0.255527636043423,True
CAN_2004_ep,SVK,-0.23758498733152322,-7.849089718355956,0.23511309944923509,True
CAN_2004_ep,SVN,-0.34608910240259316,-6.223666195099975,0.16943836145443783,True
CAN_2004_ep,SYC,19.487812692767136,145.40653524067602,14.62058397264581,False
CAN_2004_ep,THA,0.7398260597725317,11.1052927428243,0.005514037659226465,True
CAN_2004_ep,TUN,2.5065347857651172,41.70914557438718,0.19129177891942065,True
DEU_2002_ep,BGR,1.281147574111337,15.118745963577847,0.7323565672598337,False
DEU_2002_ep,BHR,0.23804754433392256,2.329516804521694,0.1726354753619438,True
DEU_2002_ep,BWA,-1.3009460764488114,-17.97391752245654,0.24257775452943556,True
DEU_2002_ep,CHE,-0.0673472244820494,-2.3141928410932953,0.018437939351154967,True
DEU_2002_ep,CHL,-0.032041593914278056,-2.0767928311559585,0.000722201496002379,True
DEU_2002_ep,COL,-0.2782101086628936,-17.416640261134116,0.09267962586472234,True
DEU_2002_ep,CRI,-1.1634612938655475,-11.168027150779878,0.22989971630869815,True
DEU_2002_ep,CYP,-5.001357816166938,-24.385153576912543,0.6014968005087076,False
DEU_2002_ep,ECU,-0.7938159071133528,-37.61074050176849,0.2467081053967541,True
DEU_2002_ep,EGY,3.1299622614874876,83.67494295132117,0.3546531753357059,True
DEU_2002_ep,ETH,1.4616500348830879,56.59659836344661,0.03607736707728221,True
DEU_2002_ep,FIN,-0.030646184935596434,-1.9313173035818287,5.955125836642595e-15,True
DEU_2002_ep,FJI,3.394585134416144,18.11297056260579,0.5859780992033415,False
DEU_2002_ep,GHA,-1.676078186328887,-21.841429385639653,1.2297960552826424,False
DEU_2002_ep,GTM,-0.0166721650619027,-0.5573310054388902,0.14285351748108205,True
DEU_2002_ep,HUN,-4.641982688069007,-50.443152489164476,0.29431860617294847,True
DEU_2002_ep,ISR,-0.26997640021527164,-11.111584414861227,0.22706618228583295,True
DEU_2002_ep,JOR,3.4177234683146978,32.42365533071523,1.1614756311420988,False
DEU_2002_ep,KEN,-2.2303589130611727,-32.8813899213516,1.4690957412760008,False
DEU_2002_ep,KHM,4.374400475419327,60.686295275840116,1.0069168612445207,False
DEU_2002_ep,KWT,-0.7050550900595922,-52.37795764006779,0.16804214423400682,True
DEU_2002_ep,LKA,0.532244698972776,18.77231901118117,0.05355505922470564,True
DEU_2002_ep,MEX,0.2515737123508759,23.503575342205522,0.024209838147536484,True
DEU_2002_ep,MMR,-1.6778178025694679,-64.12884555227778,0.2188042470366745,True
DEU_2002_ep,MNG,5.68491992367111,162.90653740739342,0.23520010432135452,True
DEU_2002_ep,MUS,-2.229932477622666,-11.378279124648387,0.3960815871994371,True
DEU_2002_ep,NOR,0.029992153168686732,2.3456424366310573,0.004993369637632076,True
DEU_2002_ep,NPL,-1.393529444639474,-34.62117903171609,0.3730665682142496,True
DEU_2002_ep,PAK,-0.15963008896540815,-21.925067375973722,0.4343961715801361,True
DEU_2002_ep,PAN,1.172089607772758,22.64623650589953,0.05171265632986398,True
DEU_2002_ep,PER,0.30407817344469507,20.31032155601569,0.11721560163984297,True
DEU_2002_ep,PRT,-0.35243879767473646,-6.870466107188114,0.011331069431157576,True
DEU_2002_ep,ROU,-0.08867063383433955,-7.719198499706887,0.27566134006257,True
DEU_2002_ep,SVK,0.007968033397800145,0.30087760174787676,0.23790413724892912,True
DEU_2002_ep,SVN,-0.9869487568887413,-16.25322274257984,0.1896661029062383,True
DEU_2002_ep,SYC,15.2287218648295,98.19603427255416,14.061698870537638,False
DEU_2002_ep,THA,0.9544380869215774,15.261949196023727,8.55211525620948e-15,True
DEU_2002_ep,TUN,-0.904254043280354,-10.119080267352768,3.7819538807086556e-14,True
FRA_2002_ep,BGR,-0.2421264180447519,-2.4219483687984513,0.6884189096724075,False
FRA_2002_ep,BHR,0.6183157548684285,6.284665097164825,1.9876155094350687e-14,True
FRA_2002_ep,BWA,-2.101105858534747,-26.139250134211753,0.22041025362622388,True
FRA_2002_ep,CHE,-0.14205148474756416,-4.759024979710479,9.059855252058184e-15,True
FRA_2002_ep,CHL,-0.28610813909410515,-15.922258940477953,1.4762209355896039e-15,True
FRA_2002_ep,COL,-0.26993686010245777,-16.986692923754873,0.10154764114914093,True
FRA_2002_ep,CRI,0.020645301629716072,0.22358691725429425,0.1984516385198322,True
FRA_2002_ep,CYP,-4.53065027009598,-22.60900555596592,0.662807045806876,False
FRA_2002_ep,ECU,-0.42686126616619846,-24.480833154490742,0.11622635362715422,True
FRA_2002_ep,EGY,2.829206639053453,70.00601757010611,2.2921198984285134e-14,True
FRA_2002_ep,ETH,1.353567841597285,50.306202462020266,5.336466872236586e-15,True
FRA_2002_ep,FIN,-0.039726176363535835,-2.4892925841071323,3.516446315435423e-15,True
FRA_2002_ep,FJI,4.335558234746417,24.356780197954627,0.4110435281776754,False
FRA_2002_ep,GHA,-1.1849735143416604,-16.49750504841457,1.1414173638015732,False
FRA_2002_ep,GTM,0.36290524252403067,13.894554742602486,0.12673025835058319,True
FRA_2002_ep,HUN,-5.187317346244302,-53.215597198038836,0.18989217067499675,True
FRA_2002_ep,ISR,-0.024832544178854433,-1.1367400625167416,0.2464471867291703,False
FRA_2002_ep,JOR,3.8963573191230907,38.722719885355104,1.0755654775125605,False
FRA_2002_ep,KEN,-2.03824866041917,-30.92503972570132,1.612706018526823,False
FRA_2002_ep,KHM,3.78692249069661,48.577092865859626,0.810835491884489,False
FRA_2002_ep,KWT,-0.2751387717732121,-30.031249563354013,0.03898431219810343,True
FRA_2002_ep,LKA,0.5366792529992057,18.95837839008298,0.06257427992345334,True
FRA_2002_ep,MEX,0.08523351931387602,6.891991487205098,2.673771110915334e-15,True
FRA_2002_ep,MMR,-1.7742709260432137,-65.40424927114665,0.1147076130543113,True
FRA_2002_ep,MNG,5.279833158201086,135.56217669030002,0.20014918505202017,True
FRA_2002_ep,MUS,-2.242289786993433,-11.43412295741282,0.46700398950216127,False
FRA_2002_ep,NOR,-0.14140370091362522,-9.751786777811159,1.6793384817138913e-15,True
FRA_2002_ep,NPL,-1.4608527143106305,-35.696712869725886,0.08706443864079359,True
FRA_2002_ep,PAK,-0.07259507646426208,-11.32464659109066,0.33479535960751255,False
FRA_2002_ep,PAN,0.7618629769280222,13.639097803212186,0.035559506034612345,True
FRA_2002_ep,PER,0.33642185136634356,22.966815819049444,0.11922181842217859,True
FRA_2002_ep,PRT,-0.42600130961461125,-8.187093173337493,7.87429153323469e-15,True
FRA_2002_ep,ROU,-0.16368147265395616,-13.375800862780398,0.20013092311470182,True
FRA_2002_ep,SVK,-0.034387616738976855,-1.2780556309545288,0.2264647770614146,True
FRA_2002_ep,SVN,-0.9201350938114325,-15.321507320151374,0.18575185754714912,True
FRA_2002_ep,SYC,15.2287218648295,98.19603427255416,14.792455819218223,False
FRA_2002_ep,THA,0.9351557011029206,14.907648547130067,3.891802844472395e-15,True
FRA_2002_ep,TUN,-1.8429014871364018,-18.662716468342005,1.2858664228228531e-14,True
GRC_2010_ep,ARG,-0.0764545697770406,-6.479229712029983,0.06676794766906462,True
GRC_2010_ep,AUS,0.17887008538654098,8.171102781843985,0.054458274389352496,True
GRC_2010_ep,BGR,-0.4759202483980166,-5.8793146078155925,0.6378434789307533,False
GRC_2010_ep,BHR,-0.6802110654890579,-10.032654483473237,0.49357411070929735,True
GRC_2010_ep,BRA,-0.1567945449410138,-36.94575770724904,0.43351171689920076,True
GRC_2010_ep,BWA,-1.003876189520175,-22.688931087626568,0.4676384974606051,True
GRC_2010_ep,CHE,-0.15234167536798235,-5.059436089640311,0.03010219856198654,True
GRC_2010_ep,CHL,-0.12588186608270502,-9.895968986876213,0.05849935793316637,True
GRC_2010_ep,COL,-0.06218863734826252,-4.846002185727043,0.07893351484180518,True
GRC_2010_ep,CRI,-0.7429272192252189,-10.7764289179292,0.29963316907052795,True
GRC_2010_ep,CYP,-5.157599884841792,-32.76810412264196,3.8141872005525492,False
GRC_2010_ep,DEU,-0.09849685936731763,-6.4114126171107975,0.030831784379191794,True
GRC_2010_ep,ECU,0.2923227890647856,31.138589891912048,0.21048390823443405,True
GRC_2010_ep,EGY,-3.963378759773941,-51.04151868389518,0.5472206110580198,False
GRC_2010_ep,ETH,1.9022587109706586,65.21136808967643,0.2429486023751414,True
GRC_2010_ep,FIN,0.272507160170109,15.66197399815461,0.012121378472523862,True
GRC_2010_ep,FJI,1.729407856398354,7.6313075744811885,1.9950903576307153,False
GRC_2010_ep,GHA,-3.082891325143261,-59.48145244789898,1.457938364157222,False
GRC_2010_ep,GTM,-0.6230753889609728,-21.568249383018745,0.15867663476569735,True
GRC_2010_ep,HUN,0.372749087370698,8.015750376796538,0.7594923199930924,False
GRC_2010_ep,ISR,0.0797559173132516,3.6844645149518556,0.273107812070097,True
GRC_2010_ep,JOR,2.1344961425982443,18.061751435491917,1.3341544553414268,False
GRC_2010_ep,KEN,-1.215773101955738,-26.831638132401405,1.2814096720366008,False
GRC_2010_ep,KHM,5.862847705431278,71.43922259482196,1.8625541775660774,False
GRC_2010_ep,KWT,-0.16333932667981615,-28.028858425570593,0.06812507564138517,True
GRC_2010_ep,LKA,1.3402699205612447,97.1706774401698,0.23041916430061632,True
GRC_2010_ep,MEX,0.10597692985484128,10.634935252357327,0.029300781458435742,True
GRC_2010_ep,MMR,0.024977740696320038,2.1883006954582287,0.7616255059330903,False
GRC_2010_ep,MNG,-4.6242752147528075,-66.54334720221071,1.7326649370171663,False
GRC_2010_ep,MUS,-3.2740953233080816,-18.53809302515402,1.0336739590328023,False
GRC_2010_ep,NOR,0.24091768007056805,22.497428542256994,0.02185756145054979,True
GRC_2010_ep,NPL,-0.8519559730390753,-29.145868411265813,0.6380423460057386,False
GRC_2010_ep,PAK,-0.07376395554197326,-14.807425866768156,0.08253359550683494,True
GRC_2010_ep,PAN,3.9380456766756415,59.85745016418049,0.6810323413612249,False
GRC_2010_ep,PER,-0.2893681985950519,-14.114341188560951,0.10961351249570392,True
GRC_2010_ep,PRT,1.3997807965823006,26.931671492324774,0.024959813735033795,True
GRC_2010_ep,ROU,0.11090382931134693,11.25863723715804,0.20923983359067827,True
GRC_2010_ep,SVK,-0.06194194306377323,-2.343863389814117,0.21208190093233242,True
GRC_2010_ep,SVN,0.689246666015755,12.862794183118371,0.22446218237901644,True
GRC_2010_ep,SYC,12.027280064494608,49.309470372246935,14.11128359052395,False
GRC_2010_ep,THA,1.0026164971751694,13.064261480023923,0.3231178572272418,True
GRC_2010_ep,TUN,-1.742434198484417,-21.989749770128757,0.4248509203676159,True
GRC_2010_ep,ZAF,0.16716157712011298,7.017127675090229,0.11825403152891893,True
HKG_2005_ep,ARG,0.20257742939561063,14.81756871123022,0.06117650728426131,True
HKG_2005_ep,AUS,-0.21766434981102795,-7.2466025351224115,0.02817813884209772,True
HKG_2005_ep,BGR,-1.0556011267440089,-10.207342532722286,0.24731532539056142,True
HKG_2005_ep,BHR,-3.297318649963638,-27.309788344432455,0.15505723753420486,True
HKG_2005_ep,BRA,-0.13415989949801985,-25.525538534513426,0.36397973948250195,False
HKG_2005_ep,BWA,0.2521351458422851,4.781531668460141,0.04680631427804222,True
HKG_2005_ep,CHE,0.3548113137883401,13.572532083973394,1.5254041872121652e-14,True
HKG_2005_ep,CHL,-0.2813777439740256,-17.629709512600787,8.457705359096581e-15,True
HKG_2005_ep,COL,0.02132813869805661,1.6473613643481597,0.04468988330967478,True
HKG_2005_ep,CRI,0.7210651548527853,8.799725091799269,0.20644008347102008,True
HKG_2005_ep,CYP,-6.908211298053817,-35.85922451122816,1.4735888568142212,False
HKG_2005_ep,ECU,-0.5671450383307745,-32.5199083846189,0.26696819660935933,True
HKG_2005_ep,EGY,1.624760370582709,27.96390832993636,0.5788072939651654,False
HKG_2005_ep,ETH,0.2434758227448847,6.375386923193691,0.1457384902307145,True
HKG_2005_ep,FIN,0.41530050538439856,34.458378268200114,6.590114581158092e-15,True
HKG_2005_ep,FJI,2.109371241465543,9.741072487398222,1.1621191602314098,False
HKG_2005_ep,GHA,-1.738526315616704,-27.380049860495387,0.5102936029655517,False
HKG_2005_ep,GTM,0.11980487094519213,4.169944995986889,0.12077739961438745,True
HKG_2005_ep,HUN,0.8729385260433503,23.8417654099342,0.607298816055207,False
HKG_2005_ep,ISR,0.4861271218686462,25.38713772153157,0.2622922640437826,True
HKG_2005_ep,JOR,0.7670054709853673,5.575452014006561,0.8119192015744554,False
HKG_2005_ep,KEN,-0.43939425766018514,-9.458423062249512,1.6172181617247552,False
HKG_2005_ep,KHM,3.3580347439324725,38.69156461379212,1.5022527270156523,False
HKG_2005_ep,KWT,-0.05613709104258011,-10.056424393302532,0.13721741532528192,True
HKG_2005_ep,LKA,-0.9718979137563235,-29.411046480398078,0.026124120983952507,True
HKG_2005_ep,MEX,0.14193829180449308,12.102504841680373,0.007914562797367148,True
HKG_2005_ep,MMR,-0.834343311074733,-67.22209391108423,0.36657308370591074,False
HKG_2005_ep,MNG,-0.8568870248076328,-11.107891641441128,1.9429758017989274,False
HKG_2005_ep,MUS,0.056446387812463784,0.3166385762600042,0.3934523890584507,False
HKG_2005_ep,NOR,0.007990116497257959,0.6328841260730843,7.570944250582875e-15,True
HKG_2005_ep,NPL,-0.6536574723108197,-21.130365848459938,0.427980212353905,False
HKG_2005_ep,PAK,0.04980822178464671,10.468692416633777,0.04862812917239931,True
HKG_2005_ep,PAN,1.9525911882714773,32.93493596372664,0.060917487501399706,True
HKG_2005_ep,PER,0.2898819605452614,17.224157523989543,4.6219730688768166e-15,True
HKG_2005_ep,PRT,0.1507721993692753,3.0607078295876455,1.2738915089028001e-14,True
HKG_2005_ep,ROU,0.45325600338022703,59.12019203474566,0.035553406080400154,True
HKG_2005_ep,SVK,0.508558186780643,21.048128097900637,0.15932111045829167,True
HKG_2005_ep,SVN,-0.24785046675102862,-4.4418334411038245,0.08819370008731203,True
HKG_2005_ep,SYC,11.595991124987174,48.79692200048853,12.596067520195751,False
HKG_2005_ep,THA,-0.2605077067789484,-3.4464653984667657,2.718961865505141e-14,True
HKG_2005_ep,TUN,0.8413545350956095,10.874657446200438,0.2056966577881872,True
IDN_2011_ep,ARG,-0.34815899640505715,-25.412180632315827,0.05005468210834567,True
IDN_2011_ep,AUS,-0.08048260070473123,-3.2934762777459268,0.06453929662759601,True
IDN_2011_ep,BGR,1.5055984623564311,25.022911528364634,0.21063296530777326,True
IDN_2011_ep,BHR,-0.17354326908143633,-2.712490671708958,0.4966796371819596,False
IDN_2011_ep,BRA,-0.0969281402019457,-25.246355178563757,0.14657354928353433,True
IDN_2011_ep,BWA,-0.5137211512868662,-12.754986835765838,0.5007284408738293,False
IDN_2011_ep,CHE,-0.22703734199817482,-7.395869948132882,1.5656200480784174e-14,True
IDN_2011_ep,CHL,-0.21937163611603822,-15.347575898405239,0.020980368835744643,True
IDN_2011_ep,COL,0.164306546105706,13.99269216824317,0.03231224461523886,True
IDN_2011_ep,CRI,0.511416933333918,9.20004271711571,0.2817838236431083,True
IDN_2011_ep,CYP,2.6996975287825253,30.80798580053885,2.1330343765974056,False
IDN_2011_ep,DEU,-0.12552467734978415,-7.965552930046018,0.0052828251079530715,True
IDN_2011_ep,ECU,-0.40904271775737755,-23.646534104325497,0.025853623056917414,True
IDN_2011_ep,EGY,-3.964273542400909,-57.12545195328672,0.611274945522273,False
IDN_2011_ep,ETH,0.9206659441209073,25.055670452889288,0.2784168784695472,True
IDN_2011_ep,FIN,0.06288897005254657,3.2533966319815937,0.03631340139100971,True
IDN_2011_ep,FJI,-0.4518719106209218,-1.8625036504204013,2.0735206441015572,False
IDN_2011_ep,GHA,-2.355306103916562,-53.70825860932379,1.0324030422623454,False
IDN_2011_ep,GTM,-0.40587280791599634,-16.04309329983733,0.043857184701583146,True
IDN_2011_ep,HUN,-0.558484203582247,-9.818792894913997,0.3556274698425071,False
IDN_2011_ep,ISR,-0.25449515339122203,-10.32835572313355,0.05560791620875654,True
IDN_2011_ep,JOR,-0.35914873359041444,-2.6123476476562155,0.6316959350559516,False
IDN_2011_ep,KEN,0.5414092523464749,21.52220989747168,0.30163808348821947,False
IDN_2011_ep,KHM,4.0949851482430075,39.43914865172993,0.9368175075563725,False
IDN_2011_ep,KWT,-0.15875648059594238,-24.75912696901911,0.06566936576999914,True
IDN_2011_ep,LKA,1.6593624605044475,101.23534029866036,0.23700515358685792,True
IDN_2011_ep,MEX,0.010798211727321849,0.9214016884970614,0.0070378001065716815,True
IDN_2011_ep,MMR,1.3349951800843047,250.70512718628336,0.4143137456014564,False
IDN_2011_ep,MNG,-4.920671459923598,-71.05966114226666,0.833548908920846,False
IDN_2011_ep,MUS,-2.5482444456303366,-15.375441803816603,1.0317643149597868,False
IDN_2011_ep,NOR,0.26361681384434904,23.425417010667722,0.015502579849239256,True
IDN_2011_ep,NPL,-0.2931434225591645,-12.691693379565455,0.5412920132258179,False
IDN_2011_ep,PAK,-0.07196222189562931,-15.784946091776693,0.03526289751502621,True
IDN_2011_ep,PAN,3.602660992436184,49.73303506343858,0.7048375788120809,False
IDN_2011_ep,PER,-0.02705603350502108,-1.43261949820052,0.03720436884965286,True
IDN_2011_ep,PRT,1.1819492274653245,19.915807279684387,0.0438656989486413,True
IDN_2011_ep,ROU,0.15042606883719006,14.97768290564685,0.1488854817036367,True
IDN_2011_ep,SVK,-0.5365632179043522,-16.973394138905665,0.10726375643482267,True
IDN_2011_ep,SVN,-0.25331001659545593,-3.9950082705257763,0.06524266997288296,True
IDN_2011_ep,SYC,12.181107744717277,51.160360682240395,11.86379227430068,False
IDN_2011_ep,THA,1.9046788635615386,25.020376398596255,0.20502989910685193,True
IDN_2011_ep,TUN,-2.366301450965275,-30.108523831933937,0.14364331284486193,True
IDN_2011_ep,ZAF,0.40158367324280136,18.41275292458747,0.08362111961727768,True
IND_2013_ep,ARG,-0.26570984022450367,-21.623771140285832,0.0706227259711386,True
IND_2013_ep,AUS,0.33033603780547016,13.70927153263217,0.03327616431372317,True
IND_2013_ep,BGR,0.10436798978421465,1.3771535265332102,0.3274116659711935,True
IND_2013_ep,BHR,2.1418353829861223,32.78243404937169,0.4457266609870533,False
IND_2013_ep,BRA,0.011603098196312944,3.786014930382986,0.15152640337759682,True
IND_2013_ep,BWA,-0.9082801788600581,-20.6258465634771,0.047968036506304094,True
IND_2013_ep,CHE,0.1495687239683253,5.531312157067372,1.444485061989073e-14,True
IND_2013_ep,CHL,-0.4896733904276974,-26.543250473917524,0.048471583848153185,True
IND_2013_ep,COL,0.4871872586911955,41.97065219030908,0.055996603821198906,True
IND_2013_ep,CRI,-0.06500621006111196,-1.0402912480317037,0.380257414354942,True
IND_2013_ep,CYP,-1.088250778085725,-7.6799850845441116,3.3577545935506286,False
IND_2013_ep,DEU,-0.0052566078659245456,-0.3550991908450247,0.008191287212150896,True
IND_2013_ep,ECU,-0.3400149054947656,-17.4424299045887,0.08152925202847833,True
IND_2013_ep,EGY,-2.229630560401058,-49.188911872465496,1.0102059632004665,False
IND_2013_ep,ETH,-0.9657190641381087,-20.65068280213968,0.24083064369569013,True
IND_2013_ep,FIN,-0.33024755429270924,-14.716740593373498,0.0207307475989443,True
IND_2013_ep,FJI,1.5278248611098817,7.088658738311755,2.2024447051222547,False
IND_2013_ep,GHA,-4.116725493823067,-70.6630386325746,0.9706973834801701,False
IND_2013_ep,GTM,-0.8731040477433766,-31.25123533868092,0.0556474027355366,True
IND_2013_ep,HUN,-0.4687052869797526,-7.866831714313461,0.6159102526643081,False
IND_2013_ep,ISR,-0.44902240246514086,-17.359809625173654,0.23008733387418343,True
IND_2013_ep,JOR,-0.7612124376887032,-5.747377939754929,1.0594930375858904,False
IND_2013_ep,KEN,-0.8347748247719909,-26.341743077570804,0.1368011783649277,True
IND_2013_ep,KHM,1.9005308842475561,15.619322752917784,1.184194473733931,False
IND_2013_ep,KWT,-0.43725755573564723,-43.51143088048804,0.055749961401682334,True
IND_2013_ep,LKA,1.7715205299175083,64.89973956068428,0.3242730015724151,True
IND_2013_ep,MEX,0.42207050395997336,38.58710694013362,1.2118428869626896e-14,True
IND_2013_ep,MMR,1.7775967485762592,158.68884097477087,0.4308036932784994,False
IND_2013_ep,MNG,-2.7508245218889797,-49.93054618264393,1.9140216098261447,False
IND_2013_ep,MUS,-2.544370288478512,-15.693631510159666,1.2520695820509642,False
IND_2013_ep,NOR,0.22745741088512178,17.619726875788746,0.01170668042324714,True
IND_2013_ep,NPL,-0.5489961511695356,-20.115327904549098,0.5596279606181631,False
IND_2013_ep,PAK,-0.23836489796541277,-43.749723749656894,0.01229607183410985,True
IND_2013_ep,PAN,2.4219793617922587,28.795090157993805,1.0600813746321585,False
IND_2013_ep,PER,0.5068991673658955,32.174458576936104,0.02818813066409783,True
IND_2013_ep,PRT,0.5058956063592642,6.582397351912052,0.04936642663888317,True
IND_2013_ep,ROU,0.19931959939620505,17.50403241409809,0.13685989555256053,True
IND_2013_ep,SVK,0.5144680411811726,21.809006889868236,0.20052978817026806,True
IND_2013_ep,SVN,-0.07444990008768534,-1.189786864001523,3.646618746086653e-14,True
IND_2013_ep,SYC,11.279631219386207,48.86995263688963,12.601328965601464,False
IND_2013_ep,THA,1.5295657081272842,16.227041970698817,0.23602539361123676,True
IND_2013_ep,TUN,-1.5578744236929156,-24.436555757101168,0.3538772529784187,True
IND_2013_ep,ZAF,0.15514575314347523,6.211709295274116,0.09878350149660761,True
ITA_2014_ep,ARG,-0.33766091036657025,-25.50918068073222,0.06763162849441469,True
ITA_2014_ep,AUS,-0.0578213917780388,-1.816396467890097,0.0533811199106107,True
ITA_2014_ep,BGR,-0.07738455244954667,-1.0126957553556934,0.7673807231677312,False
ITA_2014_ep,BHR,1.9263509282651272,22.454344845033457,0.4388265215351046,True
ITA_2014_ep,BRA,0.0738071236715732,28.138225142188304,0.49007669701851486,False
ITA_2014_ep,BWA,-1.2059451917661819,-25.500717827492917,0.21195542580054036,True
ITA_2014_ep,CHE,-1.1995607566951416,-29.53902122319777,0.03548086348894718,True
ITA_2014_ep,CHL,-0.251589205680858,-14.959477299015035,0.05022331229551918,True
ITA_2014_ep,COL,0.45448722164395744,31.044291863359163,0.07867522458269718,True
ITA_2014_ep,CRI,-1.1192685529603073,-15.099009954866625,0.2419829515206789,True
ITA_2014_ep,CYP,-4.297576686934728,-24.15295396557801,2.1036601695628314,False
ITA_2014_ep,DEU,-0.18919986416985762,-11.364274034145852,0.03485494838781859,True
ITA_2014_ep,ECU,0.5852349986313943,46.053468342377464,0.2551340547941201,True
ITA_2014_ep,EGY,-3.4028691795826234,-54.413012358364135,0.6690237174506496,False
ITA_2014_ep,ETH,1.3906900990355426,63.45249366120692,0.15860497942390003,True
ITA_2014_ep,FIN,0.07156747467034513,3.9364429913256664,0.003709466070990332,True
ITA_2014_ep,FJI,5.209198956692942,28.312225340316804,1.8444101510364712,False
ITA_2014_ep,GHA,-4.415887461053914,-72.97580334857955,1.3516649145226818,False
ITA_2014_ep,GTM,-1.1722824620921233,-39.82546707978458,0.16570023323319077,True
ITA_2014_ep,HUN,-0.05703697514074646,-0.9740978636732954,0.5968497875493334,False
ITA_2014_ep,ISR,0.21439504517602853,11.203377655803251,0.24110501757814032,True
ITA_2014_ep,JOR,-0.49410995808792046,-3.9285325300233596,1.3148506625450809,False
ITA_2014_ep,KEN,-2.9418605791388734,-59.27474285115617,1.345130905024531,False
ITA_2014_ep,KHM,6.517673175524626,88.00454873285042,2.009200974258009,False
ITA_2014_ep,KWT,-0.2828778532313708,-29.01925450775799,0.16388087508312082,True
ITA_2014_ep,LKA,3.116572218641195,142.47851188950472,0.23148899141104554,True
ITA_2014_ep,MEX,0.6477004407264604,56.467438218838886,0.03194821167701583,True
ITA_2014_ep,MMR,1.6252310151778964,103.59935827099345,0.6631695421369715,False
ITA_2014_ep,MNG,-3.7157823165009245,-51.84332291443375,1.5801108474698238,False
ITA_2014_ep,MUS,-4.345924388554084,-23.374783115558852,0.7878109220274813,False
ITA_2014_ep,NOR,0.24466803898715012,18.017598264756508,0.015184839746461594,True
ITA_2014_ep,NPL,-0.7836401088437238,-26.23702274809762,0.6421801575049467,False
ITA_2014_ep,PAK,-0.5399423494487576,-67.30397771307828,0.08572071288389958,True
ITA_2014_ep,PAN,5.4090943948656385,105.99337358565266,0.46051887856575213,True
ITA_2014_ep,PER,0.12573894616055126,6.2554190503992375,0.11233105910938476,True
ITA_2014_ep,PRT,3.2151897059635957,54.8947718800322,0.06651343319794548,True
ITA_2014_ep,ROU,0.42628203894762057,40.8108960601293,0.2510848002930455,True
ITA_2014_ep,SVK,0.35835562409054134,13.367861072660569,0.2161971671599837,True
ITA_2014_ep,SVN,0.8151733010905959,15.10643195994704,0.19352437414719703,True
ITA_2014_ep,SYC,10.160721925603056,43.038744135581666,13.58771016761563,False
ITA_2014_ep,THA,3.2512246509059537,37.68406649791521,0.3177587723546999,True
ITA_2014_ep,TUN,-2.9938116358139317,-40.50475954614454,0.43718979651954193,True
ITA_2014_ep,ZAF,0.03708543951820231,1.4586853266479543,0.11685216040638456,True
JPN_2001_ep,BGR,-0.8214533761413062,-7.8785384755274706,0.648318115161857,False
JPN_2001_ep,BHR,0.3655248595501689,3.606534916496252,0.18572274586894363,True
JPN_2001_ep,BWA,-0.014721165128188395,-0.25740342175393993,0.2364627673282358,True
JPN_2001_ep,CHE,0.3316092469437767,12.850846224121755,0.008286714154709812,True
JPN_2001_ep,CHL,-0.09506071254961315,-5.605629002059955,1.2892616746453919e-14,True
JPN_2001_ep,COL,-0.09048205561193923,-6.377721728069426,0.0891926191895998,True
JPN_2001_ep,CRI,-0.8135435676988504,-8.053603572025315,0.027463192248693258,True
JPN_2001_ep,CYP,-3.744214859545655,-17.99424284789497,0.6346694789073237,False
JPN_2001_ep,ECU,-1.0575047395039774,-41.67153640907969,0.19577356589952208,True
JPN_2001_ep,EGY,1.9939866910050363,47.31267359017403,0.3768341827913125,False
JPN_2001_ep,ETH,1.2215969753481448,48.55367232647921,0.032868010763391964,True
JPN_2001_ep,FIN,0.023722430181249487,1.5529611385097475,7.116982784584054e-15,True
JPN_2001_ep,FJI,2.5748163035545892,13.595559526287065,0.625475085383319,False
JPN_2001_ep,GHA,-0.6907437223539951,-9.56119710812785,1.3153515921376426,False
JPN_2001_ep,GTM,1.0774899128542417,56.16952258830829,0.026831859578129665,True
JPN_2001_ep,HUN,-3.661469655674825,-41.06993684258892,0.2992974676889089,True
JPN_2001_ep,ISR,-0.9600937865155826,-31.2514495567221,0.030100012875782484,True
JPN_2001_ep,JOR,-0.5080641710315479,-3.8449125055810125,0.9891534198760688,False
JPN_2001_ep,KEN,-3.646024560866344,-44.95928954827596,1.4519763556011192,False
JPN_2001_ep,KHM,3.224530106642148,41.491193834374904,0.7712463825541088,False
JPN_2001_ep,KWT,-0.934823060067885,-57.00964230420339,0.15930638821094503,True
JPN_2001_ep,LKA,0.18431899783271258,5.935793319321018,0.01254947569463768,True
JPN_2001_ep,MEX,0.23817936373908305,22.611420789104475,0.02528667345904901,True
JPN_2001_ep,MMR,-1.189704792225538,-48.47249537760083,0.22675467742580743,True
JPN_2001_ep,MNG,4.654357491233577,123.64986095426872,0.25308486605828495,True
JPN_2001_ep,MUS,0.104765870853754,0.6118544137895874,0.36401679712987445,False
JPN_2001_ep,NOR,0.02307188800180442,1.7551618404493659,0.0053801528492391105,True
JPN_2001_ep,NPL,-1.0394109010227983,-26.249898393149344,0.3187791507630853,True
JPN_2001_ep,PAK,-0.38488004541987364,-40.53475260263166,0.4431391605312339,False
JPN_2001_ep,PAN,1.172986781290442,24.783919960737144,0.050139771427672716,True
JPN_2001_ep,PER,-0.19826973584830676,-10.477610864918091,0.10357356355942138,True
JPN_2001_ep,PRT,-0.3654077012039075,-7.070238716536603,1.5498140805325446e-13,True
JPN_2001_ep,ROU,-0.24961161545574911,-20.088533973773433,0.2831859485929996,True
JPN_2001_ep,SVK,0.762979371715769,39.72074196714842,0.07214968093910623,True
JPN_2001_ep,SVN,0.5488880224363,12.186209089246042,0.17069565151648586,True
JPN_2001_ep,SYC,14.376158005944976,84.25027157546405,14.349440851024337,False
JPN_2001_ep,THA,0.5874313230265249,8.793125258473559,8.603571832282118e-15,True
JPN_2001_ep,TUN,-1.0605481126977705,-11.508081781066146,1.0902065999309447e-14,True
JPN_2017_ep,ARG,-0.023658355110180922,-2.0982517115565,0.07130773776258524,True
JPN_2017_ep,AUS,0.23608909821264756,7.5933355445900945,0.0973686469709074,True
JPN_2017_ep,BGR,-0.3294928383793912,-4.192298132741622,0.6184016480276103,True
JPN_2017_ep,BHR,1.2995926794810035,14.38294955488119,1.0911901221911353,False
JPN_2017_ep,BRA,0.05160574619961226,19.31827048195189,0.38954841604350726,True
JPN_2017_ep,BWA,-0.47282598073482546,-11.3721980247369,0.45317508813048984,True
JPN_2017_ep,CHE,-0.1308138626049503,-4.340986430734897,0.044398491593402256,True
JPN_2017_ep,CHL,-0.1529747467379292,-10.314891826852532,0.0559282030938447,True
JPN_2017_ep,COL,0.33049120169057705,19.86333807164408,0.09795893575488925,True
JPN_2017_ep,CRI,-0.4669169529303681,-6.756081256335111,0.3245372418650245,True
JPN_2017_ep,CYP,-0.7514011656724158,-5.328924241948744,3.8156702650437624,False
JPN_2017_ep,DEU,0.008010320845787419,0.5465942706398988,0.03345776005978519,True
JPN_2017_ep,ECU,0.47654322778642794,30.10403746147668,0.21071118769883318,True
JPN_2017_ep,EGY,0.18604204169179495,4.563395551691547,1.1460258181360392,False
JPN_2017_ep,ETH,-0.6484834959849031,-14.599071393320667,0.5785713541097395,True
JPN_2017_ep,FIN,0.3193683602170187,17.663083151548147,0.06624973635964033,True
JPN_2017_ep,FJI,1.411044244344481,6.162186908226397,1.9147627433639198,False
JPN_2017_ep,GHA,-2.012138731853038,-53.8052283054077,1.4161653213586165,False
JPN_2017_ep,GTM,-0.5626984011075703,-25.33944624670226,0.1802547177063638,True
JPN_2017_ep,HUN,0.30824932449865255,5.39666366246006,0.7039141134056992,True
JPN_2017_ep,ISR,-0.19723665039468066,-8.47556500141717,0.23020449980215085,True
JPN_2017_ep,JOR,0.38042783876003305,2.998047177547425,1.2286949450397393,False
JPN_2017_ep,KEN,-1.8146175224973031,-49.30784959371903,1.3163237985546723,False
JPN_2017_ep,KHM,1.3924913461271735,10.825798159864352,2.2586721180790015,False
JPN_2017_ep,KWT,0.039476640067074374,6.143586275435377,0.1573626509895075,True
JPN_2017_ep,LKA,1.5706936489161796,39.760585038296945,0.5088766942658589,True
JPN_2017_ep,MAR,-0.365708981743811,-4.579917727602352,0.4599424367593634,True
JPN_2017_ep,MEX,0.13852174265787634,7.770689351416952,0.08687329263452251,True
JPN_2017_ep,MMR,0.6742153860758907,29.833590705708826,0.929139293738641,False
JPN_2017_ep,MNG,0.1913327793687878,4.905875062423475,1.7440502181682236,False
JPN_2017_ep,MUS,-1.7033233128343301,-10.68911285744459,1.2909214400613087,False
JPN_2017_ep,NOR,-0.02603624527195943,-1.5881115983279661,0.029178087117306604,True
JPN_2017_ep,NPL,0.08869433021277813,3.930661283315428,0.5963398752199229,True
JPN_2017_ep,PAK,-0.24894497083856326,-48.23772936159969,0.13329365946758628,True
JPN_2017_ep,PAN,-1.1323249881388182,-9.78359058667392,1.013492254445131,False
JPN_2017_ep,PER,-0.1435785576040279,-6.508667502822483,0.12670936156393656,True
JPN_2017_ep,PRT,1.8449462246318096,22.549677118574028,0.16670949090210177,True
JPN_2017_ep,ROU,0.3665757928180873,28.26539096477251,0.2051250539778467,True
JPN_2017_ep,SVK,0.04834673790542032,1.562435408792224,0.18784999489936652,True
JPN_2017_ep,SVN,-0.14258406777394997,-2.218290423663901,0.19212082218589838,True
JPN_2017_ep,SYC,9.767787401000387,40.180984880299626,13.194073991234115,False
JPN_2017_ep,THA,0.6526028477519574,5.676239989432423,0.5702151898984371,True
JPN_2017_ep,TUN,-1.1793887582032776,-18.05000878013754,0.6634905044184549,True
JPN_2017_ep,USA,-0.044810527848512395,-3.724440267168172,0.06932720939146216,True
JPN_2017_ep,ZAF,-0.3866153392160762,-13.7293368035301,0.10683944433635285,True
KOR_2017_ep,ARG,-0.023658355110180922,-2.0982517115565,0.07130773776258524,True
KOR_2017_ep,AUS,0.23608909821264756,7.5933355445900945,0.0973686469709074,True
KOR_2017_ep,BGR,-0.3294928383793912,-4.192298132741622,0.6184016480276103,True
KOR_2017_ep,BHR,1.2995926794810035,14.38294955488119,1.0911901221911353,False
KOR_2017_ep,BRA,0.05160574619961226,19.31827048195189,0.38954841604350726,True
KOR_2017_ep,BWA,-0.47282598073482546,-11.3721980247369,0.45317508813048984,True
KOR_2017_ep,CHE,-0.1308138626049503,-4.340986430734897,0.044398491593402256,True
KOR_2017_ep,CHL,-0.1529747467379292,-10.314891826852532,0.0559282030938447,True
KOR_2017_ep,COL,0.33049120169057705,19.86333807164408,0.09795893575488925,True
KOR_2017_ep,CRI,-0.4669169529303681,-6.756081256335111,0.3245372418650245,True
KOR_2017_ep,CYP,-0.7514011656724158,-5.328924241948744,3.8156702650437624,False
KOR_2017_ep,DEU,0.008010320845787419,0.5465942706398988,0.03345776005978519,True
KOR_2017_ep,ECU,0.47654322778642794,30.10403746147668,0.21071118769883318,True
KOR_2017_ep,EGY,0.18604204169179495,4.563395551691547,1.1460258181360392,False
KOR_2017_ep,ETH,-0.6484834959849031,-14.599071393320667,0.5785713541097395,True
KOR_2017_ep,FIN,0.3193683602170187,17.663083151548147,0.06624973635964033,True
KOR_2017_ep,FJI,1.411044244344481,6.162186908226397,1.9147627433639198,False
KOR_2017_ep,GHA,-2.012138731853038,-53.8052283054077,1.4161653213586165,False
KOR_2017_ep,GTM,-0.5626984011075703,-25.33944624670226,0.1802547177063638,True
KOR_2017_ep,HUN,0.30824932449865255,5.39666366246006,0.7039141134056992,True
KOR_2017_ep,ISR,-0.19723665039468066,-8.47556500141717,0.23020449980215085,True
KOR_2017_ep,JOR,0.38042783876003305,2.998047177547425,1.2286949450397393,False
KOR_2017_ep,KEN,-1.8146175224973031,-49.30784959371903,1.3163237985546723,False
KOR_2017_ep,KHM,1.3924913461271735,10.825798159864352,2.2586721180790015,False
KOR_2017_ep,KWT,0.039476640067074374,6.143586275435377,0.1573626509895075,True
KOR_2017_ep,LKA,1.5706936489161796,39.760585038296945,0.5088766942658589,True
KOR_2017_ep,MAR,-0.365708981743811,-4.579917727602352,0.4599424367593634,True
KOR_2017_ep,MEX,0.13852174265787634,7.770689351416952,0.08687329263452251,True
KOR_2017_ep,MMR,0.6742153860758907,29.833590705708826,0.929139293738641,False
KOR_2017_ep,MNG,0.1913327793687878,4.905875062423475,1.7440502181682236,False
KOR_2017_ep,MUS,-1.7033233128343301,-10.68911285744459,1.2909214400613087,False
KOR_2017_ep,NOR,-0.02603624527195943,-1.5881115983279661,0.029178087117306604,True
KOR_2017_ep,NPL,0.08869433021277813,3.930661283315428,0.5963398752199229,True
KOR_2017_ep,PAK,-0.24894497083856326,-48.23772936159969,0.13329365946758628,True
KOR_2017_ep,PAN,-1.1323249881388182,-9.78359058667392,1.013492254445131,False
KOR_2017_ep,PER,-0.1435785576040279,-6.508667502822483,0.12670936156393656,True
KOR_2017_ep,PRT,1.8449462246318096,22.549677118574028,0.16670949090210177,True
KOR_2017_ep,ROU,0.3665757928180873,28.26539096477251,0.2051250539778467,True
KOR_2017_ep,SVK,0.04834673790542032,1.562435408792224,0.18784999489936652,True
KOR_2017_ep,SVN,-0.14258406777394997,-2.218290423663901,0.19212082218589838,True
KOR_2017_ep,SYC,9.767787401000387,40.180984880299626,13.194073991234115,False
KOR_2017_ep,THA,0.6526028477519574,5.676239989432423,0.5702151898984371,True
KOR_2017_ep,TUN,-1.1793887582032776,-18.05000878013754,0.6634905044184549,True
KOR_2017_ep,USA,-0.044810527848512395,-3.724440267168172,0.06932720939146216,True
KOR_2017_ep,ZAF,-0.3866153392160762,-13.7293368035301,0.10683944433635285,True
MAC_2004_ep,ARG,0.16530219056865675,11.322639000940397,0.10367206284891928,True
MAC_2004_ep,AUS,-0.7401456791303287,-20.941459572636077,2.3637989798809612e-14,True
MAC_2004_ep,BGR,0.8937066046836785,10.055948412545847,0.7234839908089121,False
MAC_2004_ep,BHR,-2.065249419239362,-17.96488556547557,0.2575837503044084,True
MAC_2004_ep,BWA,0.46841303106282,9.28536351917838,0.2268623885644669,True
MAC_2004_ep,CHE,0.19418111044770825,7.140872871365899,0.0402704427066124,True
MAC_2004_ep,CHL,-0.34167038395473925,-20.14133706288764,0.00846687740244619,True
MAC_2004_ep,COL,-0.14286895029634947,-9.811847721093269,0.1045049720786618,True
MAC_2004_ep,CRI,0.3606517853674941,4.007637341038666,0.23804848341451487,True
MAC_2004_ep,CYP,-5.747625646032311,-30.01383543497164,1.4243957998035337,False
MAC_2004_ep,ECU,-0.4342998201327942,-26.313056082160845,0.26339661695477457,True
MAC_2004_ep,EGY,1.7993968814994363,29.995661536328267,0.428601754519366,True
MAC_2004_ep,ETH,0.7523905430874418,21.34879511607822,0.1711445472934983,True
MAC_2004_ep,FIN,0.0402605423540356,2.5799623688686877,2.5264235625409698e-14,True
MAC_2004_ep,FJI,2.8350976810470607,13.844697917165126,0.9899750742830524,False
MAC_2004_ep,GHA,-2.0529223912405095,-28.805518028470395,1.128722708857949,False
MAC_2004_ep,GTM,-0.4726112652643114,-13.840528630824332,0.14112339539708854,True
MAC_2004_ep,HUN,-0.2714603753459325,-6.026604078139116,0.6086734222136986,False
MAC_2004_ep,ISR,0.37149901830778975,18.745431048207855,0.23884853286163127,True
MAC_2004_ep,JOR,2.1331639254971035,16.792500635858662,1.1334812854586978,False
MAC_2004_ep,KEN,-1.0684313702984958,-18.62496284716576,1.5476830979286391,False
MAC_2004_ep,KHM,4.249003546471594,54.927974107117684,1.3592311258956944,False
MAC_2004_ep,KWT,-0.24416541236390005,-32.31398079172564,0.1712041968397595,True
MAC_2004_ep,LKA,-0.672261773514369,-19.60800199927033,0.09562060823313842,True
MAC_2004_ep,MEX,0.09457556784870232,7.64174099114888,0.024826770206740945,True
MAC_2004_ep,MMR,-1.4276687895233653,-72.19781680261991,0.4567989090142916,True
MAC_2004_ep,MNG,0.5684212048982605,7.847654516562354,1.7124473688412334,False
MAC_2004_ep,MUS,1.5355175086949657,9.13205616139108,0.41146580685446776,True
MAC_2004_ep,NOR,0.075532725310448,6.2392066147147895,0.010591239607310858,True
MAC_2004_ep,NPL,-1.0968380685032648,-30.73659363174541,0.5308666902222098,False
MAC_2004_ep,PAK,-0.12894786135221284,-19.279405262215892,0.3975161163423636,True
MAC_2004_ep,PAN,1.2506582497678416,20.2183142232873,0.16414205800469817,True
MAC_2004_ep,PER,0.3232970364782351,20.021864907847988,0.1121742013189758,True
MAC_2004_ep,PRT,0.3614545749440984,7.78094809608704,0.03103789812870237,True
MAC_2004_ep,ROU,0.24600207104221977,26.11635690996309,0.255527636043423,True
MAC_2004_ep,SVK,-0.23758498733152322,-7.849089718355956,0.23511309944923509,True
MAC_2004_ep,SVN,-0.34608910240259316,-6.223666195099975,0.16943836145443783,True
MAC_2004_ep,SYC,19.487812692767136,145.40653524067602,14.62058397264581,False
MAC_2004_ep,THA,0.7398260597725317,11.1052927428243,0.005514037659226465,True
MAC_2004_ep,TUN,2.5065347857651172,41.70914557438718,0.19129177891942065,True
MAR_2009_ep,ARG,-0.10825325223886004,-8.558438931875193,0.06570809516598929,True
MAR_2009_ep,AUS,0.16181664640404847,7.038437199521378,0.06812675833224309,True
MAR_2009_ep,BGR,-0.12937327523561243,-1.6569389943855681,0.7394851433559453,False
MAR_2009_ep,BHR,0.44922296516495946,7.265070709056594,0.48531720010943485,True
MAR_2009_ep,BRA,-0.17935181727408317,-39.48264072720317,0.47347551331123966,True
MAR_2009_ep,BWA,-0.16880052818434513,-4.0030311692097875,0.21791047333712682,True
MAR_2009_ep,CHE,-0.4198911017118402,-12.699829097706006,0.035603960294133596,True
MAR_2009_ep,CHL,-0.05252757009506306,-4.27374692175362,0.06235537063399682,True
MAR_2009_ep,COL,-0.058578370644802334,-4.5569853151450985,0.07996251186883355,True
MAR_2009_ep,CRI,-1.4442959583507398,-18.44398679929323,0.23393362750367722,True
MAR_2009_ep,CYP,-8.052557990137794,-44.692068617831715,3.0309601700976594,False
MAR_2009_ep,ECU,0.00999572619345961,0.864766501985906,0.2460902127957725,True
MAR_2009_ep,EGY,-3.1448483389912996,-41.01559489836237,0.6544308270307697,False
MAR_2009_ep,ETH,1.5822698280934888,49.925647069350426,0.2418043617622772,True
MAR_2009_ep,FIN,0.20188123959900697,11.627289824075353,0.004098014606133839,True
MAR_2009_ep,FJI,2.6406038466448534,11.974544748899733,2.0261626978781786,False
MAR_2009_ep,GHA,-3.1660603049645095,-57.125181859925206,1.3959556219092195,False
MAR_2009_ep,GTM,-0.36332751780594286,-12.9217227829755,0.15971953457165808,True
MAR_2009_ep,HUN,1.3076080452089838,35.08320973463236,0.6524238584489351,False
MAR_2009_ep,ISR,0.3505467633222156,18.10404076332848,0.24991018040581972,True
MAR_2009_ep,JOR,1.2750075654775919,10.213772724353404,1.3475872567186475,False
MAR_2009_ep,KEN,-1.0876021839787762,-24.591312147026766,1.31531774348085,False
MAR_2009_ep,KHM,5.792320710323512,75.26618564083746,1.9739430587117885,False
MAR_2009_ep,KWT,-0.03861156615609694,-7.616156830860184,0.1589008464072055,True
MAR_2009_ep,LKA,0.6011300846259356,35.727326701158034,0.2303977324014685,True
MAR_2009_ep,MEX,-0.00606422098292847,-0.5361732542154023,0.03166310635215617,True
MAR_2009_ep,MMR,-0.6134689750791282,-46.985922493197045,0.7002952452671427,False
MAR_2009_ep,MNG,-4.025346409059809,-57.22848297324217,1.5998904444809003,False
MAR_2009_ep,MUS,-3.7112755822590664,-20.060091826526072,0.8550077187369374,False
MAR_2009_ep,NOR,0.1918725988069705,17.77974226352989,0.018435809278568888,True
MAR_2009_ep,NPL,-0.3128571472523101,-11.953034359139469,0.6216112433698249,False
MAR_2009_ep,PAK,-0.009028874904964578,-1.9488866283982613,0.0826054909121153,True
MAR_2009_ep,PAN,3.395131751780731,52.016931196671976,0.6203153594317179,False
MAR_2009_ep,PER,-0.2033653306411805,-10.276710497240433,0.11052608616159802,True
MAR_2009_ep,PRT,0.8958327942725657,17.28183675774978,0.06518241213931979,True
MAR_2009_ep,ROU,0.05864512242631372,5.911317787528296,0.24258468071053915,True
MAR_2009_ep,SVK,-0.1118305206688687,-4.078524786165337,0.21174468640853183,True
MAR_2009_ep,SVN,1.041244599416565,21.245403893104715,0.18704403631019445,True
MAR_2009_ep,SYC,12.996405625398836,52.633192319547625,13.664701821748267,False
MAR_2009_ep,THA,0.5786464468577881,7.596740867050775,0.3169344589227227,True
MAR_2009_ep,TUN,-1.2497736591103932,-15.935206029103457,0.4251308913731651,True
MAR_2009_ep,ZAF,0.0010470528883741892,0.04146826652060548,0.11276835573311945,True
MYS_2012_ep,ARG,-0.2741974333344227,-21.699206232645043,0.06358945426134058,True
MYS_2012_ep,AUS,-0.3054210698026699,-10.814404479470381,0.08689974290497646,True
MYS_2012_ep,BGR,0.04721330463509421,0.6275311722120016,0.674101806232876,False
MYS_2012_ep,BHR,0.5101920150542831,7.38675613760892,0.5502838885632599,True
MYS_2012_ep,BRA,-0.024598674677790366,-7.308931431818518,0.4401522159451764,True
MYS_2012_ep,BWA,-0.00013670845530624475,-0.0038359853624834496,0.4942586597530967,True
MYS_2012_ep,CHE,-0.08657770336893914,-2.9614244565298433,0.037671813495871474,True
MYS_2012_ep,CHL,-0.14304889760529674,-9.956774156348473,0.0574188980803153,True
MYS_2012_ep,COL,0.2006814916813869,15.355957543981352,0.0751063389813331,True
MYS_2012_ep,CRI,-0.1845534832672918,-2.9291310600555684,0.3099289796607596,True
MYS_2012_ep,CYP,-1.9852363449390034,-13.890719732174786,4.196549418552579,False
MYS_2012_ep,DEU,-0.10462615523354754,-6.6612816997610516,0.03935836298701803,True
MYS_2012_ep,ECU,0.2528020560677244,20.943839012767775,0.22662967682799506,True
MYS_2012_ep,EGY,-3.257048718437365,-57.746092849538236,0.8980707805522596,False
MYS_2012_ep,ETH,-1.689401290665661,-29.856487290051373,0.4987599355121479,True
MYS_2012_ep,FIN,-0.017168990736273714,-0.8843744842369765,0.03287976806243961,True
MYS_2012_ep,FJI,-0.29321231051693886,-1.2366488860259959,2.1087024852488074,False
MYS_2012_ep,GHA,-1.4662077591490739,-42.74434997981838,1.451453815918269,False
MYS_2012_ep,GTM,-0.6299094769965032,-23.69499838117953,0.16739454511270932,True
MYS_2012_ep,HUN,-1.2533505616093294,-19.219847603970873,0.771596449950923,False
MYS_2012_ep,ISR,-0.113624667977236,-4.949681631400662,0.2561951794308566,True
MYS_2012_ep,JOR,1.2409318334912172,10.565753718395348,1.2549081429990745,False
MYS_2012_ep,KEN,-2.4818915814353946,-48.234010965956145,1.2522316033256289,False
MYS_2012_ep,KHM,3.417181944150049,31.358062666456572,2.29877235150249,False
MYS_2012_ep,KWT,-0.2738920535334189,-33.21374444224675,0.14861042312591857,True
MYS_2012_ep,LKA,1.7274817463526346,78.70298308265971,0.26220773389316543,True
MYS_2012_ep,MEX,0.3906688513397044,40.690505495633346,0.036081596619451574,True
MYS_2012_ep,MMR,1.4018104535929417,130.0927517768106,0.7417752740061866,False
MYS_2012_ep,MNG,-2.507465661355049,-52.12025637003464,1.7907522192385268,False
MYS_2012_ep,MUS,-2.798519015106932,-16.872061657842423,1.0772566459820738,False
MYS_2012_ep,NOR,0.33457055631954125,29.704337441723858,0.030636559017260895,True
MYS_2012_ep,NPL,-1.105754363498486,-35.17316920996219,0.6232460607713063,False
MYS_2012_ep,PAK,-0.30057689291677187,-47.17645554782859,0.07890369249749289,True
MYS_2012_ep,PAN,3.2941215187574002,43.22460179646414,0.7351885523812837,False
MYS_2012_ep,PER,0.16268039011447305,8.94794705401277,0.11893856800961605,True
MYS_2012_ep,PRT,1.394174000488054,22.526360517017405,0.11852896976056444,True
MYS_2012_ep,ROU,0.30057329476854466,32.96094067614628,0.22352776013886375,True
MYS_2012_ep,SVK,0.13071120725620614,5.004397063638481,0.19371542938503078,True
MYS_2012_ep,SVN,0.047684826740882966,0.7847641990366732,0.21758803842821853,True
MYS_2012_ep,SYC,11.835834214097845,50.54372740269162,13.524303049240013,False
MYS_2012_ep,THA,1.2553987807724112,14.044821634337412,0.3330750370825643,True
MYS_2012_ep,TUN,-0.9024675039485013,-14.761836885402682,0.5580238235171283,True
MYS_2012_ep,ZAF,0.38403387494372687,16.8762399221961,0.10965374388675544,True
NLD_2001_ep,BGR,-0.5887972523549889,-5.86949913466852,0.648318115161857,False
NLD_2001_ep,BHR,0.6674713040661904,6.709144515251075,0.18572274586894363,True
NLD_2001_ep,BWA,-0.034410947965187066,-0.598880350290733,0.2364627673282358,True
NLD_2001_ep,CHE,0.3018013106960791,11.446444796779852,0.008286714154709812,True
NLD_2001_ep,CHL,0.013335231870828912,0.8038679484610505,1.2892616746453919e-14,True
NLD_2001_ep,COL,-0.03762941191697544,-2.74019611757448,0.0891926191895998,True
NLD_2001_ep,CRI,-0.9041989787273494,-9.033524085026079,0.027463192248693258,True
NLD_2001_ep,CYP,-3.1464914510921966,-15.06207858011373,0.6346694789073237,False
NLD_2001_ep,ECU,-0.8662774684178157,-35.890743097201735,0.19577356589952208,True
NLD_2001_ep,EGY,1.543987531797951,36.6973389498903,0.3768341827913125,False
NLD_2001_ep,ETH,1.082638910785672,43.05027311627136,0.032868010763391964,True
NLD_2001_ep,FIN,0.04037832537242486,2.6491472588985716,7.116982784584054e-15,True
NLD_2001_ep,FJI,1.922076079614401,10.162435100578026,0.625475085383319,False
NLD_2001_ep,GHA,-0.8435616055980679,-12.062263879605103,1.3153515921376426,False
NLD_2001_ep,GTM,1.0787794011441203,55.964757279730236,0.026831859578129665,True
NLD_2001_ep,HUN,-3.2046873554688786,-36.753300243921025,0.2992974676889089,True
NLD_2001_ep,ISR,-1.0091751059150353,-33.494056899055245,0.030100012875782484,True
NLD_2001_ep,JOR,-0.6975151703028017,-5.329945581775601,0.9891534198760688,False
NLD_2001_ep,KEN,-3.710192953461177,-46.395712945024506,1.4519763556011192,False
NLD_2001_ep,KHM,2.980778346613757,39.86246440678521,0.7712463825541088,False
NLD_2001_ep,KWT,-0.9052411743064275,-54.577664748949864,0.15930638821094503,True
NLD_2001_ep,LKA,0.3020354443760277,9.860353550437258,0.01254947569463768,True
NLD_2001_ep,MEX,0.21266325828856386,20.196218651416586,0.02528667345904901,True
NLD_2001_ep,MMR,-0.9720414580075731,-40.84559264729617,0.22675467742580743,True
NLD_2001_ep,MNG,4.913670174196566,136.553918065665,0.25308486605828495,True
NLD_2001_ep,MUS,0.20834221400242026,1.2397031929983084,0.36401679712987445,False
NLD_2001_ep,NOR,-0.013900412457452993,-1.0332839512566214,0.0053801528492391105,True
NLD_2001_ep,NPL,-0.7643262234550172,-19.48485536634082,0.3187791507630853,True
NLD_2001_ep,PAK,-0.3964726139415292,-41.312058692468376,0.4431391605312339,False
NLD_2001_ep,PAN,1.0356185414988068,22.12667414140613,0.050139771427672716,True
NLD_2001_ep,PER,-0.2605651956408624,-13.674543629983352,0.10357356355942138,True
NLD_2001_ep,PRT,-0.3666851065652903,-7.018217225962351,1.5498140805325446e-13,True
NLD_2001_ep,ROU,-0.3412653658290452,-27.383344454911793,0.2831859485929996,True
NLD_2001_ep,SVK,0.7996576283779346,42.116107921029084,0.07214968093910623,True
NLD_2001_ep,SVN,0.5395065713140716,12.097542153724959,0.17069565151648586,True
NLD_2001_ep,SYC,14.679091588644102,82.72864369407286,14.349440851024337,False
NLD_2001_ep,THA,0.8655733945558386,13.072755026004545,8.603571832282118e-15,True
NLD_2001_ep,TUN,-1.2558973028118092,-13.532263391028978,1.0902065999309447e-14,True
PHL_2009_ep,ARG,-0.10825325223886004,-8.558438931875193,0.06570809516598929,True
PHL_2009_ep,AUS,0.16181664640404847,7.038437199521378,0.06812675833224309,True
PHL_2009_ep,BGR,-0.12937327523561243,-1.6569389943855681,0.7394851433559453,False
PHL_2009_ep,BHR,0.44922296516495946,7.265070709056594,0.48531720010943485,True
PHL_2009_ep,BRA,-0.17935181727408317,-39.48264072720317,0.47347551331123966,True
PHL_2009_ep,BWA,-0.16880052818434513,-4.0030311692097875,0.21791047333712682,True
PHL_2009_ep,CHE,-0.4198911017118402,-12.699829097706006,0.035603960294133596,True
PHL_2009_ep,CHL,-0.05252757009506306,-4.27374692175362,0.06235537063399682,True
PHL_2009_ep,COL,-0.058578370644802334,-4.5569853151450985,0.07996251186883355,True
PHL_2009_ep,CRI,-1.4442959583507398,-18.44398679929323,0.23393362750367722,True
PHL_2009_ep,CYP,-8.052557990137794,-44.692068617831715,3.0309601700976594,False
PHL_2009_ep,ECU,0.00999572619345961,0.864766501985906,0.2460902127957725,True
PHL_2009_ep,EGY,-3.1448483389912996,-41.01559489836237,0.6544308270307697,False
PHL_2009_ep,ETH,1.5822698280934888,49.925647069350426,0.2418043617622772,True
PHL_2009_ep,FIN,0.20188123959900697,11.627289824075353,0.004098014606133839,True
PHL_2009_ep,FJI,2.6406038466448534,11.974544748899733,2.0261626978781786,False
PHL_2009_ep,GHA,-3.1660603049645095,-57.125181859925206,1.3959556219092195,False
PHL_2009_ep,GTM,-0.36332751780594286,-12.9217227829755,0.15971953457165808,True
PHL_2009_ep,HUN,1.3076080452089838,35.08320973463236,0.6524238584489351,False
PHL_2009_ep,ISR,0.3505467633222156,18.10404076332848,0.24991018040581972,True
PHL_2009_ep,JOR,1.2750075654775919,10.213772724353404,1.3475872567186475,False
PHL_2009_ep,KEN,-1.0876021839787762,-24.591312147026766,1.31531774348085,False
PHL_2009_ep,KHM,5.792320710323512,75.26618564083746,1.9739430587117885,False
PHL_2009_ep,KWT,-0.03861156615609694,-7.616156830860184,0.1589008464072055,True
PHL_2009_ep,LKA,0.6011300846259356,35.727326701158034,0.2303977324014685,True
PHL_2009_ep,MEX,-0.00606422098292847,-0.5361732542154023,0.03166310635215617,True
PHL_2009_ep,MMR,-0.6134689750791282,-46.985922493197045,0.7002952452671427,False
PHL_2009_ep,MNG,-4.025346409059809,-57.22848297324217,1.5998904444809003,False
PHL_2009_ep,MUS,-3.7112755822590664,-20.060091826526072,0.8550077187369374,False
PHL_2009_ep,NOR,0.1918725988069705,17.77974226352989,0.018435809278568888,True
PHL_2009_ep,NPL,-0.3128571472523101,-11.953034359139469,0.6216112433698249,False
PHL_2009_ep,PAK,-0.009028874904964578,-1.9488866283982613,0.0826054909121153,True
PHL_2009_ep,PAN,3.395131751780731,52.016931196671976,0.6203153594317179,False
PHL_2009_ep,PER,-0.2033653306411805,-10.276710497240433,0.11052608616159802,True
PHL_2009_ep,PRT,0.8958327942725657,17.28183675774978,0.06518241213931979,True
PHL_2009_ep,ROU,0.05864512242631372,5.911317787528296,0.24258468071053915,True
PHL_2009_ep,SVK,-0.1118305206688687,-4.078524786165337,0.21174468640853183,True
PHL_2009_ep,SVN,1.041244599416565,21.245403893104715,0.18704403631019445,True
PHL_2009_ep,SYC,12.996405625398836,52.633192319547625,13.664701821748267,False
PHL_2009_ep,THA,0.5786464468577881,7.596740867050775,0.3169344589227227,True
PHL_2009_ep,TUN,-1.2497736591103932,-15.935206029103457,0.4251308913731651,True
PHL_2009_ep,ZAF,0.0010470528883741892,0.04146826652060548,0.11276835573311945,True
POL_2014_ep,ARG,-0.11211130213329021,-10.050876275630035,0.07614622497776297,True
POL_2014_ep,AUS,0.4266084430863691,16.67456378847738,0.09392385947701704,True
POL_2014_ep,BGR,0.05909883430361802,0.7801741743172745,0.6501152252821223,True
POL_2014_ep,BHR,2.5062562280628145,35.812396677192986,0.5898514733865029,True
POL_2014_ep,BRA,0.04778851635149166,16.98247544783629,0.4180141215052461,True
POL_2014_ep,BWA,-0.3363651125119391,-8.761451691770763,0.4692374273041978,True
POL_2014_ep,CHE,-0.13552797458412166,-4.516151465019735,0.04398907860169685,True
POL_2014_ep,CHL,-0.11401791152207985,-7.576370497613808,0.05750783522203364,True
POL_2014_ep,COL,0.3943868690328035,28.17842089585539,0.07108985654959221,True
POL_2014_ep,CRI,-0.12385572129947438,-1.9459217090021586,0.32075160250342827,True
POL_2014_ep,CYP,-1.1012341125741845,-7.639189725155011,4.093429935140218,False
POL_2014_ep,DEU,0.03258673623427275,2.256461576867558,0.04013259799732072,True
POL_2014_ep,ECU,0.4756248784722886,36.622797333381634,0.21951428870024756,True
POL_2014_ep,EGY,-1.8548323454236957,-39.82246791246809,1.032495181011623,False
POL_2014_ep,ETH,-1.217791890634699,-25.15343695062618,0.5270184711543069,True
POL_2014_ep,FIN,-0.31021122470612056,-13.989261657391179,0.03765372436040787,True
POL_2014_ep,FJI,0.843105912558439,3.7411625723180233,2.010061030089482,False
POL_2014_ep,GHA,-1.9034015859204767,-53.05981677295523,1.4205089012681678,False
POL_2014_ep,GTM,-0.6694664349971302,-26.896748735579198,0.1862191976955791,True
POL_2014_ep,HUN,-0.3966331416593258,-6.5067210939032005,0.7480259397983415,False
POL_2014_ep,ISR,-0.2593454515750621,-10.884568947883732,0.2435394120765779,True
POL_2014_ep,JOR,-0.18709753658606765,-1.4876918633191134,1.2591027389418978,False
POL_2014_ep,KEN,-2.837504160308797,-57.14348982850514,1.2463817278397862,False
POL_2014_ep,KHM,1.8312264594223713,14.973809874756517,2.346383504297836,False
POL_2014_ep,KWT,-0.1114831986007296,-15.05231678178359,0.1534434539687419,True
POL_2014_ep,LKA,2.0013801206858988,65.91807055587971,0.3653451024339793,True
POL_2014_ep,MEX,0.5576777925041181,49.72568543360479,0.03760412580150355,True
POL_2014_ep,MMR,1.9192044825252697,166.76254514455465,0.7175275051628436,True
POL_2014_ep,MNG,-0.5879972707915343,-15.598260300433699,1.8460279047324213,False
POL_2014_ep,MUS,-1.7796360268881368,-11.281133692036686,1.2628024786763945,False
POL_2014_ep,NOR,0.18511769880842915,13.338180719551389,0.0322621242745128,True
POL_2014_ep,NPL,-0.70474673753089,-24.16125495693031,0.6313488507797481,True
POL_2014_ep,PAK,-0.3844846724136027,-57.74051646520421,0.08179682807499002,True
POL_2014_ep,PAN,1.2729325196723564,13.58125044145874,1.0321455015799776,False
POL_2014_ep,PER,0.1862811975921174,9.745063193530196,0.12728239859630366,True
POL_2014_ep,PRT,1.3837758509206166,18.694892084583277,0.14303159978000557,True
POL_2014_ep,ROU,0.2786039531662106,24.499597763939295,0.2188171512316621,True
POL_2014_ep,SVK,0.29120460839181234,10.949350225159302,0.18796615159335792,True
POL_2014_ep,SVN,-0.0754261473078616,-1.201570679043519,0.2063794396298368,True
POL_2014_ep,SYC,10.569133609936065,45.207732386080444,13.562022440965062,False
POL_2014_ep,THA,1.478002339277954,14.909803878090194,0.35910700686115177,True
POL_2014_ep,TUN,-1.6051186114402711,-25.344122145253287,0.5363783689974797,True
POL_2014_ep,ZAF,-0.17135948528698036,-6.152960897313826,0.1120821557760095,True
RUS_2014_ep,ARG,-0.06487068597181327,-6.072911394740857,0.08295918505625424,True
RUS_2014_ep,AUS,0.6097296047041605,25.66939669000617,0.07136645578949843,True
RUS_2014_ep,BGR,-0.6941908539196296,-8.335252925287833,0.3277679139008317,True
RUS_2014_ep,BHR,2.669373237524592,39.05347108861566,0.6389673099648217,False
RUS_2014_ep,BRA,0.04778851635149166,16.98247544783629,0.15887438608919421,True
RUS_2014_ep,BWA,-0.35281270793989095,-9.150666438419684,0.4586112763339956,True
RUS_2014_ep,CHE,-0.11235626442082039,-3.7731426931645045,0.0006502732518480723,True
RUS_2014_ep,CHL,-0.05873740317876268,-4.051877673123212,0.03535621111619473,True
RUS_2014_ep,COL,0.3228247438500903,21.943429764248087,0.044363111594423146,True
RUS_2014_ep,CRI,-0.13638257532230327,-2.1385247169656862,0.2837834243885551,True
RUS_2014_ep,CYP,1.6829870171666286,14.469383047771416,3.0281517930145476,False
RUS_2014_ep,DEU,0.15438855266195128,11.675314765328476,0.0151070591205762,True
RUS_2014_ep,ECU,0.0540268970479552,3.1405316026897645,0.04705755672011112,True
RUS_2014_ep,EGY,-1.1044635368271245,-28.266056654522114,1.1123399339904163,False
RUS_2014_ep,ETH,-0.8246288976755036,-18.538109028352324,0.5396614655990181,True
RUS_2014_ep,FIN,-0.2941137015527696,-13.360315882929202,0.04008950408477663,True
RUS_2014_ep,FJI,1.0424522108972234,4.667016485446575,1.9272543424728197,False
RUS_2014_ep,GHA,-2.1426708993754398,-55.99493113515502,1.0803690028800006,False
RUS_2014_ep,GTM,-0.636274644842378,-25.908721899119882,0.0611567856136779,True
RUS_2014_ep,HUN,-0.41632245856591743,-6.807733029933582,0.6493121817079179,False
RUS_2014_ep,ISR,-0.08771594774860603,-3.9671451152817934,0.0622783045007835,True
RUS_2014_ep,JOR,-1.1896142159495355,-8.760768190570186,0.9938011872250964,False
RUS_2014_ep,KEN,-1.0098968388748333,-32.18312620050924,0.2892828189514081,True
RUS_2014_ep,KHM,0.8306588742527822,6.278554754387407,1.1312667255896862,False
RUS_2014_ep,KWT,-0.037097603046434724,-5.568099291779881,0.08072573152436786,True
RUS_2014_ep,LKA,1.5572188396577433,44.743497401818274,0.38288369436917896,True
RUS_2014_ep,MEX,0.5209864602641708,44.982432429205495,0.009830136921088774,True
RUS_2014_ep,MMR,2.012551393286114,190.3097190243283,0.5003574660795242,True
RUS_2014_ep,MNG,-1.9723811364666026,-38.26880926029622,1.8570899759090687,False
RUS_2014_ep,MUS,-1.6313628944934462,-10.439348535326108,1.4217355598675754,False
RUS_2014_ep,NOR,0.19288933208800815,13.976408821605908,0.01697930400349636,True
RUS_2014_ep,NPL,-0.21191448486425904,-8.7422950833559,0.4939745786826936,True
RUS_2014_ep,PAK,-0.24481175478387227,-46.523517778655,0.04063606977707486,True
RUS_2014_ep,PAN,0.19115320141724582,1.8284300685496377,1.1211060233059442,False
RUS_2014_ep,PER,0.2028095494411093,10.702260964686408,0.07338379058923063,True
RUS_2014_ep,PRT,1.2358599040804323,16.36942024967121,0.08179955378027123,True
RUS_2014_ep,ROU,0.29653774554932444,26.49447126537633,0.1313407141016923,True
RUS_2014_ep,SVK,0.20178521365593313,7.340366661926466,0.11767599878898087,True
RUS_2014_ep,SVN,-0.0808639114232312,-1.2870816333418091,0.07841263278491836,True
RUS_2014_ep,SYC,10.569133609936065,45.207732386080444,12.303756625047784,False
RUS_2014_ep,THA,1.4051177019833445,14.071100412859938,0.2923653129128008,True
RUS_2014_ep,TUN,-1.5464783585181123,-24.646420341805445,0.5084757134979014,True
RUS_2014_ep,ZAF,-0.2915464995984715,-10.035404744287794,0.0878887904060156,True
SGP_2010_ep,ARG,-0.08095224194373452,-6.834340273572621,0.06473650230533111,True
SGP_2010_ep,AUS,0.16372092435776792,7.427659816667051,0.08119823826063348,True
SGP_2010_ep,BGR,-0.1402760841618697,-1.8078722622221934,0.7147431032839127,False
SGP_2010_ep,BHR,-0.4907005837770084,-7.445619038131361,0.496206721367443,True
SGP_2010_ep,BRA,-0.1567945449410138,-36.94575770724904,0.45949916923473955,True
SGP_2010_ep,BWA,-1.0045859881459838,-22.701331640517164,0.4517831410258435,True
SGP_2010_ep,CHE,-0.5513663040284353,-16.168790483761978,0.03433349030618308,True
SGP_2010_ep,CHL,-0.07738115555282858,-6.324308562114931,0.06037581581732716,True
SGP_2010_ep,COL,-0.062130687743332524,-4.841705142766292,0.07746491211594193,True
SGP_2010_ep,CRI,-0.645465049471885,-9.496965673674596,0.30617978884388364,True
SGP_2010_ep,CYP,-5.426401551982592,-33.89700743258027,3.7728363244097918,False
SGP_2010_ep,DEU,-0.08570036958197051,-5.625312747337,0.03427901121681988,True
SGP_2010_ep,ECU,0.13787417351001316,12.6116530361546,0.24006750698283388,True
SGP_2010_ep,EGY,-3.977855698992652,-51.13262610679053,0.6326829295464369,False
SGP_2010_ep,ETH,1.949015452392334,67.90262685535565,0.23672931091549268,True
SGP_2010_ep,FIN,0.28314496456536065,16.37347346375015,0.012059876283928243,True
SGP_2010_ep,FJI,2.1494899758636157,9.6641342027044,1.968385646395206,False
SGP_2010_ep,GHA,-2.7075337072809846,-56.31792314159056,1.4224706954476924,False
SGP_2010_ep,GTM,-0.6078142514041494,-21.151712491743954,0.15524012126754008,True
SGP_2010_ep,HUN,0.31340569320056727,6.654682126419202,0.7542499620687132,False
SGP_2010_ep,ISR,0.013822660004620157,0.6196869670660098,0.267122605627202,True
SGP_2010_ep,JOR,1.9493769198577529,16.240898117272547,1.302498265462745,False
SGP_2010_ep,KEN,-1.167599389259522,-26.045370969384397,1.330770548059514,False
SGP_2010_ep,KHM,6.3346540459052285,81.89643852021415,2.043266614631186,False
SGP_2010_ep,KWT,-0.1735081504877723,-29.263187216762407,0.15661422511293235,True
SGP_2010_ep,LKA,1.2875508614894087,89.911911141452,0.25086427480439877,True
SGP_2010_ep,MEX,0.02217855544652685,2.053006333072536,0.037024482468538664,True
SGP_2010_ep,MMR,0.026651194804351387,2.338340338486231,0.7359810846366461,False
SGP_2010_ep,MNG,-4.326091097157422,-65.04340472869599,1.6783019053529011,False
SGP_2010_ep,MUS,-3.2349405725303555,-18.357093824372576,1.002933462640453,False
SGP_2010_ep,NOR,0.23643875749279383,21.98721488454611,0.021219854578943934,True
SGP_2010_ep,NPL,-0.7896994206606684,-27.603955834483113,0.6276198170541627,False
SGP_2010_ep,PAK,-0.06438678392804308,-13.17301226361634,0.07991941605664502,True
SGP_2010_ep,PAN,3.8886869758541565,58.66706373163827,0.6617254993984352,False
SGP_2010_ep,PER,-0.3694902537220248,-17.344569959633972,0.11246005086455337,True
SGP_2010_ep,PRT,1.4436164594584793,28.011312083872358,0.0639389953654411,True
SGP_2010_ep,ROU,0.1759268868431635,19.121812662244494,0.2362087016382927,True
SGP_2010_ep,SVK,-0.060388107907946506,-2.2864110952033445,0.20513889610322358,True
SGP_2010_ep,SVN,0.6301026686178111,11.630668960790162,0.2169141426890401,True
SGP_2010_ep,SYC,12.027280064494608,49.309470372246935,13.91590285199409,False
SGP_2010_ep,THA,1.0281347625085255,13.44146260906115,0.3126605299084643,True
SGP_2010_ep,TUN,-1.822146150079775,-22.766697760011184,0.41117926903394464,True
SGP_2010_ep,ZAF,0.17771409673032554,7.493295959944267,0.11475346630140626,True
TUR_2013_ep,ARG,-0.0352084347935643,-3.526894058084416,0.03350813608906781,True
TUR_2013_ep,AUS,0.34238876799479534,14.280904842711205,0.044073137643376295,True
TUR_2013_ep,BGR,-0.43529365049160484,-5.3619535347475376,0.012247545647300438,True
TUR_2013_ep,BHR,2.4270769100532377,38.844148024288856,0.4624421584307883,False
TUR_2013_ep,BRA,-0.5667406651204031,-64.05178429708897,0.16106359068642243,False
TUR_2013_ep,BWA,-0.093604607684878,-2.60815068728082,0.5212138162925727,False
TUR_2013_ep,CHE,-0.0792748196307623,-2.7029679554461388,1.492496559834505e-14,True
TUR_2013_ep,CHL,-0.03095869084443841,-2.2335130345263385,0.00473946938809115,True
TUR_2013_ep,COL,0.4242270604129871,34.66640998521532,0.031203322706307587,True
TUR_2013_ep,CRI,-0.015928986686227907,-0.25692867413992443,0.2718852075201772,False
TUR_2013_ep,CYP,4.610104724502785,54.41832162765723,0.7728624390309882,False
TUR_2013_ep,DEU,0.043113239087593416,3.010803771110808,0.0023259105246375427,True
TUR_2013_ep,ECU,0.18668415979289468,13.122226931785953,0.039492359075710276,True
TUR_2013_ep,EGY,-1.7887413298118897,-43.714180824867945,0.33047066576535183,False
TUR_2013_ep,ETH,-0.9441875053264026,-20.283648633573623,0.5589010483431374,False
TUR_2013_ep,FIN,-0.3151451186445354,-14.138890062009661,0.03442755480387369,True
TUR_2013_ep,FJI,-0.06984534567678011,-0.30169787456058,2.1553718747451898,False
TUR_2013_ep,GHA,-2.6282719331253466,-60.59555586841291,1.0792579304981396,False
TUR_2013_ep,GTM,-0.7287260669656467,-27.504862198609242,0.003430945424755664,True
TUR_2013_ep,HUN,0.5579674095204508,11.314767024966846,0.18486770021022073,False
TUR_2013_ep,ISR,-0.801053308863267,-27.259749061922307,1.7787837943479533e-14,True
TUR_2013_ep,JOR,-0.7355815140080526,-5.564625642589064,0.7271636235025988,False
TUR_2013_ep,KEN,-2.015518418776049,-46.336286346356246,0.2775343400583486,False
TUR_2013_ep,KHM,0.701600934482039,5.248852579421507,1.197373027784917,False
TUR_2013_ep,KWT,0.16997473040900107,42.74014106971756,0.06049827719850229,True
TUR_2013_ep,LKA,0.688791828861265,18.06735682480273,0.045850794055607096,True
TUR_2013_ep,MEX,0.36435750103282766,31.641294797272423,1.067316471786001e-14,True
TUR_2013_ep,MMR,2.318504008334741,400.2456372845872,0.23395085716081865,False
TUR_2013_ep,MNG,0.6720840452592574,32.21272037254294,1.1964919829678275,False
TUR_2013_ep,MUS,-3.4873811166777684,-20.327747611842476,1.2069138838543176,False
TUR_2013_ep,NOR,-0.505048042284805,-24.959993554285578,4.629110814533407e-15,True
TUR_2013_ep,NPL,0.026724372226391502,1.240960993858468,0.36060821711479235,False
TUR_2013_ep,PAK,-0.19466522561525249,-38.8446486552365,0.026384554194506107,True
TUR_2013_ep,PAN,-0.04827293957205967,-0.4436305989172581,0.5218273958428368,False
TUR_2013_ep,PER,0.32482562098165857,18.48178911445189,0.006831158479423227,True
TUR_2013_ep,PRT,1.0742461550524685,15.093593964234987,0.021700757969047642,True
TUR_2013_ep,ROU,0.16159146195309612,13.73569103313465,0.04125665580797593,True
TUR_2013_ep,SVK,0.39926502701555744,16.137309005336682,0.06815020569454579,True
TUR_2013_ep,SVN,-0.21735499260060465,-3.3960019819265512,0.07539551004904063,True
TUR_2013_ep,SYC,11.279631219386207,48.86995263688963,12.373070389162244,False
TUR_2013_ep,THA,2.0459296688220507,22.963036464600606,0.17241278389438333,False
TUR_2013_ep,TUN,0.2506926022993762,5.489683532287375,0.21655203189115507,False
TUR_2013_ep,ZAF,-0.7050481787525923,-20.99715135852902,6.233089088255905e-15,True
USA_2001_ep,BGR,-0.8214533761413062,-7.8785384755274706,0.648318115161857,False
USA_2001_ep,BHR,0.3655248595501689,3.606534916496252,0.18572274586894363,True
USA_2001_ep,BWA,-0.014721165128188395,-0.25740342175393993,0.2364627673282358,True
USA_2001_ep,CHE,0.3316092469437767,12.850846224121755,0.008286714154709812,True
USA_2001_ep,CHL,-0.09506071254961315,-5.605629002059955,1.2892616746453919e-14,True
USA_2001_ep,COL,-0.09048205561193923,-6.377721728069426,0.0891926191895998,True
USA_2001_ep,CRI,-0.8135435676988504,-8.053603572025315,0.027463192248693258,True
USA_2001_ep,CYP,-3.744214859545655,-17.99424284789497,0.6346694789073237,False
USA_2001_ep,ECU,-1.0575047395039774,-41.67153640907969,0.19577356589952208,True
USA_2001_ep,EGY,1.9939866910050363,47.31267359017403,0.3768341827913125,False
USA_2001_ep,ETH,1.2215969753481448,48.55367232647921,0.032868010763391964,True
USA_2001_ep,FIN,0.023722430181249487,1.5529611385097475,7.116982784584054e-15,True
USA_2001_ep,FJI,2.5748163035545892,13.595559526287065,0.625475085383319,False
USA_2001_ep,GHA,-0.6907437223539951,-9.56119710812785,1.3153515921376426,False
USA_2001_ep,GTM,1.0774899128542417,56.16952258830829,0.026831859578129665,True
USA_2001_ep,HUN,-3.661469655674825,-41.06993684258892,0.2992974676889089,True
USA_2001_ep,ISR,-0.9600937865155826,-31.2514495567221,0.030100012875782484,True
USA_2001_ep,JOR,-0.5080641710315479,-3.8449125055810125,0.9891534198760688,False
USA_2001_ep,KEN,-3.646024560866344,-44.95928954827596,1.4519763556011192,False
USA_2001_ep,KHM,3.224530106642148,41.491193834374904,0.7712463825541088,False
USA_2001_ep,KWT,-0.934823060067885,-57.00964230420339,0.15930638821094503,True
USA_2001_ep,LKA,0.18431899783271258,5.935793319321018,0.01254947569463768,True
USA_2001_ep,MEX,0.23817936373908305,22.611420789104475,0.02528667345904901,True
USA_2001_ep,MMR,-1.189704792225538,-48.47249537760083,0.22675467742580743,True
USA_2001_ep,MNG,4.654357491233577,123.64986095426872,0.25308486605828495,True
USA_2001_ep,MUS,0.104765870853754,0.6118544137895874,0.36401679712987445,False
USA_2001_ep,NOR,0.02307188800180442,1.7551618404493659,0.0053801528492391105,True
USA_2001_ep,NPL,-1.0394109010227983,-26.249898393149344,0.3187791507630853,True
USA_2001_ep,PAK,-0.38488004541987364,-40.53475260263166,0.4431391605312339,False
USA_2001_ep,PAN,1.172986781290442,24.783919960737144,0.050139771427672716,True
USA_2001_ep,PER,-0.19826973584830676,-10.477610864918091,0.10357356355942138,True
USA_2001_ep,PRT,-0.3654077012039075,-7.070238716536603,1.5498140805325446e-13,True
USA_2001_ep,ROU,-0.24961161545574911,-20.088533973773433,0.2831859485929996,True
USA_2001_ep,SVK,0.762979371715769,39.72074196714842,0.07214968093910623,True
USA_2001_ep,SVN,0.5488880224363,12.186209089246042,0.17069565151648586,True
USA_2001_ep,SYC,14.376158005944976,84.25027157546405,14.349440851024337,False
USA_2001_ep,THA,0.5874313230265249,8.793125258473559,8.603571832282118e-15,True
USA_2001_ep,TUN,-1.0605481126977705,-11.508081781066146,1.0902065999309447e-14,True
USA_2011_ep,ARG,-0.22245526381397998,-17.877312828880836,0.06526443558136714,True
USA_2011_ep,AUS,-0.05416496573668983,-2.2406475835398503,0.08852159345778532,True
USA_2011_ep,BGR,-0.14758286860471834,-1.9241420593772514,0.692988354962224,False
USA_2011_ep,BHR,-1.3385429422787871,-17.69873454515182,0.52376998466246,True
USA_2011_ep,BRA,-0.0969281402019457,-25.246355178563757,0.4495360024230294,True
USA_2011_ep,BWA,-0.25946925715412406,-6.876348225171473,0.5001000134163489,True
USA_2011_ep,CHE,-0.5939505857670261,-17.282591027452373,0.03646407051416389,True
USA_2011_ep,CHL,-0.08714808463551696,-6.71851388944232,0.05913506861371025,True
USA_2011_ep,COL,0.020540003346487624,1.5584248676019077,0.07511288232827343,True
USA_2011_ep,CRI,-0.3435549586043235,-5.356474743423413,0.3180140005153769,True
USA_2011_ep,CYP,-3.5228091105525374,-23.508140080493327,4.098384003289831,False
USA_2011_ep,DEU,-0.17006217304951132,-10.49519433671714,0.03511201559639201,True
USA_2011_ep,ECU,0.16298299881549833,14.07701328058486,0.2336041367154107,True
USA_2011_ep,EGY,-4.164687446420194,-58.32890404404242,0.6924730909570046,False
USA_2011_ep,ETH,0.7872926019656142,20.675489494425566,0.3599388436598677,True
USA_2011_ep,FIN,0.06501811123083465,3.3672510681168424,0.028861099660456392,True
USA_2011_ep,FJI,0.23343251217233388,0.9901181855362409,2.142592841369047,False
USA_2011_ep,GHA,-1.5793445862174393,-43.75632172726376,1.4628017891087466,False
USA_2011_ep,GTM,-0.7517570922798555,-26.14102152946812,0.15095360362647514,True
USA_2011_ep,HUN,-0.47645861529591665,-8.4992570876268,0.7846010252395305,False
USA_2011_ep,ISR,-0.09955662759262136,-4.311481674335905,0.2632636950947748,True
USA_2011_ep,JOR,1.2824073970223115,10.59266057438931,1.2933271811417244,False
USA_2011_ep,KEN,-1.7270518308059841,-36.10024211929894,1.290626600872258,False
USA_2011_ep,KHM,5.617989659594902,63.40816058784163,2.135138497978966,False
USA_2011_ep,KWT,-0.22098581702433934,-31.415323393018287,0.15213457871769454,True
USA_2011_ep,LKA,1.7545674565898477,113.64449905433763,0.2437342582521682,True
USA_2011_ep,MEX,0.13930076069847175,13.350266139413575,0.0358704254429649,True
USA_2011_ep,MMR,0.8133015422732734,77.14944144365181,0.7539600306603832,False
USA_2011_ep,MNG,-4.021207490955476,-66.73937011274127,1.6749912805027865,False
USA_2011_ep,MUS,-3.140383803380632,-18.294623202598665,1.0607102356515594,False
USA_2011_ep,NOR,0.290241718641295,26.41634189889365,0.024270528584190886,True
USA_2011_ep,NPL,-1.0028141672249073,-33.21239442066009,0.611822903533337,False
USA_2011_ep,PAK,-0.17912350124325194,-31.812916858342703,0.08034850530083987,True
USA_2011_ep,PAN,3.0627356580741787,39.34693075747014,0.7203677157196664,False
USA_2011_ep,PER,-0.16991230286868034,-8.364184247992258,0.11707934676543108,True
USA_2011_ep,PRT,1.2626976131714267,21.56989672532198,0.11686469195856239,True
USA_2011_ep,ROU,0.2603273292909475,29.105276433535213,0.22909395553609627,True
USA_2011_ep,SVK,0.001762050504220003,0.06718008166101717,0.19913187320951367,True
USA_2011_ep,SVN,0.153020433690436,2.5785617668424425,0.22358438036484107,True
USA_2011_ep,SYC,12.181107744717277,51.160360682240395,13.685509208676633,False
USA_2011_ep,THA,1.6434454601476833,20.872477070649165,0.3028542037267286,True
USA_2011_ep,TUN,-2.1165382348720505,-27.814500464003437,0.40518375677714014,True
USA_2011_ep,ZAF,0.3729872080498959,16.88026793453026,0.11268141208078981,True
VNM_2013_ep,ARG,-0.18590351632647606,-16.179880662916258,0.05276957276369171,True
VNM_2013_ep,AUS,0.27586775984203465,11.195706723116947,0.06236521396201569,True
VNM_2013_ep,BGR,0.16051745893966754,2.1338652505476157,0.10824946589930774,True
VNM_2013_ep,BHR,2.2499502587642386,35.01666433927796,0.4582646450811459,False
VNM_2013_ep,BRA,-0.21376361882889733,-40.19327155395332,0.15598825120758053,True
VNM_2013_ep,BWA,-0.035963567714263255,-1.0184271275841938,0.49164405667513367,False
VNM_2013_ep,CHE,0.26972067301564895,10.438571144155382,4.8951041282633455e-14,True
VNM_2013_ep,CHL,-0.15193756696726807,-10.081603544848427,0.01809831776922093,True
VNM_2013_ep,COL,0.3800454743780971,29.973871336493364,0.028897087616680146,True
VNM_2013_ep,CRI,0.1586219282642693,2.63263339993483,0.2687462938745877,True
VNM_2013_ep,CYP,4.298058093833765,48.932479934388496,1.3697377228490368,False
VNM_2013_ep,DEU,0.1589884271769304,12.080490209402095,0.013861992983805266,True
VNM_2013_ep,ECU,0.19769300947974253,14.004420132976355,0.03775113794890648,True
VNM_2013_ep,EGY,-1.5649280556570841,-40.45740074876227,0.5020980266389659,False
VNM_2013_ep,ETH,-0.7820921114252446,-17.40758377659271,0.5203437834745975,False
VNM_2013_ep,FIN,-0.33576938220124525,-14.92608016726255,0.04345377170656394,True
VNM_2013_ep,FJI,0.008703795770193068,0.037724154274758566,1.9665972486818606,False
VNM_2013_ep,GHA,-2.785334262466372,-61.9725733318168,0.9986360659316462,False
VNM_2013_ep,GTM,-0.7160738754535848,-27.15700683138211,0.050384684563292016,True
VNM_2013_ep,HUN,0.6735839854136264,13.987238754500622,0.2823334535553348,True
VNM_2013_ep,ISR,-0.06565703993025851,-2.9800795243972953,0.06232661728325117,True
VNM_2013_ep,JOR,-0.7760465593816626,-5.852824644660109,0.6563745498664179,False
VNM_2013_ep,KEN,-1.5034819450854005,-39.1763748935869,0.2863577642618965,True
VNM_2013_ep,KHM,1.4064018616234943,11.10731054710918,1.1961619853551773,False
VNM_2013_ep,KWT,0.10001883060204593,21.387570884234133,0.056317271482347095,True
VNM_2013_ep,LKA,0.0916091018483673,2.077521546435768,0.24234286689745776,True
VNM_2013_ep,MEX,0.46640658963121295,44.44184669975891,1.1356664458500911e-14,True
VNM_2013_ep,MMR,2.2358660093761475,337.79091355894997,0.21561634541611469,True
VNM_2013_ep,MNG,-2.5374629388101013,-47.91335993772626,1.480087607194061,False
VNM_2013_ep,MUS,-2.6116452985276157,-16.04201607727431,1.1740048628455075,False
VNM_2013_ep,NOR,-0.01631420073264045,-1.0630246735620064,0.01410066190881369,True
VNM_2013_ep,NPL,-0.030049463723162972,-1.359522043147113,0.47316279642459075,False
VNM_2013_ep,PAK,-0.2076377528588214,-40.3877793567228,0.04117440637788988,True
VNM_2013_ep,PAN,0.13873062037558767,1.2972348756127279,0.7524638394908681,False
VNM_2013_ep,PER,0.4997419662193159,31.57671909153448,0.033780289687233025,True
VNM_2013_ep,PRT,1.1127658037795611,15.719889307234046,0.056279361170016834,True
VNM_2013_ep,ROU,0.2341443478001918,21.21099415724861,0.13343557667353742,True
VNM_2013_ep,SVK,0.31021410415629347,12.102494748238584,0.09343512986178408,True
VNM_2013_ep,SVN,0.17133069084377722,2.8499852625433655,0.07487392709099068,True
VNM_2013_ep,SYC,11.279631219386207,48.86995263688963,11.987322120249999,False
VNM_2013_ep,THA,2.0755236001364437,23.372825929697136,0.27378698366270454,True
VNM_2013_ep,TUN,0.24128957198303738,5.272917969416396,0.3311708928442073,False
VNM_2013_ep,ZAF,-0.04555074380058599,-1.6881085035055867,0.04229963977669264,True
ZAF_2000_ep,BGR,-0.3043228553795,-3.0684359261458143,0.6802226643131707,False
ZAF_2000_ep,BHR,-2.679493805862171,-20.52147829065681,7.074272812609151e-14,True
ZAF_2000_ep,BWA,0.11665636720346591,2.2276031481314345,0.2580920065296471,True
ZAF_2000_ep,CHE,-0.18009627735648256,-5.676768211958754,1.0028946376149341e-14,True
ZAF_2000_ep,CHL,-0.007944394212022666,-0.4824386628156891,8.399040805317531e-15,True
ZAF_2000_ep,COL,-0.02057405655020621,-1.5217617667855463,0.09581179212398558,True
ZAF_2000_ep,CRI,-0.5347732760158384,-5.35365418855559,1.830164856937324e-14,True
ZAF_2000_ep,CYP,-2.3386043208208314,-11.235947742135734,0.34742954422101907,False
ZAF_2000_ep,ECU,-0.38650614807282424,-18.072228616247575,0.15104943724085906,True
ZAF_2000_ep,EGY,0.5292101189431195,10.574113426078332,0.39734910025853143,False
ZAF_2000_ep,ETH,0.9699343826220682,40.322073935100114,0.030568787664396475,True
ZAF_2000_ep,FIN,0.31768860697254064,25.27208631789717,4.8910333213777214e-15,True
ZAF_2000_ep,FJI,2.1705182714703897,12.081299006073424,0.4328608341989053,False
ZAF_2000_ep,GHA,0.09958762281534472,1.5925883988581393,1.1017645381520251,False
ZAF_2000_ep,GTM,0.8784195089418152,42.99557521302382,4.479581372914158e-15,True
ZAF_2000_ep,HUN,-2.4940658160501585,-29.28245686737566,0.3249331364724846,False
ZAF_2000_ep,ISR,-2.6502256076368704,-53.76437296429486,1.3408258660238794e-14,True
ZAF_2000_ep,JOR,-0.9176370790831954,-7.037526873205596,0.5812006877027519,False
ZAF_2000_ep,KEN,-6.05878023182651,-58.96524755828269,0.24057605399479248,True
ZAF_2000_ep,KHM,3.816706691782886,59.47017603136586,0.6279588586443063,False
ZAF_2000_ep,KWT,-0.4887861188877437,-37.58703817734107,0.16045199351099057,True
ZAF_2000_ep,LKA,0.022404936712608237,0.7141440772771982,0.00809424406885495,True
ZAF_2000_ep,MEX,0.2231881126771193,21.554008815283183,0.024886989995908968,True
ZAF_2000_ep,MMR,-1.1447296418887583,-42.25832364034476,0.13785522613728565,True
ZAF_2000_ep,MNG,2.756783880859126,57.3223247599483,0.1373225345789153,True
ZAF_2000_ep,MUS,0.3238556170206948,1.9765184436516645,0.39621203804249266,False
ZAF_2000_ep,NOR,-0.8610247485562141,-38.7564991841766,3.1822950634368806e-15,True
ZAF_2000_ep,NPL,-1.5272539142909498,-31.482473743402817,0.28653991490322966,False
ZAF_2000_ep,PAK,-0.6461557231190092,-53.51142491229292,0.3951662435220987,False
ZAF_2000_ep,PAN,1.8575583948278414,49.33938047475284,0.0058775865473818445,True
ZAF_2000_ep,PER,-0.2113453144506162,-11.362274817469585,0.10498787400247195,True
ZAF_2000_ep,PRT,-0.9236998452915139,-15.852579048095764,8.481987653619656e-15,True
ZAF_2000_ep,ROU,-0.27424325958493984,-22.669329220002354,0.3102112586983899,False
ZAF_2000_ep,SVK,0.5937491587251483,29.798611601830824,0.07730867134345001,True
ZAF_2000_ep,SVN,1.125871374788462,29.006679024396703,0.12693413732910172,True
ZAF_2000_ep,SYC,14.341715910282351,77.62774274219801,14.605759909503195,False
ZAF_2000_ep,THA,0.6668968445247758,9.672723250849183,3.7425945857258285e-14,True
ZAF_2000_ep,TUN,-0.6228569106705921,-7.010928084181674,1.4166376187586768e-14,True
