case_id,variant,att_pp,att_rel_pct,rmspe_pre
ARE_2008_ep,direct,0.6552026142602986,32.90089137563184,0.2591679821367512
ARE_2016_ep,direct,4.706493816556124,147.60569654426126,0.8997458856599102
BHS_2017_ep,direct,6.387633891279676,29.434891686857156,4.631010147775934
CAN_2004_ep,direct,-0.13395092779796397,-9.342514499586699,0.007285888750827971
DEU_2002_ep,direct,0.1824226752915487,15.945896893276684,0.04130041903462007
FRA_2002_ep,direct,-0.6608735601674713,-20.85215700680079,7.571037282012404e-15
GRC_2010_ep,direct,1.6636243182049086,34.7425492262781,0.44700131682220945
HKG_2005_ep,direct,2.1402028564886244,33.29549882949621,0.09918579742316068
IDN_2011_ep,direct,-1.3404509472822963,-53.306618383817394,0.10373009027063337
IND_2013_ep,direct,-0.006901161469006878,-0.669078283369832,0.06469982077811542
ITA_2014_ep,direct,-0.0675547722137555,-2.8174213044882075,0.020759957173767163
JPN_2001_ep,direct,-0.33809557789049266,-59.879531257026606,0.7481831276026945
JPN_2017_ep,direct,0.5210037346043922,158.29198330184985,0.15440366331390343
KOR_2017_ep,direct,-0.13096246888811636,-9.542372307723573,0.21372902856441653
MAC_2004_ep,direct,29.51233789528237,89.7301347825154,16.66354472764291
MAR_2009_ep,direct,-2.669528356133184,-25.358449214769575,0.3196166547277038
MYS_2012_ep,direct,-0.8388310191952432,-10.910511089677128,0.49858237757807705
NLD_2001_ep,direct,-0.043444594444913,-1.699939375175719,3.6404030704949633e-14
PHL_2009_ep,direct,-0.8947939471734419,-33.43805233117209,0.3905239802591072
POL_2014_ep,direct,-1.0168460448889522,-29.01342652102013,0.308766478905675
RUS_2014_ep,direct,-0.20551864729534586,-17.061585208791744,0.028083555934658274
SGP_2010_ep,direct,1.3964274976269515,29.025527256284196,0.5294047298258779
TUR_2013_ep,direct,-0.4394495323550527,-10.335711038690953,0.0748247145789321
USA_2001_ep,direct,-0.21929988544699794,-19.635129922910544,6.153480596427404e-15
USA_2011_ep,direct,0.2748450659075554,28.864442741110462,0.053573898654104266
VNM_2013_ep,direct,-0.42562611889180657,-11.672130399683535,0.23312309729548575
ZAF_2000_ep,direct,0.6834865984004516,32.87277535189813,6.5659156612256524e-15
ARE_2008_ep,ridge_low_penalty,0.1365140472615356,5.438520828061539,0.11715228169988787
ARE_2016_ep,ridge_low_penalty,2.3727645500071946,42.96705820038905,0.4487783786035687
BHS_2017_ep,ridge_low_penalty,2.7950485295594873,11.050471831759369,2.528621702281951
CAN_2004_ep,ridge_low_penalty,-0.1268433339840398,-8.890863907583702,0.0053328574945646955
DEU_2002_ep,ridge_low_penalty,0.1954571085131395,17.282167034852623,0.02908752679339188
FRA_2002_ep,ridge_low_penalty,-0.6608735601674768,-20.85215700680092,4.4894761530045854e-15
GRC_2010_ep,ridge_low_penalty,1.343370348268815,26.295795423767135,0.27019898835903194
HKG_2005_ep,ridge_low_penalty,2.103413115785046,32.53693134253982,0.07312798542198123
IDN_2011_ep,ridge_low_penalty,-1.3152171870040317,-52.833306276046166,0.06553535096592525
IND_2013_ep,ridge_low_penalty,-0.012768032852399181,-1.2308792733514533,0.0304751522782608
ITA_2014_ep,ridge_low_penalty,-0.07402068333516043,-3.078784446994082,0.01880373019073658
JPN_2001_ep,ridge_low_penalty,0.17947218844828375,381.3808024737736,0.02611903350525645
JPN_2017_ep,ridge_low_penalty,0.31830250426450907,59.849052438607444,0.03416646182706781
KOR_2017_ep,ridge_low_penalty,0.04567220243665685,3.819396670033102,0.11000374660557777
MAC_2004_ep,ridge_low_penalty,-0.8528204617858691,-1.3482204977668844,1.5727326929836944
MAR_2009_ep,ridge_low_penalty,-2.7573745210147367,-25.976156311378094,0.1995014225293647
MYS_2012_ep,ridge_low_penalty,-0.5873196783054629,-7.8975080737437695,0.33770543068504066
NLD_2001_ep,ridge_low_penalty,-0.04344459444491333,-1.699939375175732,3.163856428975082e-14
PHL_2009_ep,ridge_low_penalty,-0.4861226109377542,-21.440559632151164,0.22537237626434942
POL_2014_ep,ridge_low_penalty,-0.5602647757746643,-18.38041478797443,0.13864547503802077
RUS_2014_ep,ridge_low_penalty,-0.21132421214238165,-17.459399381851803,0.018985128155167383
SGP_2010_ep,ridge_low_penalty,1.4367492264388662,30.11604243622659,0.30636977026057016
TUR_2013_ep,ridge_low_penalty,-0.4936383607503467,-11.4641043387086,0.04515737191210696
USA_2001_ep,ridge_low_penalty,-0.21929988544699705,-19.63512992291048,4.353999727674824e-15
USA_2011_ep,ridge_low_penalty,0.17228276221236546,16.33391549109791,0.025090793436461617
VNM_2013_ep,ridge_low_penalty,-0.3918163674970442,-10.845508197021967,0.09521438268443291
ZAF_2000_ep,ridge_low_penalty,0.683486598400451,32.87277535189809,4.878921788166319e-15
ARE_2008_ep,ridge_high_penalty,0.4930667456267006,22.89522209145534,0.2036560764971923
ARE_2016_ep,ridge_high_penalty,3.9121979901844974,98.22599022697979,0.6886927776614785
BHS_2017_ep,ridge_high_penalty,5.536766264550649,24.551372012590143,3.603027457745884
CAN_2004_ep,ridge_high_penalty,-0.13175423636620875,-9.203405037092274,0.006868944142984873
DEU_2002_ep,ridge_high_penalty,0.18497613041918948,16.205269546011067,0.03793395658535213
FRA_2002_ep,ridge_high_penalty,-0.6608735601674713,-20.852157006800788,7.0335936418499965e-15
GRC_2010_ep,ridge_high_penalty,1.64999125140824,34.36001523796348,0.3886717658566845
HKG_2005_ep,ridge_high_penalty,2.1329355650817483,33.144967146796276,0.09473774416836558
IDN_2011_ep,ridge_high_penalty,-1.3366778797834697,-53.23645149175061,0.09570197238686486
IND_2013_ep,ridge_high_penalty,-0.02098166996403452,-2.006809865275382,0.05030513306985629
ITA_2014_ep,ridge_high_penalty,-0.0678531317742862,-2.8295125238579044,0.020439612040012278
JPN_2001_ep,ridge_high_penalty,0.2500891642794417,,0.09005211960556163
JPN_2017_ep,ridge_high_penalty,0.4292281339515646,101.97463968199905,0.06621177070912275
KOR_2017_ep,ridge_high_penalty,-0.10365680821409702,-7.706108172512911,0.17722447547810377
MAC_2004_ep,ridge_high_penalty,7.014973257905065,12.665270633088733,3.9742063766278184
MAR_2009_ep,ridge_high_penalty,-2.7817286675506288,-26.145601176656655,0.28194237810396305
MYS_2012_ep,ridge_high_penalty,-0.7863546651629013,-10.298252097602004,0.4559930211914208
NLD_2001_ep,ridge_high_penalty,-0.043444594444914,-1.6999393751757577,3.5641675199699893e-14
PHL_2009_ep,ridge_high_penalty,-0.733823067351912,-29.177806847761396,0.3436239887414706
POL_2014_ep,ridge_high_penalty,-0.8643174388436126,-25.78347708498788,0.23071549741326933
RUS_2014_ep,ridge_high_penalty,-0.2052110944205779,-17.040403813416592,0.02587203050228562
SGP_2010_ep,ridge_high_penalty,1.3642568878428283,28.168484933483853,0.44739144603402503
TUR_2013_ep,ridge_high_penalty,-0.45314192607789633,-10.623539596933679,0.06785170729834185
USA_2001_ep,ridge_high_penalty,-0.21929988544699794,-19.635129922910544,5.7460521929354035e-15
USA_2011_ep,ridge_high_penalty,0.22906295407871574,22.952783149912143,0.037015069818621474
VNM_2013_ep,ridge_high_penalty,-0.39691265911061846,-10.971097492255756,0.20006838603880006
ZAF_2000_ep,ridge_high_penalty,0.6834865984004511,32.8727753518981,6.309349683581922e-15
ARE_2008_ep,horizon3,0.7950791960644678,42.80930092595565,0.2591679821367512
ARE_2016_ep,horizon3,4.3617634235826666,135.70542150423492,0.8997458856599102
BHS_2017_ep,horizon3,6.387633891279676,29.434891686857156,4.631010147775934
CAN_2004_ep,horizon3,-0.13297751556198945,-8.857498962855942,0.007285888750827971
DEU_2002_ep,horizon3,0.11085004327599528,9.770338128053087,0.04130041903462007
FRA_2002_ep,horizon3,-0.4444324613410311,-14.58517186787982,7.571037282012404e-15
GRC_2010_ep,horizon3,0.9188025623094234,19.97018661234691,0.44700131682220945
HKG_2005_ep,horizon3,1.2371001734536862,18.173815498901188,0.09918579742316068
IDN_2011_ep,horizon3,-0.725573058637447,-40.69562990617003,0.10373009027063337
IND_2013_ep,horizon3,0.007052883555568841,0.6953149089583418,0.06469982077811542
JPN_2001_ep,horizon3,-0.3836453269977003,-68.74055519254746,0.7481831276026945
JPN_2017_ep,horizon3,0.5210037346043922,158.29198330184985,0.15440366331390343
KOR_2017_ep,horizon3,-0.13096246888811636,-9.542372307723573,0.21372902856441653
MAC_2004_ep,horizon3,33.2852239133597,116.0538777539025,16.66354472764291
MAR_2009_ep,horizon3,-1.5661270423948181,-16.223298477318778,0.3196166547277038
MYS_2012_ep,horizon3,-0.7653591496595418,-9.71235094843154,0.49858237757807705
NLD_2001_ep,horizon3,-0.05039802810404644,-1.9621770741025562,3.6404030704949633e-14
PHL_2009_ep,horizon3,-0.9059443370567904,-35.03836113711371,0.3905239802591072
POL_2014_ep,horizon3,-1.2164925307179986,-33.68197143182231,0.308766478905675
RUS_2014_ep,horizon3,-0.24576985219107583,-20.182549023552806,0.028083555934658274
SGP_2010_ep,horizon3,1.4938971936120409,31.521952849441103,0.5294047298258779
TUR_2013_ep,horizon3,0.04180847914526945,1.0290050605701009,0.0748247145789321
USA_2001_ep,horizon3,-0.19378191102879047,-17.633461736076956,6.153480596427404e-15
USA_2011_ep,horizon3,0.23923410237518794,24.815459455178914,0.053573898654104266
VNM_2013_ep,horizon3,-0.25360166844129967,-7.3158743726032345,0.23312309729548575
ZAF_2000_ep,horizon3,0.5106301294772188,25.814023081441803,6.5659156612256524e-15
ARE_2008_ep,horizon8,1.2019700516344696,56.822324906773964,0.2591679821367512
ARE_2016_ep,horizon8,4.706493816556124,147.60569654426126,0.8997458856599102
BHS_2017_ep,horizon8,6.387633891279676,29.434891686857156,4.631010147775934
CAN_2004_ep,horizon8,-0.15022798117581723,-10.837591020791253,0.007285888750827971
DEU_2002_ep,horizon8,0.2819308370707958,26.34841884786546,0.04130041903462007
FRA_2002_ep,horizon8,-0.6415623578597295,-20.87518789062198,7.571037282012404e-15
GRC_2010_ep,horizon8,2.212293761894683,42.302405873370525,0.44700131682220945
HKG_2005_ep,horizon8,4.227900318132962,69.89719977542805,0.09918579742316068
IDN_2011_ep,horizon8,-1.6155638867606816,-55.44836824396271,0.10373009027063337
IND_2013_ep,horizon8,0.004258017046280546,0.4089946449809107,0.06469982077811542
ITA_2014_ep,horizon8,-0.05326264990881242,-2.190543722667017,0.020759957173767163
JPN_2001_ep,horizon8,-0.30728077389651964,-56.2043357925923,0.7481831276026945
JPN_2017_ep,horizon8,0.5210037346043922,158.29198330184985,0.15440366331390343
KOR_2017_ep,horizon8,-0.13096246888811636,-9.542372307723573,0.21372902856441653
MAC_2004_ep,horizon8,33.73728320584354,97.3621262165695,16.66354472764291
MAR_2009_ep,horizon8,-3.1554147650987128,-29.2581335485135,0.3196166547277038
MYS_2012_ep,horizon8,-1.168733790692932,-15.053654720528764,0.49858237757807705
NLD_2001_ep,horizon8,-0.043444594444913,-1.699939375175719,3.6404030704949633e-14
PHL_2009_ep,horizon8,-0.9162916885373833,-32.81288731314055,0.3905239802591072
POL_2014_ep,horizon8,-1.0460567106007863,-29.434835844522677,0.308766478905675
RUS_2014_ep,horizon8,-0.23088446840980228,-18.72413962905949,0.028083555934658274
SGP_2010_ep,horizon8,1.1781736591889298,24.36635288872959,0.5294047298258779
TUR_2013_ep,horizon8,-0.2069430359062487,-4.747187242654164,0.0748247145789321
USA_2001_ep,horizon8,-0.17434051697133976,-16.032421036620136,6.153480596427404e-15
USA_2011_ep,horizon8,0.2734602444623373,29.06736792599015,0.053573898654104266
VNM_2013_ep,horizon8,-0.4409387885173897,-11.880766781475488,0.23312309729548575
ZAF_2000_ep,horizon8,0.6772149705583729,30.98612842325853,6.5659156612256524e-15
ARE_2008_ep,did,1.4521203437254842,,
ARE_2016_ep,did,5.612169193305259,,
BHS_2017_ep,did,4.97199686481348,,
CAN_2004_ep,did,-0.6962012059147222,,
DEU_2002_ep,did,-0.183284411184663,,
FRA_2002_ep,did,-0.32511737378041916,,
GRC_2010_ep,did,1.5698717062241387,,
HKG_2005_ep,did,3.1938787944901765,,
IDN_2011_ep,did,-0.09126346145101949,,
IND_2013_ep,did,0.4722662736128185,,
ITA_2014_ep,did,0.026218015179614085,,
JPN_2001_ep,did,-0.3157541051533187,,
JPN_2017_ep,did,0.3234966137196005,,
KOR_2017_ep,did,-0.2631031579313221,,
MAC_2004_ep,did,13.996191080265376,,
MAR_2009_ep,did,1.7891630015713407,,
MYS_2012_ep,did,0.10848506785023382,,
NLD_2001_ep,did,-0.5417109989226963,,
PHL_2009_ep,did,-0.3902921383935749,,
POL_2014_ep,did,-0.6163882240295564,,
RUS_2014_ep,did,0.009598602239592302,,
SGP_2010_ep,did,0.9651966525327458,,
TUR_2013_ep,did,0.4026519671678499,,
USA_2001_ep,did,-0.723887064971404,,
USA_2011_ep,did,0.4583767185814578,,
VNM_2013_ep,did,-0.2864234338621485,,
ZAF_2000_ep,did,0.3039091616329428,,
