case_id,iso3,economy_group,opening_year,n_pre,n_post,window_end,post_horizon_used,n_donors,method,att_pp,att_rel_pct,att_pp_min,att_pp_max,att_pp_lp_min,att_pp_lp_max,rmspe_pre,rmspe_post,rmspe_ratio,p_gap_rank,p_ratio_rank,placebo_sd_pp,placebo_sd_rel_pct,n_placebos,n_placebos_comparable,n_placebos_exact,fit_exact,fit_tolerance,pre_fit_ok,did_att_pp,sample_primary,first_episode,parks_only,category,capex_pct_gdp,capex_first_pct_gdp,n_openings
ARE_2008_ep,ARE,ARE,2008,13,5,2012,5,42,direct,0.6552026142602986,32.90089137563184,0.6552026142602986,0.6552026142602986,,,0.2591679821367512,0.7227537457819091,2.788746278853785,0.20689655172413793,0.42857142857142855,0.805082133026253,18.584546568005933,42,28,1,False,0.012326693795343114,True,1.4521203437254842,True,True,False,destination_resort,1.1731898194229435,0.5815843665347825,3
ARE_2016_ep,ARE,ARE,2016,21,4,2019,4,44,direct,4.706493816556124,147.60569654426126,4.706493816556124,4.706493816556124,,,0.8997458856599102,4.748317331481045,5.277398215606661,0.030303030303030304,0.044444444444444446,0.7831734423930359,19.980281604461695,44,32,0,False,0.021276656621608353,False,5.612169193305259,False,False,True,multi_park_resort,1.174681131844809,0.9267667463695016,2
BHS_2017_ep,BHS,BHS,2017,22,3,2019,3,45,direct,6.387633891279676,29.434891686857156,6.387633891279676,6.387633891279676,,,4.631010147775934,7.423148194389925,1.602922031590652,0.030303030303030304,0.3695652173913043,0.5728347256661219,17.279993499977774,45,32,0,False,0.019477420802175363,False,4.97199686481348,False,False,False,integrated_resort,35.350857258288514,35.350857258288514,1
CAN_2004_ep,CAN,CAN,2004,9,5,2008,5,40,direct,-0.13395092779796397,-9.342514499586699,-0.13395092779796397,-0.13395092779796397,,,0.007285888750827971,0.15152725198539582,20.797360098063013,0.8666666666666667,0.027777777777777776,0.905631091655565,23.026648915212473,40,29,5,False,0.011829039571593751,True,-0.6962012059147222,True,True,False,integrated_resort,0.08575811480270078,0.08575811480270078,1
DEU_2002_ep,DEU,DEU,2002,7,5,2006,5,38,direct,0.1824226752915487,15.945896893276684,0.1824226752915487,0.1824226752915487,,,0.04130041903462007,0.22653343148443505,5.485015328646991,0.7419354838709677,0.48484848484848486,1.7041662395652646,42.65802773110411,38,30,6,False,0.011424147464863277,True,-0.183284411184663,True,True,True,theme_park,,,2
FRA_2002_ep,FRA,FRA,2002,5,5,2006,5,38,direct,-0.6608735601674713,-20.85215700680079,-2.5104817300911426,0.07751309011098684,-2.5104817300911426,0.07751309011098684,7.571037282012404e-15,0.7588283975608987,,0.42857142857142855,,1.7693378798409625,38.949469343873794,38,27,11,True,0.006148801919319044,False,-0.32511737378041916,False,False,True,multi_park_resort,0.03867549767737432,0.03867549767737432,1
GRC_2010_ep,GRC,GRC,2010,14,5,2014,5,43,direct,1.6636243182049086,34.7425492262781,1.6636243182049086,1.6636243182049086,,,0.44700131682220945,1.9346950848846984,4.3281641732930405,0.10344827586206896,0.27906976744186046,0.7379851309657842,27.825369613089254,43,28,1,False,0.01365539060350485,True,1.5698717062241387,True,True,False,destination_resort,0.23467925785734522,0.23467925785734522,1
HKG_2005_ep,HKG,HKG,2005,7,5,2009,5,41,direct,2.1402028564886244,33.29549882949621,2.1402028564886244,2.1402028564886244,,,0.09918579742316068,2.4418604123897043,24.619053088537356,0.07142857142857142,0.08571428571428572,0.8739108364522573,20.24019151772321,41,27,7,False,0.007752861876710243,True,3.1938787944901765,True,True,True,theme_park,1.0644603549567955,1.0644603549567955,1
IDN_2011_ep,IDN,IDN,2011,9,5,2015,5,43,direct,-1.3404509472822963,-53.306618383817394,-1.3404509472822963,-1.3404509472822963,,,0.10373009027063337,1.58236658725788,15.254653525601508,0.17857142857142858,0.12195121951219512,0.8251256289926383,26.654503347107816,43,27,3,False,0.0074442740851818345,True,-0.09126346145101949,True,True,True,theme_park,0.03019490982661742,0.03019490982661742,1
IND_2013_ep,IND,IND,2013,10,5,2017,5,43,direct,-0.006901161469006878,-0.669078283369832,-0.006901161469006878,-0.006901161469006878,,,0.06469982077811542,0.021651373010284802,0.33464347736815264,0.9666666666666667,1.0,0.6953421391537238,26.10139566210485,43,29,4,False,0.010026489408513403,True,0.4722662736128185,True,True,False,mega_attraction,0.01608634017721096,0.01608634017721096,2
ITA_2014_ep,ITA,ITA,2014,13,4,2018,5,43,direct,-0.0675547722137555,-2.8174213044882075,-0.0675547722137555,-0.0675547722137555,,,0.020759957173767163,0.07367994891969619,3.5491378090509813,0.9310344827586207,0.5116279069767442,1.6853026519249095,45.46552685370574,43,28,1,False,0.012099147576033946,True,0.026218015179614085,True,True,True,theme_park,0.015418728199423101,0.015418728199423101,1
JPN_2001_ep,JPN,JPN,2001,6,5,2005,5,38,direct,-0.33809557789049266,-59.879531257026606,-0.33809557789049266,-0.33809557789049266,,,0.7481831276026945,0.3458759743265058,0.4622878564967791,0.6428571428571429,1.0,1.3601564680468903,36.89345949907036,38,27,7,False,0.008910459934635738,False,-0.3157541051533187,False,False,True,multi_park_resort,0.08242136619636403,0.08242136619636403,2
JPN_2017_ep,JPN,JPN,2017,22,3,2019,3,45,direct,0.5210037346043922,158.29198330184985,0.5210037346043922,0.5210037346043922,,,0.15440366331390343,0.5260586830685883,3.407034987240609,0.21212121212121213,0.15217391304347827,0.5728347256661219,17.279993499977774,45,32,0,False,0.019477420802175363,True,0.3234966137196005,True,True,True,theme_park,0.006163952467046401,0.006163952467046401,1
KOR_2017_ep,KOR,KOR,2017,22,3,2019,3,45,direct,-0.13096246888811636,-9.542372307723573,-0.13096246888811636,-0.13096246888811636,,,0.21372902856441653,0.1744776874913376,0.8163499767124576,0.7272727272727273,0.7391304347826086,0.5728347256661219,17.279993499977774,45,32,0,False,0.019477420802175363,True,-0.2631031579313221,True,True,False,integrated_resort,0.0709242080829596,0.0709242080829596,2
MAC_2004_ep,MAC,MAC,2004,9,5,2008,5,40,direct,29.51233789528237,89.7301347825154,29.51233789528237,29.51233789528237,,,16.66354472764291,30.21301562101272,1.8131205643714443,0.03333333333333333,0.7222222222222222,0.905631091655565,23.026648915212473,40,29,5,False,0.011829039571593751,False,13.996191080265376,False,False,False,integrated_resort,29.217299440010837,3.2134924713138906,9
MAR_2009_ep,MAR,MAR,2009,14,5,2013,5,42,direct,-2.669528356133184,-25.358449214769575,-2.669528356133184,-2.669528356133184,,,0.3196166547277038,3.065404847634693,9.590879581185321,0.03571428571428571,0.09523809523809523,0.6044826097670135,17.73237986107365,42,27,1,False,0.012216872337657792,True,1.7891630015713407,True,True,False,destination_resort,0.37810745296497633,0.37810745296497633,1
MYS_2012_ep,MYS,MYS,2012,17,5,2016,5,43,direct,-0.8388310191952432,-10.910511089677128,-0.8388310191952432,-0.8388310191952432,,,0.49858237757807705,0.8956252902009176,1.7963436544859919,0.20689655172413793,0.6136363636363636,0.659789633652385,25.28192005256946,43,28,0,False,0.01549644898303798,True,0.10848506785023382,True,True,True,theme_park,0.07820060247901514,0.07820060247901514,1
NLD_2001_ep,NLD,NLD,2001,6,4,2005,5,38,direct,-0.043444594444913,-1.699939375175719,-0.6278193957654099,0.3270218192770553,-0.6278193957654099,0.3270218192770553,3.6404030704949633e-14,0.26060995527427583,,0.8214285714285714,,1.3442165643187378,37.57482020892981,38,27,7,True,0.008910459934635738,False,-0.5417109989226963,False,False,True,theme_park,,,1
PHL_2009_ep,PHL,PHL,2009,14,5,2013,5,42,direct,-0.8947939471734419,-33.43805233117209,-0.8947939471734419,-0.8947939471734419,,,0.3905239802591072,0.8956527634775834,2.2934641885072726,0.21428571428571427,0.5714285714285714,0.6044826097670135,17.73237986107365,42,27,1,False,0.012216872337657792,True,-0.3902921383935749,True,True,False,integrated_resort,0.4581542156219096,,4
POL_2014_ep,POL,POL,2014,19,5,2018,5,43,direct,-1.0168460448889522,-29.01342652102013,-1.0168460448889522,-1.0168460448889522,,,0.308766478905675,1.0617626802172946,3.4387239313683797,0.25,0.29545454545454547,0.8869052749512962,38.5330579684918,43,31,0,False,0.017955350343057588,True,-0.6163882240295564,True,True,True,theme_park,0.004245630272419537,0.004245630272419537,1
RUS_2014_ep,RUS,RUS,2014,13,5,2018,5,43,direct,-0.20551864729534586,-17.061585208791744,-0.20551864729534586,-0.20551864729534586,,,0.028083555934658274,0.24690862591361437,8.791928860009543,0.59375,0.16666666666666666,0.7359273227665242,39.657490021353894,43,31,2,False,0.014189171219427754,True,0.009598602239592302,True,True,True,theme_park,0.011385099524975456,0.011385099524975456,1
SGP_2010_ep,SGP,SGP,2010,15,5,2014,5,43,direct,1.3964274976269515,29.025527256284196,1.3964274976269515,1.3964274976269515,,,0.5294047298258779,1.4178527842099378,2.6782019584076475,0.13793103448275862,0.4186046511627907,0.7469111860280451,27.01920663662039,43,28,1,False,0.013356130281360103,True,0.9651966525327458,True,True,False,integrated_resort,5.72571043067417,5.445781378532526,4
TUR_2013_ep,TUR,TUR,2013,8,5,2017,5,43,direct,-0.4394495323550527,-10.335711038690953,-0.4394495323550527,-0.4394495323550527,,,0.0748247145789321,0.8102764772989958,10.82899523050289,0.30434782608695654,0.2702702702702703,0.4741686869092132,21.803467105102865,43,22,7,False,0.0037697755024520318,True,0.4026519671678499,True,True,True,theme_park,0.12700486736768207,0.0695787620717296,2
USA_2001_ep,USA,USA,2001,6,5,2005,5,38,direct,-0.21929988544699794,-19.635129922910544,-0.4042506002564008,0.04322062333046783,-0.4042506002564008,0.04322062333046783,6.153480596427404e-15,0.23007245728063297,,0.75,,1.3601564680468903,36.89345949907036,38,27,7,True,0.008910459934635738,False,-0.723887064971404,False,False,True,multi_park_resort,0.005853114910693172,0.005853114910693172,1
USA_2011_ep,USA,USA,2011,16,5,2015,5,43,direct,0.2748450659075554,28.864442741110462,0.2748450659075554,0.2748450659075554,,,0.053573898654104266,0.2822486577011258,5.268398693987951,0.41379310344827586,0.22727272727272727,0.7685961137859425,28.381744071213305,43,28,0,False,0.01514271018633643,True,0.4583767185814578,True,True,True,theme_park,,,1
VNM_2013_ep,VNM,VNM,2013,10,5,2017,5,43,direct,-0.42562611889180657,-11.672130399683535,-0.42562611889180657,-0.42562611889180657,,,0.23312309729548575,0.5539951633524045,2.3764061552863223,0.3103448275862069,0.6190476190476191,0.7141506136787225,66.82739277541597,43,28,2,False,0.0077994125603790265,True,-0.2864234338621485,True,True,False,integrated_resort,0.2556359271517535,0.2556359271517535,1
ZAF_2000_ep,ZAF,ZAF,2000,5,5,2004,5,38,direct,0.6834865984004516,32.87277535189813,0.15037751927618048,0.8891687936013986,0.15037751927618048,0.8891687936013986,6.5659156612256524e-15,0.7804907186403622,,0.46153846153846156,,1.6814159621793174,31.90610567101753,38,25,12,True,0.006606416797700427,False,0.3039091616329428,False,False,False,integrated_resort,0.15245818319877255,0.15245818319877255,1
