iso3,n_years_outcome_1995_2019,complete_1995_2019
ARE,25,True
ARG,25,True
AUS,25,True
AUT,16,False
BEL,18,False
BGR,25,True
BHR,25,True
BHS,25,True
BRA,25,True
BRB,22,False
BRN,16,False
BWA,25,True
CAN,17,False
CHE,25,True
CHL,25,True
CHN,8,False
COL,25,True
CRI,25,True
CYP,25,True
CZE,18,False
DEU,25,True
DNK,24,False
DOM,24,False
ECU,25,True
EGY,25,True
ESP,4,False
EST,21,False
ETH,25,True
FIN,25,True
FJI,25,True
FRA,23,False
GBR,4,False
GHA,25,True
GRC,24,False
GTM,25,True
HKG,22,False
HRV,21,False
HUN,25,True
IDN,18,False
IND,17,False
IRL,24,False
ISL,14,False
ISR,25,True
ITA,18,False
JAM,17,False
JOR,25,True
JPN,25,True
KEN,25,True
KHM,25,True
KOR,25,True
KWT,25,True
LAO,24,False
LBN,24,False
LKA,25,True
LTU,10,False
LUX,18,False
LVA,13,False
MAC,25,True
MAR,25,True
MDV,9,False
MEX,25,True
MLT,13,False
MMR,25,True
MNG,25,True
MUS,25,True
MYS,25,True
NAM,20,False
NLD,18,False
NOR,25,True
NPL,25,True
NZL,24,False
OMN,22,False
PAK,25,True
PAN,25,True
PER,25,True
PHL,25,True
POL,25,True
PRT,25,True
QAT,9,False
ROU,25,True
RUS,19,False
SAU,14,False
SGP,24,False
SVK,25,True
SVN,25,True
SWE,16,False
SYC,25,True
THA,25,True
TUN,25,True
TUR,15,False
TZA,23,False
UKR,24,False
URY,23,False
USA,25,True
VNM,17,False
ZAF,25,True
