iso3,indicator,n_years,first_year,last_year,n_holes,n_negative
ARE,receipts_usd,26,1995,2020,0,0
ARE,arrivals,6,2015,2020,0,0
ARE,gdp_usd,30,1995,2024,0,0
ARE,pop,30,1995,2024,0,0
ARE,air_pax,25,1995,2023,4,0
ARG,receipts_usd,26,1995,2020,0,0
ARG,arrivals,25,1995,2019,0,0
ARG,gdp_usd,30,1995,2024,0,0
ARG,pop,30,1995,2024,0,0
ARG,air_pax,29,1995,2023,0,0
AUS,receipts_usd,26,1995,2020,0,0
AUS,arrivals,26,1995,2020,0,0
AUS,gdp_usd,30,1995,2024,0,0
AUS,pop,30,1995,2024,0,0
AUS,air_pax,29,1995,2023,0,0
AUT,receipts_usd,17,1995,2020,9,0
AUT,arrivals,26,1995,2020,0,0
AUT,gdp_usd,30,1995,2024,0,0
AUT,pop,30,1995,2024,0,0
AUT,air_pax,29,1995,2023,0,0
BEL,receipts_usd,19,2001,2020,1,0
BEL,arrivals,26,1995,2020,0,0
BEL,gdp_usd,30,1995,2024,0,0
BEL,pop,30,1995,2024,0,0
BEL,air_pax,29,1995,2023,0,0
BGR,receipts_usd,26,1995,2020,0,0
BGR,arrivals,26,1995,2020,0,0
BGR,gdp_usd,30,1995,2024,0,0
BGR,pop,30,1995,2024,0,0
BGR,air_pax,29,1995,2023,0,0
BHR,receipts_usd,26,1995,2020,0,0
BHR,arrivals,26,1995,2020,0,0
BHR,gdp_usd,30,1995,2024,0,0
BHR,pop,30,1995,2024,0,0
BHR,air_pax,25,1995,2023,4,0
BHS,receipts_usd,26,1995,2020,0,0
BHS,arrivals,26,1995,2020,0,0
BHS,gdp_usd,30,1995,2024,0,0
BHS,pop,30,1995,2024,0,0
BHS,air_pax,29,1995,2023,0,0
BRA,receipts_usd,26,1995,2020,0,0
BRA,arrivals,25,1995,2019,0,0
BRA,gdp_usd,30,1995,2024,0,0
BRA,pop,30,1995,2024,0,0
BRA,air_pax,29,1995,2023,0,0
BRB,receipts_usd,22,1995,2016,0,0
BRB,arrivals,25,1995,2019,0,0
BRB,gdp_usd,30,1995,2024,0,0
BRB,pop,30,1995,2024,0,0
BRB,air_pax,0,,,0,0
BRN,receipts_usd,16,2001,2018,2,0
BRN,arrivals,17,1995,2020,9,0
BRN,gdp_usd,30,1995,2024,0,0
BRN,pop,30,1995,2024,0,0
BRN,air_pax,29,1995,2023,0,0
BWA,receipts_usd,26,1995,2020,0,0
BWA,arrivals,18,1995,2018,6,0
BWA,gdp_usd,30,1995,2024,0,0
BWA,pop,30,1995,2024,0,0
BWA,air_pax,28,1995,2023,1,0
CAN,receipts_usd,17,1995,2011,0,0
CAN,arrivals,25,1995,2019,0,0
CAN,gdp_usd,30,1995,2024,0,0
CAN,pop,30,1995,2024,0,0
CAN,air_pax,29,1995,2023,0,0
CHE,receipts_usd,26,1995,2020,0,0
CHE,arrivals,24,1995,2019,1,0
CHE,gdp_usd,30,1995,2024,0,0
CHE,pop,30,1995,2024,0,0
CHE,air_pax,29,1995,2023,0,0
CHL,receipts_usd,26,1995,2020,0,0
CHL,arrivals,12,2008,2019,0,0
CHL,gdp_usd,30,1995,2024,0,0
CHL,pop,30,1995,2024,0,0
CHL,air_pax,29,1995,2023,0,0
CHN,receipts_usd,8,1997,2004,0,0
CHN,arrivals,26,1995,2020,0,0
CHN,gdp_usd,30,1995,2024,0,0
CHN,pop,30,1995,2024,0,0
CHN,air_pax,29,1995,2023,0,0
COL,receipts_usd,26,1995,2020,0,0
COL,arrivals,26,1995,2020,0,0
COL,gdp_usd,30,1995,2024,0,0
COL,pop,30,1995,2024,0,0
COL,air_pax,29,1995,2023,0,0
CRI,receipts_usd,26,1995,2020,0,0
CRI,arrivals,26,1995,2020,0,0
CRI,gdp_usd,30,1995,2024,0,0
CRI,pop,30,1995,2024,0,0
CRI,air_pax,29,1995,2023,0,0
CYP,receipts_usd,26,1995,2020,0,0
CYP,arrivals,25,1995,2019,0,0
CYP,gdp_usd,30,1995,2024,0,0
CYP,pop,30,1995,2024,0,0
CYP,air_pax,29,1995,2023,0,0
CZE,receipts_usd,19,2002,2020,0,0
CZE,arrivals,17,2003,2019,0,0
CZE,gdp_usd,30,1995,2024,0,0
CZE,pop,30,1995,2024,0,0
CZE,air_pax,29,1995,2023,0,0
DEU,receipts_usd,25,1995,2019,0,0
DEU,arrivals,26,1995,2020,0,0
DEU,gdp_usd,30,1995,2024,0,0
DEU,pop,30,1995,2024,0,0
DEU,air_pax,29,1995,2023,0,0
DNK,receipts_usd,24,1995,2018,0,0
DNK,arrivals,18,2003,2020,0,0
DNK,gdp_usd,30,1995,2024,0,0
DNK,pop,30,1995,2024,0,0
DNK,air_pax,10,1995,2004,0,0
DOM,receipts_usd,24,1995,2018,0,0
DOM,arrivals,26,1995,2020,0,0
DOM,gdp_usd,30,1995,2024,0,0
DOM,pop,30,1995,2024,0,0
DOM,air_pax,17,1995,2023,12,0
ECU,receipts_usd,26,1995,2020,0,0
ECU,arrivals,25,1995,2019,0,0
ECU,gdp_usd,30,1995,2024,0,0
ECU,pop,30,1995,2024,0,0
ECU,air_pax,29,1995,2023,0,0
EGY,receipts_usd,26,1995,2020,0,0
EGY,arrivals,25,1995,2019,0,0
EGY,gdp_usd,30,1995,2024,0,0
EGY,pop,30,1995,2024,0,0
EGY,air_pax,29,1995,2023,0,0
ESP,receipts_usd,4,1995,1998,0,0
ESP,arrivals,26,1995,2020,0,0
ESP,gdp_usd,30,1995,2024,0,0
ESP,pop,30,1995,2024,0,0
ESP,air_pax,29,1995,2023,0,0
EST,receipts_usd,22,1995,2020,4,0
EST,arrivals,22,1995,2020,4,0
EST,gdp_usd,30,1995,2024,0,0
EST,pop,30,1995,2024,0,0
EST,air_pax,25,1995,2019,0,0
ETH,receipts_usd,26,1995,2020,0,0
ETH,arrivals,26,1995,2020,0,0
ETH,gdp_usd,30,1995,2024,0,0
ETH,pop,30,1995,2024,0,0
ETH,air_pax,29,1995,2023,0,0
FIN,receipts_usd,26,1995,2020,0,0
FIN,arrivals,26,1995,2020,0,0
FIN,gdp_usd,30,1995,2024,0,0
FIN,pop,30,1995,2024,0,0
FIN,air_pax,29,1995,2023,0,0
FJI,receipts_usd,26,1995,2020,0,0
FJI,arrivals,25,1995,2020,1,0
FJI,gdp_usd,30,1995,2024,0,0
FJI,pop,30,1995,2024,0,0
FJI,air_pax,29,1995,2023,0,0
FRA,receipts_usd,24,1995,2020,2,0
FRA,arrivals,19,1996,2020,6,0
FRA,gdp_usd,30,1995,2024,0,0
FRA,pop,30,1995,2024,0,0
FRA,air_pax,29,1995,2023,0,0
GBR,receipts_usd,4,1995,1998,0,0
GBR,arrivals,26,1995,2020,0,0
GBR,gdp_usd,30,1995,2024,0,0
GBR,pop,30,1995,2024,0,0
GBR,air_pax,29,1995,2023,0,0
GHA,receipts_usd,26,1995,2020,0,0
GHA,arrivals,21,1995,2015,0,0
GHA,gdp_usd,30,1995,2024,0,0
GHA,pop,30,1995,2024,0,0
GHA,air_pax,24,1995,2023,5,0
GRC,receipts_usd,25,1995,2020,1,0
GRC,arrivals,20,1995,2020,6,0
GRC,gdp_usd,30,1995,2024,0,0
GRC,pop,30,1995,2024,0,0
GRC,air_pax,29,1995,2023,0,0
GTM,receipts_usd,26,1995,2020,0,0
GTM,arrivals,26,1995,2020,0,0
GTM,gdp_usd,30,1995,2024,0,0
GTM,pop,30,1995,2024,0,0
GTM,air_pax,17,1995,2023,12,0
HKG,receipts_usd,22,1998,2019,0,0
HKG,arrivals,26,1995,2020,0,0
HKG,gdp_usd,30,1995,2024,0,0
HKG,pop,30,1995,2024,0,0
HKG,air_pax,27,1997,2023,0,0
HRV,receipts_usd,22,1999,2020,0,0
HRV,arrivals,26,1995,2020,0,0
HRV,gdp_usd,30,1995,2024,0,0
HRV,pop,30,1995,2024,0,0
HRV,air_pax,29,1995,2023,0,0
HUN,receipts_usd,26,1995,2020,0,0
HUN,arrivals,26,1995,2020,0,0
HUN,gdp_usd,30,1995,2024,0,0
HUN,pop,30,1995,2024,0,0
HUN,air_pax,29,1995,2023,0,0
IDN,receipts_usd,19,2002,2020,0,0
IDN,arrivals,26,1995,2020,0,0
IDN,gdp_usd,30,1995,2024,0,0
IDN,pop,30,1995,2024,0,0
IDN,air_pax,29,1995,2023,0,0
IND,receipts_usd,18,2000,2020,3,0
IND,arrivals,25,1995,2019,0,0
IND,gdp_usd,30,1995,2024,0,0
IND,pop,30,1995,2024,0,0
IND,air_pax,29,1995,2023,0,0
IRL,receipts_usd,25,1995,2020,1,0
IRL,arrivals,25,1995,2019,0,0
IRL,gdp_usd,30,1995,2024,0,0
IRL,pop,30,1995,2024,0,0
IRL,air_pax,29,1995,2023,0,0
ISL,receipts_usd,14,1995,2008,0,0
ISL,arrivals,26,1995,2020,0,0
ISL,gdp_usd,30,1995,2024,0,0
ISL,pop,30,1995,2024,0,0
ISL,air_pax,29,1995,2023,0,0
ISR,receipts_usd,26,1995,2020,0,0
ISR,arrivals,24,1995,2019,1,0
ISR,gdp_usd,30,1995,2024,0,0
ISR,pop,30,1995,2024,0,0
ISR,air_pax,29,1995,2023,0,0
ITA,receipts_usd,19,1995,2020,7,0
ITA,arrivals,26,1995,2020,0,0
ITA,gdp_usd,30,1995,2024,0,0
ITA,pop,30,1995,2024,0,0
ITA,air_pax,29,1995,2023,0,0
JAM,receipts_usd,17,1995,2011,0,0
JAM,arrivals,26,1995,2020,0,0
JAM,gdp_usd,30,1995,2024,0,0
JAM,pop,30,1995,2024,0,0
JAM,air_pax,24,1995,2018,0,0
JOR,receipts_usd,26,1995,2020,0,0
JOR,arrivals,26,1995,2020,0,0
JOR,gdp_usd,30,1995,2024,0,0
JOR,pop,30,1995,2024,0,0
JOR,air_pax,29,1995,2023,0,0
JPN,receipts_usd,26,1995,2020,0,0
JPN,arrivals,26,1995,2020,0,0
JPN,gdp_usd,30,1995,2024,0,0
JPN,pop,30,1995,2024,0,0
JPN,air_pax,29,1995,2023,0,0
KEN,receipts_usd,25,1995,2019,0,0
KEN,arrivals,25,1995,2019,0,0
KEN,gdp_usd,30,1995,2024,0,0
KEN,pop,30,1995,2024,0,0
KEN,air_pax,29,1995,2023,0,0
KHM,receipts_usd,26,1995,2020,0,0
KHM,arrivals,26,1995,2020,0,0
KHM,gdp_usd,30,1995,2024,0,0
KHM,pop,30,1995,2024,0,0
KHM,air_pax,22,2002,2023,0,0
KOR,receipts_usd,26,1995,2020,0,0
KOR,arrivals,26,1995,2020,0,0
KOR,gdp_usd,30,1995,2024,0,0
KOR,pop,30,1995,2024,0,0
KOR,air_pax,29,1995,2023,0,0
KWT,receipts_usd,26,1995,2020,0,0
KWT,arrivals,26,1995,2020,0,0
KWT,gdp_usd,30,1995,2024,0,0
KWT,pop,30,1995,2024,0,0
KWT,air_pax,29,1995,2023,0,0
LAO,receipts_usd,25,1995,2020,1,0
LAO,arrivals,26,1995,2020,0,0
LAO,gdp_usd,30,1995,2024,0,0
LAO,pop,30,1995,2024,0,0
LAO,air_pax,29,1995,2023,0,0
LBN,receipts_usd,25,1995,2020,1,0
LBN,arrivals,25,1995,2019,0,0
LBN,gdp_usd,30,1995,2024,0,0
LBN,pop,30,1995,2024,0,0
LBN,air_pax,29,1995,2023,0,0
LKA,receipts_usd,26,1995,2020,0,0
LKA,arrivals,26,1995,2020,0,0
LKA,gdp_usd,30,1995,2024,0,0
LKA,pop,30,1995,2024,0,0
LKA,air_pax,29,1995,2023,0,0
LTU,receipts_usd,10,1995,2004,0,0
LTU,arrivals,23,1995,2020,3,0
LTU,gdp_usd,30,1995,2024,0,0
LTU,pop,30,1995,2024,0,0
LTU,air_pax,28,1995,2022,0,0
LUX,receipts_usd,19,2002,2020,0,0
LUX,arrivals,26,1995,2020,0,0
LUX,gdp_usd,30,1995,2024,0,0
LUX,pop,30,1995,2024,0,0
LUX,air_pax,29,1995,2023,0,0
LVA,receipts_usd,13,1995,2007,0,0
LVA,arrivals,26,1995,2020,0,0
LVA,gdp_usd,30,1995,2024,0,0
LVA,pop,30,1995,2024,0,0
LVA,air_pax,29,1995,2023,0,0
MAC,receipts_usd,26,1995,2020,0,0
MAC,arrivals,26,1995,2020,0,0
MAC,gdp_usd,30,1995,2024,0,0
MAC,pop,30,1995,2024,0,0
MAC,air_pax,24,2000,2023,0,0
MAR,receipts_usd,26,1995,2020,0,0
MAR,arrivals,26,1995,2020,0,0
MAR,gdp_usd,30,1995,2024,0,0
MAR,pop,30,1995,2024,0,0
MAR,air_pax,29,1995,2023,0,0
MDV,receipts_usd,10,2011,2020,0,0
MDV,arrivals,26,1995,2020,0,0
MDV,gdp_usd,30,1995,2024,0,0
MDV,pop,30,1995,2024,0,0
MDV,air_pax,25,1995,2023,4,0
MEX,receipts_usd,26,1995,2020,0,0
MEX,arrivals,26,1995,2020,0,0
MEX,gdp_usd,30,1995,2024,0,0
MEX,pop,30,1995,2024,0,0
MEX,air_pax,29,1995,2023,0,0
MLT,receipts_usd,13,1995,2007,0,0
MLT,arrivals,26,1995,2020,0,0
MLT,gdp_usd,30,1995,2024,0,0
MLT,pop,30,1995,2024,0,0
MLT,air_pax,29,1995,2023,0,0
MMR,receipts_usd,25,1995,2019,0,0
MMR,arrivals,26,1995,2020,0,0
MMR,gdp_usd,30,1995,2024,0,0
MMR,pop,30,1995,2024,0,0
MMR,air_pax,29,1995,2023,0,0
MNG,receipts_usd,26,1995,2020,0,0
MNG,arrivals,26,1995,2020,0,0
MNG,gdp_usd,30,1995,2024,0,0
MNG,pop,30,1995,2024,0,0
MNG,air_pax,29,1995,2023,0,0
MUS,receipts_usd,26,1995,2020,0,0
MUS,arrivals,26,1995,2020,0,0
MUS,gdp_usd,30,1995,2024,0,0
MUS,pop,30,1995,2024,0,0
MUS,air_pax,29,1995,2023,0,0
MYS,receipts_usd,26,1995,2020,0,0
MYS,arrivals,26,1995,2020,0,0
MYS,gdp_usd,30,1995,2024,0,0
MYS,pop,30,1995,2024,0,0
MYS,air_pax,29,1995,2023,0,0
NAM,receipts_usd,21,2000,2020,0,0
NAM,arrivals,26,1995,2020,0,0
NAM,gdp_usd,30,1995,2024,0,0
NAM,pop,30,1995,2024,0,0
NAM,air_pax,28,1995,2023,1,0
NLD,receipts_usd,19,1995,2020,7,0
NLD,arrivals,26,1995,2020,0,0
NLD,gdp_usd,30,1995,2024,0,0
NLD,pop,30,1995,2024,0,0
NLD,air_pax,29,1995,2023,0,0
NOR,receipts_usd,26,1995,2020,0,0
NOR,arrivals,26,1995,2020,0,0
NOR,gdp_usd,30,1995,2024,0,0
NOR,pop,30,1995,2024,0,0
NOR,air_pax,10,1995,2004,0,0
NPL,receipts_usd,26,1995,2020,0,0
NPL,arrivals,26,1995,2020,0,0
NPL,gdp_usd,30,1995,2024,0,0
NPL,pop,30,1995,2024,0,0
NPL,air_pax,29,1995,2023,0,0
NZL,receipts_usd,24,1995,2018,0,0
NZL,arrivals,26,1995,2020,0,0
NZL,gdp_usd,30,1995,2024,0,0
NZL,pop,30,1995,2024,0,0
NZL,air_pax,29,1995,2023,0,0
OMN,receipts_usd,23,1998,2020,0,0
OMN,arrivals,20,2001,2020,0,0
OMN,gdp_usd,30,1995,2024,0,0
OMN,pop,30,1995,2024,0,0
OMN,air_pax,25,1995,2023,4,0
PAK,receipts_usd,26,1995,2020,0,0
PAK,arrivals,18,1995,2012,0,0
PAK,gdp_usd,30,1995,2024,0,0
PAK,pop,30,1995,2024,0,0
PAK,air_pax,29,1995,2023,0,0
PAN,receipts_usd,26,1995,2020,0,0
PAN,arrivals,26,1995,2020,0,0
PAN,gdp_usd,30,1995,2024,0,0
PAN,pop,30,1995,2024,0,0
PAN,air_pax,29,1995,2023,0,0
PER,receipts_usd,26,1995,2020,0,0
PER,arrivals,17,2004,2020,0,0
PER,gdp_usd,30,1995,2024,0,0
PER,pop,30,1995,2024,0,0
PER,air_pax,29,1995,2023,0,0
PHL,receipts_usd,26,1995,2020,0,0
PHL,arrivals,26,1995,2020,0,0
PHL,gdp_usd,30,1995,2024,0,0
PHL,pop,30,1995,2024,0,0
PHL,air_pax,29,1995,2023,0,0
POL,receipts_usd,26,1995,2020,0,0
POL,arrivals,25,1995,2019,0,0
POL,gdp_usd,30,1995,2024,0,0
POL,pop,30,1995,2024,0,0
POL,air_pax,29,1995,2023,0,0
PRT,receipts_usd,26,1995,2020,0,0
PRT,arrivals,26,1995,2020,0,0
PRT,gdp_usd,30,1995,2024,0,0
PRT,pop,30,1995,2024,0,0
PRT,air_pax,29,1995,2023,0,0
QAT,receipts_usd,10,2011,2020,0,0
QAT,arrivals,12,2009,2020,0,0
QAT,gdp_usd,30,1995,2024,0,0
QAT,pop,30,1995,2024,0,0
QAT,air_pax,29,1995,2023,0,0
ROU,receipts_usd,26,1995,2020,0,0
ROU,arrivals,26,1995,2020,0,0
ROU,gdp_usd,30,1995,2024,0,0
ROU,pop,30,1995,2024,0,0
ROU,air_pax,29,1995,2023,0,0
RUS,receipts_usd,20,2001,2020,0,0
RUS,arrivals,26,1995,2020,0,0
RUS,gdp_usd,30,1995,2024,0,0
RUS,pop,30,1995,2024,0,0
RUS,air_pax,29,1995,2023,0,0
SAU,receipts_usd,15,2003,2020,3,0
SAU,arrivals,17,1995,2019,8,0
SAU,gdp_usd,30,1995,2024,0,0
SAU,pop,30,1995,2024,0,0
SAU,air_pax,29,1995,2023,0,0
SGP,receipts_usd,24,1995,2018,0,0
SGP,arrivals,26,1995,2020,0,0
SGP,gdp_usd,30,1995,2024,0,0
SGP,pop,30,1995,2024,0,0
SGP,air_pax,29,1995,2023,0,0
SVK,receipts_usd,26,1995,2020,0,0
SVK,arrivals,6,2013,2018,0,0
SVK,gdp_usd,30,1995,2024,0,0
SVK,pop,30,1995,2024,0,0
SVK,air_pax,26,1995,2022,2,0
SVN,receipts_usd,26,1995,2020,0,0
SVN,arrivals,26,1995,2020,0,0
SVN,gdp_usd,30,1995,2024,0,0
SVN,pop,30,1995,2024,0,0
SVN,air_pax,28,1995,2022,0,0
SWE,receipts_usd,16,1995,2010,0,0
SWE,arrivals,26,1995,2020,0,0
SWE,gdp_usd,30,1995,2024,0,0
SWE,pop,30,1995,2024,0,0
SWE,air_pax,24,1995,2023,5,0
SYC,receipts_usd,26,1995,2020,0,0
SYC,arrivals,26,1995,2020,0,0
SYC,gdp_usd,30,1995,2024,0,0
SYC,pop,30,1995,2024,0,0
SYC,air_pax,29,1995,2023,0,0
THA,receipts_usd,26,1995,2020,0,0
THA,arrivals,25,1995,2019,0,0
THA,gdp_usd,30,1995,2024,0,0
THA,pop,30,1995,2024,0,0
THA,air_pax,29,1995,2023,0,0
TUN,receipts_usd,26,1995,2020,0,0
TUN,arrivals,26,1995,2020,0,0
TUN,gdp_usd,30,1995,2024,0,0
TUN,pop,30,1995,2024,0,0
TUN,air_pax,29,1995,2023,0,0
TUR,receipts_usd,16,2005,2020,0,0
TUR,arrivals,26,1995,2020,0,0
TUR,gdp_usd,30,1995,2024,0,0
TUR,pop,30,1995,2024,0,0
TUR,air_pax,29,1995,2023,0,0
TZA,receipts_usd,23,1997,2019,0,0
TZA,arrivals,25,1995,2019,0,0
TZA,gdp_usd,30,1995,2024,0,0
TZA,pop,30,1995,2024,0,0
TZA,air_pax,29,1995,2023,0,0
UKR,receipts_usd,25,1996,2020,0,0
UKR,arrivals,26,1995,2020,0,0
UKR,gdp_usd,30,1995,2024,0,0
UKR,pop,30,1995,2024,0,0
UKR,air_pax,28,1995,2022,0,0
URY,receipts_usd,24,1995,2020,2,0
URY,arrivals,25,1995,2019,0,0
URY,gdp_usd,30,1995,2024,0,0
URY,pop,30,1995,2024,0,0
URY,air_pax,15,1995,2009,0,0
USA,receipts_usd,26,1995,2020,0,0
USA,arrivals,26,1995,2020,0,0
USA,gdp_usd,30,1995,2024,0,0
USA,pop,30,1995,2024,0,0
USA,air_pax,29,1995,2023,0,0
VNM,receipts_usd,18,2003,2020,0,0
VNM,arrivals,26,1995,2020,0,0
VNM,gdp_usd,30,1995,2024,0,0
VNM,pop,30,1995,2024,0,0
VNM,air_pax,29,1995,2023,0,0
ZAF,receipts_usd,26,1995,2020,0,0
ZAF,arrivals,26,1995,2020,0,0
ZAF,gdp_usd,30,1995,2024,0,0
ZAF,pop,30,1995,2024,0,0
ZAF,air_pax,29,1995,2023,0,0
