year,gdp_usd_bn,receipts_usd_bn,receipts_pct_gdp,arrivals_million,fx_thb_per_usd,receipts_usd_bn_baseline,receipts_basis,basis_ratio
2015,401.296,44.851,11.176538016825486,29.923185,34.2477,41.246,panel,
2016,413.366,48.459,11.723025115756982,32.529588,35.2964,44.786,panel,
2017,456.357,57.057,12.502711692819437,35.591978,33.9398,52.376,panel,
2018,506.754,61.383,12.112977894599746,38.178194,32.3102,56.366,panel,
2019,543.977,64.371,11.833404721155489,39.916251,31.0476,59.81,panel,
2020,500.275,15.36,3.070311328769177,6.7024,31.2937,12.527,panel,
2021,506.05,4.722180850488377,0.9331451142156659,0.42787,31.9771,4.353,ratio,1.0848106709139393
2022,495.692,15.948886483776736,3.2174992704697143,11.065226,35.0614,14.702,ratio,1.0848106709139393
2023,517.013,33.24944706351224,6.431065962270241,28.150016,34.8022,30.65,ratio,1.0848106709139393
2024,529.386,45.861455923557706,8.663141058425744,35.545714,35.2935,42.276,ratio,1.0848106709139393
2025,577.01,48.57022816882981,8.417571301854354,32.974321,32.8828,44.773,ratio,1.0848106709139393
