case_id,2015,2016,2017,2018,2019
ARE_2008_ep,0.00026863018815219793,0.0003353036663545825,0.0007132864970694465,0.0013737079923506403,0.0020487623025759456
CAN_2004_ep,0.0011733194680931536,0.0016854630648177956,0.0038379637169691262,0.007179060563825778,0.00947614059204532
DEU_2002_ep,0.0017197864880148773,0.002255818811296147,0.004590672180221761,0.007869089360601855,0.010306934614982157
GRC_2010_ep,0.0009931510437676551,0.0013661276911195405,0.0030817906822081073,0.005823773546324031,0.00796041425475023
HKG_2005_ep,0.00032619319878966687,0.0006198426787581067,0.0021167378713862943,0.005065360790662013,0.00667769261560924
IDN_2011_ep,0.00505505584199526,0.004757065038206073,0.003613532659618506,0.0023241246282575305,0.0016842379254186394
IND_2013_ep,0.00013558617598474266,0.0001193103018883185,7.375968726227341e-05,3.801213666114465e-05,2.4051330540330977e-05
ITA_2014_ep,0.00027511710150846257,0.0003607227719827793,0.0007895125465661642,0.0015105079572326223,0.0021808974401539304
JPN_2017_ep,0.0001795156854190509,0.0002579244786461924,0.0006563206047577269,0.001384746416118491,0.0020280993565237643
KOR_2017_ep,0.0006014828145250165,0.0009280919553421906,0.0024945440925590603,0.005261528256531077,0.007279491536108117
MAR_2009_ep,0.07530288749260372,0.07087187919504487,0.05578784816727601,0.03750553086665018,0.028056679195278766
MYS_2012_ep,0.01289102255879205,0.016909537480406113,0.02721195152242426,0.03432777709054056,0.03445196773101872
PHL_2009_ep,0.046340346383870384,0.04131548768858825,0.026976577518089725,0.01486288181536181,0.00978220706832574
POL_2014_ep,0.002931805199309709,0.0032111164790505995,0.004291912374030986,0.005223584398550729,0.005852654031833352
RUS_2014_ep,0.0035397969666143845,0.004170779802971157,0.006460913024594136,0.008688770103670418,0.01003345845201243
SGP_2010_ep,4.556926629112848e-07,1.1855630159412087e-06,7.100866162686646e-06,2.5959116959183664e-05,3.8782195227615137e-05
TUR_2013_ep,0.0204087704150735,0.025161609224837244,0.03915726866070084,0.050344146158829,0.05394834290327198
USA_2011_ep,2.2349212862398286e-05,4.551711672983696e-05,0.00019852145653283563,0.0006127139108391118,0.0009613980139620592
VNM_2013_ep,0.0278347280719608,0.0256272169909441,0.017939785871570087,0.010578724890033742,0.007207788440361791
