sample,target_cloud,weights,rho_source,n_sources,eps,att_pp,att_rel_pct,ess,mass,converged,log_domain
primary,primary,importance,1.0,19,1.190832575394022,-1.0483714592398843,-15.802017179546954,6.471676736741048,0.9999999999999999,True,False
primary,primary,importance,0.3,19,1.190832575394022,-1.3152698619348737,-18.469381827700357,4.512809186797186,0.9999999999999999,True,False
primary,primary,importance,3.0,19,1.190832575394022,-0.6577460095236279,-9.35131175079959,11.19626510626286,0.9999999999999996,True,False
primary,primary,shrunk,1.0,19,1.5738699024741714,-1.829512666491263,-21.86939215723571,2.1116247378510615,1.000000000000001,True,False
primary,primary,shrunk,0.3,19,1.5738699024741714,-2.199012798844775,-24.70780092212439,1.5532907547116226,1.0000000000000004,True,False
primary,primary,shrunk,3.0,19,1.5738699024741714,-1.047662684557158,-13.087764418778512,4.48624342517919,1.0000000000000007,True,False
primary,primary,uniform,1.0,19,1.483564425759234,-2.1993074571437448,-23.90454412983987,1.4847129454719945,1.000000000000001,True,False
primary,primary,uniform,0.3,19,1.483564425759234,-2.4615200578021215,-25.293083977282343,1.2141961818000406,1.000000000000001,True,False
primary,primary,uniform,3.0,19,1.483564425759234,-1.4314252165270613,-16.763226273940624,2.6288668979980816,1.0000000000000002,True,False
primary,cost_year_2019,importance,1.0,19,1.190832575394022,-1.0483714592398843,-15.802017179546954,6.471676736741048,0.9999999999999999,True,False
primary,cost_year_2019,importance,0.3,19,1.190832575394022,-1.3152698619348737,-18.469381827700357,4.512809186797186,0.9999999999999999,True,False
primary,cost_year_2019,importance,3.0,19,1.190832575394022,-0.6577460095236279,-9.35131175079959,11.19626510626286,0.9999999999999996,True,False
primary,cost_year_2019,shrunk,1.0,19,1.5738699024741714,-1.829512666491263,-21.86939215723571,2.1116247378510615,1.000000000000001,True,False
primary,cost_year_2019,shrunk,0.3,19,1.5738699024741714,-2.199012798844775,-24.70780092212439,1.5532907547116226,1.0000000000000004,True,False
primary,cost_year_2019,shrunk,3.0,19,1.5738699024741714,-1.047662684557158,-13.087764418778512,4.48624342517919,1.0000000000000007,True,False
primary,cost_year_2019,uniform,1.0,19,1.483564425759234,-2.1993074571437448,-23.90454412983987,1.4847129454719945,1.000000000000001,True,False
primary,cost_year_2019,uniform,0.3,19,1.483564425759234,-2.4615200578021215,-25.293083977282343,1.2141961818000406,1.000000000000001,True,False
primary,cost_year_2019,uniform,3.0,19,1.483564425759234,-1.4314252165270613,-16.763226273940624,2.6288668979980816,1.0000000000000002,True,False
primary,scenario_park_high,importance,1.0,19,1.190832575394022,-1.0483714592398843,-15.802017179546954,6.471676736741048,0.9999999999999999,True,False
primary,scenario_park_high,importance,0.3,19,1.190832575394022,-1.3152698619348737,-18.469381827700357,4.512809186797186,0.9999999999999999,True,False
primary,scenario_park_high,importance,3.0,19,1.190832575394022,-0.6577460095236279,-9.35131175079959,11.19626510626286,0.9999999999999996,True,False
primary,scenario_park_high,shrunk,1.0,19,1.5738699024741714,-1.829512666491263,-21.86939215723571,2.1116247378510615,1.000000000000001,True,False
primary,scenario_park_high,shrunk,0.3,19,1.5738699024741714,-2.199012798844775,-24.70780092212439,1.5532907547116226,1.0000000000000004,True,False
primary,scenario_park_high,shrunk,3.0,19,1.5738699024741714,-1.047662684557158,-13.087764418778512,4.48624342517919,1.0000000000000007,True,False
primary,scenario_park_high,uniform,1.0,19,1.483564425759234,-2.1993074571437448,-23.90454412983987,1.4847129454719945,1.000000000000001,True,False
primary,scenario_park_high,uniform,0.3,19,1.483564425759234,-2.4615200578021215,-25.293083977282343,1.2141961818000406,1.000000000000001,True,False
primary,scenario_park_high,uniform,3.0,19,1.483564425759234,-1.4314252165270613,-16.763226273940624,2.6288668979980816,1.0000000000000002,True,False
primary,scenario_park_low,importance,1.0,19,1.190832575394022,-0.9173990394735058,-14.298547642592826,7.158037171824608,0.9999999999999999,True,False
primary,scenario_park_low,importance,0.3,19,1.190832575394022,-1.0701514238358876,-15.799228296069193,5.045577854683478,0.9999999999999998,True,False
primary,scenario_park_low,importance,3.0,19,1.190832575394022,-0.6369578521705003,-9.057405188718167,11.732182920935978,0.9999999999999997,True,False
primary,scenario_park_low,shrunk,1.0,19,1.5738699024741714,-1.7667210612228699,-19.95621062369624,2.454220489196985,0.9999999999999997,True,False
primary,scenario_park_low,shrunk,0.3,19,1.5738699024741714,-2.178218744485392,-23.06434211975664,1.6150403399351831,0.9999999999999994,True,False
primary,scenario_park_low,shrunk,3.0,19,1.5738699024741714,-1.0231571800157944,-12.211028733370883,5.715714730974828,1.0000000000000007,True,False
primary,scenario_park_low,uniform,1.0,19,1.483564425759234,-2.3032742597669174,-23.225979224580595,1.3530935045412198,1.0000000000000009,True,False
primary,scenario_park_low,uniform,0.3,19,1.483564425759234,-2.5463903075327234,-24.836414912184217,1.1093144039686316,1.0000000000000007,True,False
primary,scenario_park_low,uniform,3.0,19,1.483564425759234,-1.5115983680754268,-16.326201205418634,2.7770998097761836,1.0000000000000009,True,False
primary,integrated_resort,importance,1.0,19,1.190832575394022,-1.0483714592398843,-15.802017179546954,6.471676736741048,0.9999999999999999,True,False
primary,integrated_resort,importance,0.3,19,1.190832575394022,-1.3152698619348737,-18.469381827700357,4.512809186797186,0.9999999999999999,True,False
primary,integrated_resort,importance,3.0,19,1.190832575394022,-0.6577460095236279,-9.35131175079959,11.19626510626286,0.9999999999999996,True,False
primary,integrated_resort,shrunk,1.0,19,1.5738699024741714,-1.8986415701017894,-22.76391135880234,2.011570238101366,1.000000000000001,True,False
primary,integrated_resort,shrunk,0.3,19,1.5738699024741714,-2.23985838987138,-25.21785520073278,1.5159222659675586,1.0000000000000002,True,False
primary,integrated_resort,shrunk,3.0,19,1.5738699024741714,-1.1136755270770142,-14.022295875667304,4.1985993224296125,1.0000000000000009,True,False
primary,integrated_resort,uniform,1.0,19,1.483564425759234,-2.2805619071335546,-24.961300001994136,1.4303811125964205,1.0000000000000007,True,False
primary,integrated_resort,uniform,0.3,19,1.483564425759234,-2.4942502483641387,-25.706132264761866,1.196992838331512,1.0000000000000004,True,False
primary,integrated_resort,uniform,3.0,19,1.483564425759234,-1.5671926859937824,-18.64294540047637,2.4366076675502097,1.0000000000000007,True,False
parks_only,primary,importance,1.0,10,0.6899059684734553,-0.5182540902498516,-10.29055373458732,2.755196473650003,1.0000000000000007,True,False
first_episode,primary,importance,1.0,19,1.190832575394022,-1.0483714592398843,-15.802017179546954,6.471676736741048,0.9999999999999999,True,False
all_feasible,primary,importance,1.0,27,1.38238193683029,-0.8023354711094138,-10.855231143591546,8.725373327344059,1.0000000000000002,True,False
