outcome,sample,seed,cv_r2_stack,perm_p_value,split_half_correlation,n_cases,usable
att_pp,primary,0,-0.259696869022372,1.0,0.01347303873829754,19,False
att_pp,primary,1,-0.27939434284746145,0.047619047619047616,0.09769906321780499,19,False
att_pp,primary,2,-0.19380382333415724,0.42857142857142855,-0.07028269063043059,19,False
att_pp,primary,3,-0.029606006392241646,0.14285714285714285,-0.10578189639780458,19,False
att_pp,primary,4,-0.031028615885725808,0.2857142857142857,-0.04784890630905014,19,False
att_rel_pct,primary,0,-0.10163625183052205,0.8571428571428571,-0.1638954197150111,19,False
att_rel_pct,primary,1,-0.07590169759092613,0.047619047619047616,-0.17158780836212562,19,False
att_rel_pct,primary,2,-0.09307563544501374,0.5714285714285714,-0.08343694478456573,19,False
att_rel_pct,primary,3,-0.012086173579336501,0.047619047619047616,-0.0748806082328239,19,False
att_rel_pct,primary,4,-0.0607404153158575,0.09523809523809523,-0.07941216847537902,19,False
att_pp,parks_only,0,-0.2186888270295182,0.23809523809523808,0.0,10,False
att_pp,parks_only,1,-0.24069943515643266,0.3333333333333333,0.0,10,False
att_pp,parks_only,2,-0.34429204715062256,0.7142857142857143,0.0,10,False
att_pp,parks_only,3,-0.3137668533258997,0.38095238095238093,0.0,10,False
att_pp,parks_only,4,-0.24090754661608593,0.8095238095238095,0.0,10,False
att_pp,first_episode,0,-0.259696869022372,1.0,0.01347303873829754,19,False
att_pp,first_episode,1,-0.27939434284746145,0.047619047619047616,0.09769906321780499,19,False
att_pp,first_episode,2,-0.19380382333415724,0.42857142857142855,-0.07028269063043059,19,False
att_pp,first_episode,3,-0.029606006392241646,0.14285714285714285,-0.10578189639780458,19,False
att_pp,first_episode,4,-0.031028615885725808,0.2857142857142857,-0.04784890630905014,19,False
att_pp,all_feasible,0,-0.024738543468795227,0.7142857142857143,-0.08753941191926896,27,False
att_pp,all_feasible,1,0.3000271452952886,0.047619047619047616,-0.1259245826350807,27,False
att_pp,all_feasible,2,-0.250925644633079,0.047619047619047616,-0.10595615467375262,27,False
att_pp,all_feasible,3,0.12462284707338178,0.047619047619047616,-0.20292114569784553,27,False
att_pp,all_feasible,4,-0.11875639039968311,0.9523809523809523,-0.1863413217598499,27,False
att_pp,primary_first_cost,0,-0.2095569716580754,1.0,-0.09151296707948472,19,False
att_pp,primary_first_cost,1,-0.04228471937892442,0.047619047619047616,-0.13436766879624357,19,False
att_pp,primary_first_cost,2,-0.2472307719684168,0.6666666666666666,0.01599471576438949,19,False
att_pp,primary_first_cost,3,0.10904644020259036,0.14285714285714285,-0.021218780240885738,19,False
att_pp,primary_first_cost,4,-0.11394684755336915,0.3333333333333333,-0.03673957541801697,19,False
