"case_id","attraction","operator","category","iso3","economy","location","opening_date","opening_year","investment_usd_bn_nominal","investment_year_basis","investment_source_note","first_year_attendance_m","concurrent_confounds","in_wdi_panel","panel_feasible","other_openings_same_economy_within_5y","evidence_quality","source_url_1","source_url_2","notes"
"JPN_2001_tokyo_disneysea","Tokyo DisneySea","Oriental Land Co.","multi_park_resort","JPN","Japan","Urayasu, Chiba Prefecture","2001-09-04",2001,,,"No USD figure used. The operator history page gives 335bn yen for about two years of construction, with no price year; an undated press-kit repost converts this to about US$2.73bn at 122.758 yen per dollar.",,"September 2001 attacks and the fall in air travel demand; 2002 FIFA World Cup in Japan and South Korea","Y","Y","JPN_2001_universal_studios_japan","A","https://www.olc.co.jp/en/company/history/history05.html","https://laughingplace.com/w/News-PID10005870-10005871.asp","The operator page says the park opened its gates at 8am on the date given. It is the second park of Tokyo Disney Resort, whose first park, Tokyo Disneyland, opened on 15 Apr 1983 according to the encyclopedia. The encyclopedia reports 10 million guests in 307 days, which is a milestone and not a first-year count. Grade basis: date A. Confound sources: https://en.wikipedia.org/wiki/Economic_effects_of_the_September_11_attacks; https://en.wikipedia.org/wiki/2002_FIFA_World_Cup. Other pages read: https://en.wikipedia.org/wiki/Tokyo_DisneySea; https://en.wikipedia.org/wiki/Tokyo_Disney_Resort."
"JPN_2001_universal_studios_japan","Universal Studios Japan","USJ Co., Ltd.","theme_park","JPN","Japan","Konohana-ku, Osaka","2001-03-31",2001,,,"No USD figure used. Pages conflict: a July 2001 newspaper gives US$1.4bn, the English encyclopedia and a theme park site give about US$1.7bn without a price year, and a civil engineering society paper gives 170bn yen for the park plus about 113bn yen of related projects.",11.029,"September 2001 attacks and the fall in air travel demand; 2002 FIFA World Cup in Japan and South Korea","Y","Y","JPN_2001_tokyo_disneysea","A","https://www.usj.co.jp/company/company_e/history.html","https://web-japan.org/trends00/honbun/tj010309.html","The operator history page records the opening in March 2001; the Japanese and English encyclopedias and a theme park site give 31 Mar 2001, and a Web Japan page of 9 Mar 2001 gave it as the planned date. First-year attendance is the Japanese encyclopedia figure for fiscal 2001, the opening fiscal year. Sources conflict on the cost (see investment_source_note). Grade basis: date A. Confound sources: https://en.wikipedia.org/wiki/Economic_effects_of_the_September_11_attacks; https://en.wikipedia.org/wiki/2002_FIFA_World_Cup. Other pages read: https://ja.wikipedia.org/wiki/ユニバーサル・スタジオ・ジャパン; https://en.wikipedia.org/wiki/Universal_Studios_Japan; https://thrillzing.com/theme-parks/universal-studios-japan-osaka/; https://www.csmonitor.com/2001/0718/p7s1.html; https://committees.jsce.or.jp/editorial/system/files/no214_tanaka.pdf."
"JPN_2017_legoland_japan","Legoland Japan","Merlin Entertainments","theme_park","JPN","Japan","Minato-ku, Nagoya","2017-04-01",2017,0.315,2014,"About 32bn yen (US$315m) in total, stated in a trade report of 30 Jun 2014 before opening and also given as 32bn yen by a second report of 3 Jul 2014. The encyclopedia gives US$250m without a price year.",,"","Y","Y","","B","https://www.eap-magazin.de/Article/Japan%3A-LEGOLAND-Japan-Welcomes-First-Visitors.html","https://www.spabusiness.com/wellness-news/Merlin-unveils-US$315m-plans-for-Legoland-Japan/310068","A trade magazine of 5 Apr 2017 says the park officially opened its doors on 1 Apr 2017, and an Asian trade paper says it opened the weekend before 5 Apr. Sources conflict on the cost (see investment_source_note). Grade basis: date B, cost B. Other pages read: https://www.ttgasia.com/2017/04/05/legoland-japan-opens-in-nagoya/; https://en.wikipedia.org/wiki/Legoland_Japan; https://www.tokyoweekender.com/japan-life/news-and-opinion/japans-first-legoland-theme-park-to-open-in-nagoya/."
"FRA_2002_walt_disney_studios_park","Walt Disney Studios Park","Euro Disney S.C.A.","multi_park_resort","FRA","France","Marne-la-Vallee","2002-03-16",2002,,,"No USD figure used. Pages conflict and none states a price year: a Variety item whose web address is dated 1999 says the second park will cost $643 million, a television transcript of 15 Mar 2002 says about half a billion dollars was invested, and an encyclopedia entry gives a US$530m facility.",2.8,"September 2001 attacks and the fall in air travel demand","Y","Y","","A","https://www.sec.gov/Archives/edgar/data/0001001039/000095014802002854/v86195e10vk.htm","https://www.semissourian.com/news/disney-opens-new-paris-theme-park-66497","The Disney annual report records the opening in March 2002 next to the existing park at Disneyland Paris; a US newspaper of 17 Mar 2002 says it opened on Saturday, and two encyclopedias give 16 Mar 2002. Attendance is the 2002 figure on the French encyclopedia; a French trade paper gives about 2 million for the park in fiscal 2002, which ended in September. Sources conflict on the cost (see investment_source_note). Grade basis: date A. Confound sources: https://en.wikipedia.org/wiki/Economic_effects_of_the_September_11_attacks. Other pages read: https://www.encyclopedia.com/books/politics-and-business-magazines/euro-disney-sca; https://transcripts.cnn.com/show/lad/date/2002-03-15/segment/10; https://www.lechotouristique.com/article/euro-disney-toujours-dans-le-rouge-en-2001-2002,2040; https://en.wikipedia.org/wiki/Walt_Disney_Studios_Park; https://fr.wikipedia.org/wiki/Parc_Walt_Disney_Studios; https://variety.com/1999/biz/news/euro-disney-lining-up-loan-for-second-park-1117756150/."
"HKG_2005_hk_disneyland","Hong Kong Disneyland","Hong Kong International Theme Parks (joint venture of the HKSAR Government and The Walt Disney Company)","theme_park","HKG","Hong Kong SAR, China","Penny's Bay, Lantau Island","2005-09-12",2005,1.8,2005,"US$1.8bn total Phase I project investment, stated in a company investor event transcript dated 9 Sep 2005; government land reclamation and infrastructure of about US$1.7bn is reported separately. Other figures differ in scope: HK$22.45bn total government spending including infrastructure, equity and loans (2004), a Legislative Council paper estimate of HK$14.1bn for Phase I in 1999 prices, and a wire report of a $3.5bn park that does not name the currency.",5,"Mainland Individual Visit Scheme phased in from July 2003 to 2007","Y","Y","","A","https://www.legco.gov.hk/yr06-07/english/panels/es/papers/es1221cb1-530-4-e.pdf","https://thewaltdisneycompany.com/app/uploads/ir/2005/events/hkdl-2005-0909-transcript.pdf","Grand opening on the date given; a trade report of that day says the park opened to the public two weeks earlier than originally projected. First-year attendance is given as over five million by the Legislative Council paper, against a projection of 5.6 million. Sources conflict on the cost (see investment_source_note). Grade basis: date A, cost A. Confound sources: https://en.wikipedia.org/wiki/Individual_Visit_Scheme. Other pages read: https://www.info.gov.hk/gia/general/200509/12/P200509120142.htm; https://thewaltdisneycompany.com/press-releases/hong-kong-welcomes-a-new-era-of-family-entertainment-with-grand-opening-of-hong-kong-disneyland-resort/; https://www.attractionsmanagement.com/attractions-news/Hong-Kong-Disney-opens/12144; https://www.info.gov.hk/gia/general/brandhk/231104e.htm; https://en.wikipedia.org/wiki/Hong_Kong_Disneyland; https://www.nbcnews.com/id/wbna9313873."
"CHN_2014_chimelong_ocean_kingdom","Chimelong Ocean Kingdom","Chimelong Group","theme_park","CHN","China","Hengqin Island, Zhuhai","2014-03",2014,,,"No USD figure used. Pages conflict in amount and scope: the encyclopedia gives RMB10bn for the first phase, a trade magazine gives an RMB20bn (US$3.2bn) resort construction budget, a China Daily article with a January 2015 web address gives up to RMB20bn (US$3.2bn) for the next phase, and two trade and wire reports cite a US$5bn resort complex.",,"","Y","Y","CHN_2016_shanghai_disney_resort","B","http://www.chinadaily.com.cn/business/2015-01/30/content_19450906.htm","https://thepeninsulaqatar.com/article/18/08/2014/luring-tourists-with-giant-aquarium","Attendance is left blank because pages conflict: the encyclopedia table shows 5.504 million for 2014 while a China Daily article with a 30 Jan 2015 web address reports more than 8 million visits since the March 2014 opening. Sources conflict on the date: the encyclopedia gives a soft opening on 28 Jan 2014 and the public opening on 29 Mar 2014, a trade magazine says the park opened at the beginning of 2014, and newspapers say March 2014. Sources conflict on the cost (see investment_source_note). Grade basis: date B. Other pages read: https://regional.chinadaily.com.cn/zhuhai/2016-04/08/c_45677.htm; https://www.attractionsmanagement.com/attractions-management-magazine/Theme-Parks-Oceans-of-Fun/29204; https://blooloop.com/theme-park/in-depth/review-of-chimelong-ocean-kingdom-hengqin-island/; https://en.wikipedia.org/wiki/Chimelong_Ocean_Kingdom."
"CHN_2016_shanghai_disney_resort","Shanghai Disney Resort","Shanghai International Theme Park and Resort Management Company (Shanghai Shendi Group 57%, The Walt Disney Company 43%)","theme_park","CHN","China","Pudong, Shanghai","2016-06-16",2016,5.5,2016,"34bn yuan (about US$5.5bn) for the resort, stated by the Shanghai government information office on 13 Jan 2016, and a $5.5bn cost given by CNN Money (web address dated 15 Jun 2016).",,"","Y","Y","CHN_2014_chimelong_ocean_kingdom;CHN_2021_universal_beijing_resort","A","https://touch.shio.gov.cn/jsp/zfxw_detail_en.jsp?id=1743","https://money.cnn.com/2016/06/15/media/shanghai-disney-china-by-the-numbers","The government page of 13 Jan 2016 announced that the resort would welcome its first guests on 16 Jun, and a CNN Money article (web address dated 15 Jun 2016) refers to the official opening on Thursday. A newspaper reported more than 10 million visitors after 11 months, which is not a calendar first-year total. Grade basis: date A, cost A. Other pages read: https://en.wikipedia.org/wiki/Shanghai_Disney_Resort; https://amp.scmp.com/business/companies/article/2094937/shanghai-disney-hits-10-million-visitors-beating-hong-kong."
"CHN_2021_universal_beijing_resort","Universal Beijing Resort","Beijing Shouhuan Cultural Tourism Investment (70%) and NBCUniversal (30%), operated by Universal Destinations and Experiences","theme_park","CHN","China","Tongzhou, Beijing","2021-09-20",2021,6.5,2018,"US$6.5bn planned investment to the 2021 opening, reported in May 2018 by two sources (one citing the Wall Street Journal) as double the earlier US$3.25bn; CNBC in Sep 2021 still cited the US$3.3bn announced in 2014 as the expected cost.",,"COVID-19 collapse of international travel in 2020 and slow recovery in 2021 and 2022","Y","N","CHN_2016_shanghai_disney_resort","B","https://english.beijing.gov.cn/consuminginbeijing/onlyinbeijing/universalbeijingresort/updatesofuniversalbeijingresort/202111/t20211109_2532972.html","https://www.mingtiandi.com/real-estate/projects/universal-studios-doubles-budget-for-beijing-theme-park-to-6-5b/","The Beijing government page says the resort officially opened for business on the date given, and the encyclopedia adds invitation-only test visits from 1 Sep 2021. Sources conflict on the cost (see investment_source_note). Grade basis: date A, cost B. Confound sources: https://www.untourism.int/news/2020-worst-year-in-tourism-history-with-1-billion-fewer-international-arrivals; https://www.hotel-online.com/news/tourism-grows-4-in-2021-but-remains-far-below-pre-pandemic-levels; https://propakistani.pk/2023/01/18/international-travel-surged-in-2022-un/. Other pages read: https://www.chinaservicesinfo.com/s/202108/31/WS612dd254498e6a12c1205009/universal-beijing-resort-to-official-open-sept-20.html; https://www.cnbc.com/2021/09/20/universal-studios-beijing-to-draw-crowds-amid-uneasy-us-china-ties.html; https://en.wikipedia.org/wiki/Universal_Beijing_Resort; https://parkworld-online.com/budget-double-up-for-universal-studios-beijing-investment/."
"ARE_2008_atlantis_the_palm","Atlantis, The Palm","Kerzner International (with Nakheel)","destination_resort","ARE","United Arab Emirates","Palm Jumeirah, Dubai","2008-09-24",2008,1.5,2008,"US$1.5bn (Dh5.5bn) joint venture project, stated in a trade press release of 23 Nov 2008 and in a newspaper report of 10 Aug 2008.",,"2009 global tourism downturn (economic crisis and H1N1)","Y","Y","ARE_2010_burj_khalifa;ARE_2010_ferrari_world_abu_dhabi","B","https://www.hotelexecutive.com/newswire/16259/atlantis-the-palm-now-open","https://thenationalnews.com/business/travel-and-tourism/the-atlantis-1.597890","First guests were welcomed on the date given; the launch celebration followed in November 2008. Sources conflict on the date: a press release datelined 24 Sep 2008 says the resort opened its doors that day, while a release of 23 Nov 2008 calls the launch celebration of 20 to 21 Nov 2008 the official opening. Grade basis: date B, cost B. Confound sources: https://www.travelagentcentral.com/trends-research/international-tourism-track-rebound-19330. Other pages read: https://hospitalitynet.org/news/4038748.html; https://en.wikipedia.org/wiki/Atlantis,_The_Palm; https://www.khaleejtimes.com/uae/atlantis-adds-sheen-to-dubai."
"ARE_2010_ferrari_world_abu_dhabi","Ferrari World Abu Dhabi","Farah Leisure Parks Management (Aldar Properties and ProFun Management Group)","theme_park","ARE","United Arab Emirates","Yas Island, Abu Dhabi","2010-11-04",2010,,,"No investment figure found for the opening. A January 2017 trade report gives AED700m (US$190.6m) for later new rides, which is not the opening cost, and a contractor project page lists a value of $690 million without naming the currency or a year.",,"2009 global tourism downturn (economic crisis and H1N1)","Y","Y","ARE_2008_atlantis_the_palm;ARE_2010_burj_khalifa","B","https://www.inparkmagazine.com/ferrari-world-abu-dhabi-opens-to-the-public-nov-4/","https://gulfnews.com/amp/story/photos%2Flifestyle-photos%2Fin-pictures-ferrari-world-abu-dhabi-celebrates-10-years-1.1604730263415","Opened to the public at noon on the date given, after a VIP pre-opening party on 27 Oct 2010; a trade report of 29 Nov 2010 gives 30 Nov 2010 for the grand opening ceremony. Grade basis: date B. Confound sources: https://www.travelagentcentral.com/trends-research/international-tourism-track-rebound-19330. Other pages read: https://blooloop.com/uncategorised/news/theme-parks-ferrari-world-abu-dhabi-readies-for-grand-opening; https://en.wikipedia.org/wiki/Ferrari_World; https://besixwatpac.com//projects/stadiums-and-venues/ferrari-world; https://www.attractionsmanagement.com/index.cfm?codeID=329786&pagetype=news."
"ARE_2010_burj_khalifa","Burj Khalifa","Emaar Properties","mega_attraction","ARE","United Arab Emirates","Downtown Dubai","2010-01-04",2010,1.5,2010,"US$1.5bn final cost, reported by Al Arabiya on 4 Jan 2010 from Emaar and as a US$1.5bn project by a US network report of the opening.",,"2009 global tourism downturn (economic crisis and H1N1)","Y","Y","ARE_2008_atlantis_the_palm;ARE_2010_ferrari_world_abu_dhabi","B","https://www.alarabiya.net/articles/2010%2F01%2F04%2F96241","https://abcnews.com/GMA/GMABig/burj-dubai-worlds-tallest-building-opens-dubai/story?id=9469915","Opened on a Monday according to two news reports. The ABC News dateline is Dubai, 4 Jan 2010 and says the tower opened today, although the byline of that page shows 8 Mar 2009; a facilities trade article of 11 Jan 2010 says it officially opened on January 4; the Al Arabiya report is dated 4 Jan 2010 and the encyclopedia gives the same official opening date. Grade basis: date B, cost B. Confound sources: https://www.travelagentcentral.com/trends-research/international-tourism-track-rebound-19330. Other pages read: https://www.fmlink.com/burj-khalifa-worlds-tallest-building-opens-with-grand-ceremony; https://en.wikipedia.org/wiki/Burj_Khalifa; https://www.nbcnews.com/id/wbna34767981."
"ARE_2016_dubai_parks_and_resorts","Dubai Parks and Resorts","Dubai Parks and Resorts","multi_park_resort","ARE","United Arab Emirates","Jebel Ali, Dubai","2016-10-31",2016,,,"No USD figure used. Pages differ: AED13bn (UAE Cabinet, 19 Dec 2016), AED13.2bn (Gulf Business), GBP2.8bn (Dubai government press release of 17 Dec 2016), over US$3bn (wire report) and, for the planned five-park scheme, Dh10bn or US$2.7bn (The National, 28 Nov 2012).",,"","Y","Y","ARE_2018_warner_bros_world_abu_dhabi","B","https://www.themeparkinsider.com/flume/201610/5313/","https://uaecabinet.ae/en/news/mohammed-bin-rashid-inaugurates-regions-largest-theme-park-destination","The first phase opened on the date given with Legoland Dubai and Riverland; Bollywood Parks followed on 17 Nov 2016 and Motiongate on 16 Dec 2016. A trade report gives the same day and month for each stage but no year. The UAE Cabinet page reports the official inauguration on Sunday 18 Dec 2016. Sources conflict on the cost (see investment_source_note). Grade basis: date B. Other pages read: https://gulfnews.com/entertainment/dubai-parks-and-resorts-to-launch-on-october-31-1.1877302; https://en.wikipedia.org/wiki/Dubai_Parks_and_Resorts; https://www.dubaidet.gov.ae/en/newsroom/press-releases/dubais-new-mega-theme-park-officially-opens-with-grand-ceremony; https://gulfbusiness.com/en/2016/tourism/pictures-inside-dubai-parks-resorts-officially-opens; https://www.foxnews.com/world/large-complex-of-amusement-parks-in-dubai-celebrates-opening.amp; https://www.thenationalnews.com/business/dubai-on-white-knuckle-ride-to-revival-with-dh10bn-theme-park-project-1.367928; https://blooloop.com/brands-ip/news/dubai-parks-resorts-open-december/."
"ARE_2018_warner_bros_world_abu_dhabi","Warner Bros. World Abu Dhabi","Miral (with Warner Bros.)","theme_park","ARE","United Arab Emirates","Yas Island, Abu Dhabi","2018-07-25",2018,1,2018,"US$1bn theme park, named in the Dubai government protocol release of 23 Jul 2018 and by CNBC on 24 Jul 2018.",,"","Y","Y","ARE_2016_dubai_parks_and_resorts","A","https://protocol.dubai.ae/en/media-listing/news-events/mohammed-bin-rashid-and-mohamed-bin-zayed-open-1-billion-warner-bros-world-abu-dhabi-on-yas-island/","https://www.cnbc.com/2018/07/24/warner-bros-world-abu-dhabi-theme-park-opens-its-doors.html","Public opening on the date given per the government release. Sources conflict on the date: the opening ceremony was on 23 Jul 2018 and the park opened to the public on 25 Jul 2018, while the encyclopedia body gives 24 Jul for the inauguration and its infobox gives 25 Jul. Grade basis: date A, cost A. Other pages read: https://en.wikipedia.org/wiki/Warner_Bros._World_Abu_Dhabi."
"MYS_2012_legoland_malaysia","Legoland Malaysia","Merlin Entertainments","theme_park","MYS","Malaysia","Iskandar Puteri, Johor","2012-09-15",2012,,,"No USD figure used. Pages conflict: the encyclopedia gives RM720m for the park and water park plus RM190m for the hotel, and a news report calls the landmark development worth RM1.6bn.",,"","Y","Y","","B","https://scandasia.com/11180-asias-first-legoland-officially-opens-in-malaysia/","https://www.ausleisure.com.au/news/legoland-malaysia-announces-september-opening-date","A Scandinavian-Asian news item of 18 Sep 2012 reports the opening on 15 Sep 2012; the encyclopedia gives 22 Sep 2012 as the official opening. Sources conflict on the cost (see investment_source_note). Grade basis: date B. Other pages read: https://www.attractionsmanagement.com/attractions-news/Merlin-opens-first-Asian-Legoland/302732; https://en.wikipedia.org/wiki/Legoland_Malaysia_Resort."
"SGP_2010_resorts_world_sentosa","Resorts World Sentosa","Genting Singapore","integrated_resort","SGP","Singapore","Sentosa Island","2010-01-05",2010,,,"No USD figure used. A project profile of 2 Mar 2011 gives S$6.59bn estimated investment; the encyclopedia converts this to US$5.03bn without a price year.",,"2009 global tourism downturn (economic crisis and H1N1); 2010 Summer Youth Olympics in Singapore","Y","Y","SGP_2010_marina_bay_sands;SGP_2010_universal_studios_singapore;SGP_2012_gardens_by_the_bay","A","https://lib.nus.edu.sg/nus_hl/genting2010%281%29.pdf","https://gentingsingapore.com/en/about-us/history-and-milestones","Phased opening per the annual report: Crockfords Tower on 20 Jan, the casino on 14 Feb and Universal Studios Singapore on 18 Mar 2010; the grand opening was on 7 Dec 2012. Sources conflict on the date: the annual report has the first two hotels opening on 5 Jan 2010, while the encyclopedia dates the soft launch of the first four hotels to 20 Jan 2010. Grade basis: date A. Confound sources: https://www.travelagentcentral.com/trends-research/international-tourism-track-rebound-19330; https://en.wikipedia.org/wiki/2010_Summer_Youth_Olympics. Other pages read: https://www.hotelmanagement-network.com/projects/resortsworldsentosa/; https://en.wikipedia.org/wiki/Resorts_World_Sentosa."
"SGP_2010_universal_studios_singapore","Universal Studios Singapore","Genting Singapore (under license from NBCUniversal)","theme_park","SGP","Singapore","Sentosa Island","2010-03-18",2010,,,"No separate USD figure found for the park; the resort total is in the Resorts World Sentosa row.",,"2009 global tourism downturn (economic crisis and H1N1); 2010 Summer Youth Olympics in Singapore","Y","Y","SGP_2010_marina_bay_sands;SGP_2010_resorts_world_sentosa;SGP_2012_gardens_by_the_bay","A","https://lib.nus.edu.sg/nus_hl/genting2010%281%29.pdf","https://gentingsingapore.com/en/about-us/history-and-milestones","The annual report records the opening on the date given; the encyclopedia calls it a soft opening, gives 28 May 2011 as the official opening and says more than 3 million guests came in the opening year, without a stated basis. Grade basis: date A. Confound sources: https://www.travelagentcentral.com/trends-research/international-tourism-track-rebound-19330; https://en.wikipedia.org/wiki/2010_Summer_Youth_Olympics. Other pages read: https://en.wikipedia.org/wiki/Universal_Studios_Singapore."
"SGP_2010_marina_bay_sands","Marina Bay Sands","Las Vegas Sands","integrated_resort","SGP","Singapore","Marina Bay, Singapore","2010-04-27",2010,5.74,2010,"Annual report for 2010: S$7.40bn capitalised, about US$5.74bn at 31 Dec 2010 rates, with about US$740m still to be spent. A company release of 23 Feb 2010 describes a $5.5bn project without naming the currency, and the encyclopedia gives S$8bn (US$6.88bn).",,"2009 global tourism downturn (economic crisis and H1N1); 2010 Summer Youth Olympics in Singapore","Y","Y","SGP_2010_resorts_world_sentosa;SGP_2010_universal_studios_singapore;SGP_2012_gardens_by_the_bay","A","https://www.sec.gov/Archives/edgar/data/0001300514/000095012311020089/c08516e10vk.htm","https://investor.sands.com/news/news-details/2010/Marina-Bay-Sands-in-Singapore-to-Open-Its-Doors-on-April-27-2010-02-23-2010/default.aspx","The casino, hotel and part of the shopping mall opened on the date given; the second phase with the SkyPark opened on 23 Jun 2010 and the grand opening was on 17 Feb 2011. Sources conflict on the cost (see investment_source_note). Grade basis: date A, cost A. Confound sources: https://www.travelagentcentral.com/trends-research/international-tourism-track-rebound-19330; https://en.wikipedia.org/wiki/2010_Summer_Youth_Olympics. Other pages read: https://en.wikipedia.org/wiki/Marina_Bay_Sands."
"SGP_2012_gardens_by_the_bay","Gardens by the Bay","Gardens by the Bay (previously National Parks Board)","mega_attraction","SGP","Singapore","Marina Bay, Singapore","2012-06-29",2012,0.782,2012,"S$1bn (US$782m), stated in a trade report of 30 Jun 2012; a news report of 28 Jun 2012 also gives about S$1bn. The encyclopedia cites a final cost within a budget of about 1.035bn, with no currency label.",,"","Y","Y","SGP_2010_marina_bay_sands;SGP_2010_resorts_world_sentosa;SGP_2010_universal_studios_singapore","B","https://www.ausleisure.com.au/news/10000-people-visit-gardens-by-the-bay-in-first-12-hours","https://www.eco-business.com/ms/news/decision-to-build-gardens-by-the-bay-not-an-easy-one-pm-lee/","The official opening was on Thursday 28 Jun 2012 and the garden opened to the public on Friday 29 Jun 2012. The encyclopedia reports 1.7 million visitors from June to October 2012, which is not a 12-month figure. Grade basis: date B, cost B. Other pages read: https://en.wikipedia.org/wiki/Gardens_by_the_Bay."
"MAC_2004_sands_macao","Sands Macao","Las Vegas Sands","integrated_resort","MAC","Macao SAR, China","Macao Peninsula","2004-05-18",2004,0.265,2006,"US$265m build cost, stated by a Taipei Times business item of 5 Jun 2006 and by an undated Macao business report (MOP2.12bn). The encyclopedia gives US$240m with a citation-needed tag.",,"Mainland Individual Visit Scheme phased in from July 2003 to 2007","Y","Y","MAC_2006_wynn_macau;MAC_2007_venetian_macao;MAC_2009_city_of_dreams_macau","B","https://www.sec.gov/Archives/edgar/data/0001300514/000095012408000952/p75030e10vk.htm","https://macaubusiness.com/the-time-of-sands-2/","The company annual report says Sands Macao became the first Las Vegas-style casino to open in Macao in May 2004; a Macao business report gives 18 May 2004 and about 30,000 visitors on the first day. The Taipei Times item says the Sands paid off its US$265 million build cost within a year and dates the company's entry to May 2004 without a day. Sources conflict on the cost (see investment_source_note). Grade basis: date A, cost B. Confound sources: https://en.wikipedia.org/wiki/Individual_Visit_Scheme. Other pages read: https://en.wikipedia.org/wiki/Sands_Macao; https://www.taipeitimes.com/News/bizfocus/archives/2006/06/05/2003311840."
"MAC_2006_wynn_macau","Wynn Macau","Wynn Resorts","integrated_resort","MAC","Macao SAR, China","Macao Peninsula","2006-09-06",2006,1.2,2006,"US$1.2bn budget, stated by the company in a release of 15 Nov 2006 and in a project profile of 24 Oct 2006 (EUR930m).",,"Mainland Individual Visit Scheme phased in from July 2003 to 2007","Y","Y","MAC_2004_sands_macao;MAC_2007_venetian_macao;MAC_2009_city_of_dreams_macau;MAC_2011_galaxy_macau","A","https://wynnresortslimited.gcs-web.com/node/7266","https://www.hotelmanagement-network.com/projects/wynn-macau/","The company release states that the resort opened on the date given. Grade basis: date A, cost A. Confound sources: https://en.wikipedia.org/wiki/Individual_Visit_Scheme. Other pages read: https://en.wikipedia.org/wiki/Wynn_Macau."
"MAC_2007_venetian_macao","The Venetian Macao","Las Vegas Sands","integrated_resort","MAC","Macao SAR, China","Cotai Strip","2007-08-28",2007,2.4,2007,"US$2.4bn, stated in a wire report of 29 Aug 2007 and a trade release. The company annual report gives about US$12.0bn for the whole Cotai Strip programme, which is not this resort alone.",,"Mainland Individual Visit Scheme phased in from July 2003 to 2007","Y","Y","MAC_2004_sands_macao;MAC_2006_wynn_macau;MAC_2009_city_of_dreams_macau;MAC_2011_galaxy_macau","B","https://www.sec.gov/Archives/edgar/data/0001300514/000095012408000952/p75030e10vk.htm","https://dailyillini.com/life_and_culture-stories/2007/08/29/2-4-billion-venice-themed-casino-opens-in-southern-china/","The company annual report confirms that the resort opened on the date given. Grade basis: date A, cost B. Confound sources: https://en.wikipedia.org/wiki/Individual_Visit_Scheme. Other pages read: https://www.hotelexecutive.com/newswire/9156/venetian-macao-opens; https://en.wikipedia.org/wiki/The_Venetian_Macao."
"MAC_2009_city_of_dreams_macau","City of Dreams Macau","Melco Crown Entertainment","integrated_resort","MAC","Macao SAR, China","Cotai Strip","2009-06-01",2009,2.4,2009,"Final budgeted cost of more than US$2.4bn, reported on 13 May 2010; an AFP report of 1 Jun 2009 also gives a US$2.4bn complex. Earlier budgets were US$2.1bn (Oct 2007) and US$1.5bn (2006).",,"2009 global tourism downturn (economic crisis and H1N1)","Y","Y","MAC_2004_sands_macao;MAC_2006_wynn_macau;MAC_2007_venetian_macao;MAC_2011_galaxy_macau","B","https://melco.gcs-web.com/static-files/9efd5088-f94d-4143-82c3-6da0efc73eb0","https://www.solardaily.com/reports/City_of_Dreams_hopes_to_end_Macau_nightmare_999.html","The company filing says phase 1 opened on 1 Jun 2009 and the shareholder circular says it opened on time and on budget; a second company filing of 29 Jun 2009 reports one million guests within 27 days. Grade basis: date A, cost B. Confound sources: https://www.travelagentcentral.com/trends-research/international-tourism-track-rebound-19330. Other pages read: https://www1.hkexnews.hk/listedco/listconews/sehk/2009/0928/ltn20090928163.pdf; https://en.wikipedia.org/wiki/City_of_Dreams_(casino); https://asgam.com/2010/05/13/mpel-note-issue-to-reduce-city-of-dreams-debt/; https://melco.gcs-web.com/static-files/82d4607b-11d9-41cf-9862-98c3ce688d3e."
"MAC_2011_galaxy_macau","Galaxy Macau","Galaxy Entertainment Group","integrated_resort","MAC","Macao SAR, China","Cotai Strip","2011-05-15",2011,1.9,2011,"HK$14.9bn total investment, stated in the company release of 10 Mar 2011 and by a trade report; an undated Macao newspaper item converts it to US$1.9bn, as does the encyclopedia.",,"","Y","Y","MAC_2006_wynn_macau;MAC_2007_venetian_macao;MAC_2009_city_of_dreams_macau;MAC_2015_studio_city;MAC_2016_parisian_macao;MAC_2016_wynn_palace","A","https://www.galaxyentertainment.com/en/media/press-releases/343/galaxy-macau™-to-open-on-15-may-2011343","https://www.intergameonline.com/land-based-gaming/news/galaxy-macau-to-open-in-may","The date comes from the company announcement of 10 Mar 2011 that the resort would open on 15 May 2011, repeated by a trade report, a Macao newspaper headline and the encyclopedia. Grade basis: date A, cost A. Other pages read: https://en.wikipedia.org/wiki/Galaxy_Macau; http://www.macaudailytimes.com.mo/macau/23050-Galaxy-open-Cotai-resort-May.html."
"MAC_2015_studio_city","Studio City","Melco Resorts and Entertainment (60% owner)","integrated_resort","MAC","Macao SAR, China","Cotai Strip","2015-10-27",2015,3.2,2015,"US$3.2bn, stated in the parent company's interim report of Sep 2015 and in a Macao business report.",,"Macao gaming revenue fall in 2014 and 2015 during the mainland anti-corruption campaign","Y","Y","MAC_2011_galaxy_macau;MAC_2016_parisian_macao;MAC_2016_wynn_palace;MAC_2018_mgm_cotai","A","https://www1.hkexnews.hk/listedco/listconews/sehk/2015/0921/ltn20150921327.pdf","https://www.macaubusiness.com/studio-city-opening-october-27-3/","The interim report issued before the opening sets the grand opening for the date given, and the encyclopedia records that the resort officially opened on that date. Grade basis: date A, cost A. Confound sources: https://macaonews.org/news/business/macau-gaming-revenue-fell-34-per-cent-in-2015/. Other pages read: https://en.wikipedia.org/wiki/Studio_City_(Macau)."
"MAC_2016_wynn_palace","Wynn Palace","Wynn Resorts","integrated_resort","MAC","Macao SAR, China","Cotai Strip","2016-08-22",2016,4.2,2016,"USD4.2bn, stated in the company news release of 22 Aug 2016. The encyclopedia gives US$4.1bn (budget of Apr 2015) and an earlier US$4bn (2012).",,"Macao gaming revenue fall in 2014 and 2015 during the mainland anti-corruption campaign","Y","Y","MAC_2011_galaxy_macau;MAC_2015_studio_city;MAC_2016_parisian_macao;MAC_2018_mgm_cotai","A","https://www.newsroom.wynnresorts.com/en/wynnpalace/wynn-palace-now-open-in-cotai--macau/s/dd49e7be-59c9-46f1-ab6d-c584f3f73403","https://en.wikipedia.org/wiki/Wynn_Palace","The company release of 22 Aug 2016 announces the resort as now open. Sources conflict on the cost (see investment_source_note). Grade basis: date A, cost A. Confound sources: https://macaonews.org/news/business/macau-gaming-revenue-fell-34-per-cent-in-2015/."
"MAC_2016_parisian_macao","The Parisian Macao","Las Vegas Sands","integrated_resort","MAC","Macao SAR, China","Cotai Strip","2016-09-13",2016,,,"No USD figure used. A Las Vegas newspaper gives US$2.7bn (10 Sep 2016) while the encyclopedia cites about US$2.5bn from a 2012 magazine.",,"Macao gaming revenue fall in 2014 and 2015 during the mainland anti-corruption campaign","Y","Y","MAC_2011_galaxy_macau;MAC_2015_studio_city;MAC_2016_wynn_palace;MAC_2018_mgm_cotai","A","https://www.sec.gov/Archives/edgar/data/1300514/000095014216004671/eh1601095_ex9901.htm","https://insights.ehotelier.com/properties/2016/09/14/parisian-macao-celebrates-grand-opening/","A hospitality trade report says the resort opened at 8:18 pm on the date given, and the company filing confirms the date. Sources conflict on the cost (see investment_source_note). Grade basis: date A. Confound sources: https://macaonews.org/news/business/macau-gaming-revenue-fell-34-per-cent-in-2015/. Other pages read: https://www.reviewjournal.com/?p=123301; https://en.wikipedia.org/wiki/The_Parisian_Macao."
"MAC_2018_mgm_cotai","MGM Cotai","MGM China Holdings (MGM Resorts International)","integrated_resort","MAC","Macao SAR, China","Cotai Strip","2018-02-13",2018,,,"No USD figure used. A gaming news report of 13 Feb 2018 gives HK$27bn (US$3.4bn) and the encyclopedia repeats US$3.4bn without a price year.",,"Opening of the Hong Kong-Zhuhai-Macau Bridge in October 2018","Y","Y","MAC_2015_studio_city;MAC_2016_parisian_macao;MAC_2016_wynn_palace","A","https://www.mgm.mo/en/press-release/2018/chief-executive-mr-chui-sai-officiates-grand-opening-ceremony-mgm-cotai","https://www.ggrasia.com/?p=61235","The company release and the news report both say the resort opens to the public on the date given. Grade basis: date A. Confound sources: https://en.wikipedia.org/wiki/Hong_Kong%E2%80%93Zhuhai%E2%80%93Macau_Bridge. Other pages read: https://en.wikipedia.org/wiki/MGM_Cotai."
"KOR_2017_paradise_city","Paradise City","Joint venture of Paradise Group (55%) and Sega Sammy Holdings (45%)","integrated_resort","KOR","Korea, Rep.","Jung-gu, Incheon","2017-04-20",2017,1.12,2017,"About 1,300bn won, stated in the Sega Sammy release on the opening; GGRAsia converts this to US$1.12bn.",,"2017 sharp fall in Chinese group tourists to South Korea","Y","Y","KOR_2022_legoland_korea","A","https://www.segasammy.co.jp/cms/wp-content/uploads/2023/03/20170424pctyopen_e.pdf","https://www.GGRAsia.com/south-koreas-paradise-city-casino-resort-to-open-today/","The joint venture partner's release says the resort officially opened on the date given. Grade basis: date A, cost A. Confound sources: https://en.wikipedia.org/wiki/Tourism_in_South_Korea."
"KOR_2022_legoland_korea","Legoland Korea","Merlin Entertainments","theme_park","KOR","Korea, Rep.","Jungdo Island, Chuncheon","2022-05-05",2022,,,"No USD figure used. A January 2019 trade report gave W290bn (US$258m) for the total resort, a single pre-opening figure.",,"COVID-19 collapse of international travel in 2020 and slow recovery in 2021 and 2022","Y","N","KOR_2017_paradise_city","B","https://www.attractionsmanagement.com/attractions-news/Legoland-Korea-park-completed-set-to-open-on-5-May/349307","https://www.inparkmagazine.com/legoland-korea-resort-opens/","The encyclopedia gives a soft opening on 2 Apr 2022 and says visitor numbers have been well below the projected two million a year. Grade basis: date B. Confound sources: https://www.untourism.int/news/2020-worst-year-in-tourism-history-with-1-billion-fewer-international-arrivals; https://www.hotel-online.com/news/tourism-grows-4-in-2021-but-remains-far-below-pre-pandemic-levels; https://propakistani.pk/2023/01/18/international-travel-surged-in-2022-un/. Other pages read: https://en.wikipedia.org/wiki/Legoland_Korea_Resort; https://www.attractionsmanagement.com/attractions-news/Legoland-Korea-given-green-light-after-funding-agreement/340329."
"PHL_1995_enchanted_kingdom","Enchanted Kingdom","Enchanted Kingdom Inc.","theme_park","PHL","Philippines","Santa Rosa, Laguna","1995-10-19",1995,,,"No investment figure found in the pages read.",,"","Y","N","","A","https://www.enchantedkingdom.ph/?p=23064","https://www.legacyentertainment.com/leading-in-asia-the-philippines-enchanted-kingdom/","The park's own site says it opened to the public on the date given; a themed-design firm profile puts the groundbreaking in August 1994. Grade basis: date A. Other pages read: https://en.wikipedia.org/wiki/Enchanted_Kingdom."
"PHL_2009_resorts_world_manila","Resorts World Manila","Travellers International Hotel Group (Alliance Global and Genting Hong Kong)","integrated_resort","PHL","Philippines","Newport City, Pasay","2009-08",2009,,,"No investment figure found in the pages read.",,"2009 global tourism downturn (economic crisis and H1N1)","Y","Y","PHL_2013_solaire;PHL_2014_city_of_dreams_manila","A","https://newportworldresorts.com/about","https://en.wikipedia.org/wiki/Resorts_World_Manila","The operator says operations began at Newport City in August 2009; the encyclopedia gives a soft launch on 28 Aug 2009. Grade basis: date A. Confound sources: https://www.travelagentcentral.com/trends-research/international-tourism-track-rebound-19330."
"PHL_2013_solaire","Solaire Resort and Casino","Bloomberry Resorts Corporation","integrated_resort","PHL","Philippines","Entertainment City, Paranaque","2013-03-16",2013,1.2,2013,"US$1.2bn, stated by a Philippine newspaper on 7 Feb 2013 (dollar sign without a country label) and by GGRAsia on 7 May 2015 as a US$1.2bn project; the encyclopedia calls it an investment commitment under the licence.",,"Typhoon Haiyan in the Philippines in November 2013","Y","Y","PHL_2009_resorts_world_manila;PHL_2014_city_of_dreams_manila;PHL_2016_okada_manila","B","https://www.GGRAsia.com/solaire-gets-its-full-pagcor-gaming-licence/","https://philstar.com/headlines/2013/02/07/905845/mega-casino-open-march","GGRAsia says the resort opened on the date given under a provisional licence and received its full licence later. Grade basis: date B, cost B. Confound sources: https://en.wikipedia.org/wiki/Typhoon_Haiyan. Other pages read: https://en.wikipedia.org/wiki/Solaire_Resort_%26_Casino."
"PHL_2014_city_of_dreams_manila","City of Dreams Manila","Melco Resorts and Entertainment (Philippines)","integrated_resort","PHL","Philippines","Entertainment City, Paranaque","2014-12-14",2014,,,"No USD figure used. GGRAsia describes a US$1.3bn scheme on 10 Dec 2014 and the encyclopedia repeats US$1.3bn without a price year.",,"Typhoon Haiyan in the Philippines in November 2013","Y","Y","PHL_2009_resorts_world_manila;PHL_2013_solaire;PHL_2016_okada_manila","B","https://www.ggrasia.com/cod-manila-authorised-to-start-casino-operations-on-dec-14/","https://business.inquirer.net/?p=183308","Soft opening with casino operations from the date given; the encyclopedia gives 2 Feb 2015 for the grand opening. Grade basis: date B. Confound sources: https://en.wikipedia.org/wiki/Typhoon_Haiyan. Other pages read: https://en.wikipedia.org/wiki/City_of_Dreams_Manila."
"PHL_2016_okada_manila","Okada Manila","Tiger Resort Leisure and Entertainment","integrated_resort","PHL","Philippines","Entertainment City, Paranaque","2016-12-30",2016,,,"No USD figure used. Pages conflict: GGRAsia gives US$2.4bn (Dec 2016) and the Philippine Daily Inquirer gives US$2bn.",,"","Y","Y","PHL_2013_solaire;PHL_2014_city_of_dreams_manila","B","https://www.ggrasia.com/okada-manila-to-start-casino-operations-dec-30/","https://business.inquirer.net/222183/casino-buzzer-beater","Casino operations were launched on the date given after a preview from 21 Dec 2016. Sources conflict on the cost (see investment_source_note). Grade basis: date B. Other pages read: https://en.wikipedia.org/wiki/Okada_Manila; https://www.GGRAsia.com/?p=41716."
"IDN_2011_trans_studio_bandung","Trans Studio Bandung","CT Corpora","theme_park","IDN","Indonesia","Bandung, West Java","2011-06-18",2011,,,"No USD figure used. A 2021 news report gives a cost of up to Rp2tn.",,"","Y","Y","","C","https://www.goodnewsfromindonesia.id/2011/06/26/bandung-opens-the-largest-indoor-theme-park","https://katadata.co.id/amp/berita/nasional/60ac78ac275d6/trans-studio-bandung-indoor-theme-park-terbesar-di-indonesia","A news report of 26 Jun 2011 says the indoor park was launched on Saturday 18 Jun 2011. The park's own site describes it as a business unit of CT Corpora and says it started in 2011, without a month or a cost; a 2021 news report also gives only the year 2011. Grade basis: date C. Other pages read: https://en.wikipedia.org/wiki/Trans_Studio_Bandung; https://www.transentertainment.com/transstudio/bandung."
"IND_2013_imagicaa","Imagicaa","Imagicaa World Entertainment","theme_park","IND","India","Khopoli, Raigad district, Maharashtra","2013-04-18",2013,0.294,2013,"About US$294m, stated in two news reports of 18 and 23 Apr 2013.",,"","Y","Y","IND_2018_statue_of_unity","B","https://ft.lk/travel-tourism/294-m-80-acre-theme-park-opens-in-mumbai/27-147168","https://iol.co.za/travel/2013-04-18-welcome-to-indias-most-elaborate-theme-park/","A Sri Lankan business paper of 23 Apr 2013 says the park opened to the public on 18 Apr 2013. Grade basis: date B, cost B. Other pages read: https://en.wikipedia.org/wiki/Imagicaa."
"IND_2018_statue_of_unity","Statue of Unity","Sardar Vallabhbhai Patel Rashtriya Ekta Trust (built by Larsen and Toubro)","mega_attraction","IND","India","Kevadia, Narmada district, Gujarat","2018-10-31",2018,,,"No USD figure used. A news report gives 29.9bn rupees (US$400m) while the encyclopedia gives 27bn rupees (US$422m); neither states a price year.",2.9,"","Y","Y","IND_2013_imagicaa","B","https://www.larsentoubro.com/pressreleases/2018/2018-10-31-lt-built-statue-of-unity-inaugurated-by-hon-pm-narendra-modi/","https://www.thejakartapost.com/news/2018/10/31/india-inaugurates-worlds-biggest-statue-amid-tight-security","Inaugurated by the Prime Minister on the date given. First-year attendance of 2.9 million is the encyclopedia's figure for its first year of operation. Sources conflict on the cost (see investment_source_note). Grade basis: date B. Other pages read: https://en.wikipedia.org/wiki/Statue_of_Unity."
"VNM_2013_grand_ho_tram","The Grand Ho Tram Strip (Grand Casino Resort)","Asian Coast Development (Canada)","integrated_resort","VNM","Viet Nam","Ho Tram, Ba Ria-Vung Tau","2013-07-26",2013,,,"No USD figure used for the opening investment. A gaming trade report says one investor put up most of the US$500m used to start the project, and a December 2011 report gave US$4.2bn for the whole planned development.",,"","Y","Y","","B","https://www.intergameonline.com/casino/news/the-grand-casino-resort-opens-in-vietnam","https://asgam.com/2013/06/10/ho-tram-project-company-announces-new-brand-and-opening-date/","The opening was announced in June 2013 for 26 Jul 2013; a December 2011 report had expected Feb 2013. Sources conflict on the cost (see investment_source_note). Grade basis: date B. Other pages read: https://asgam.com/2013/08/15/going-the-distance/; https://dtinews.dantri.com.vn/vietnam-today/us42-billion-beach-resort-to-open-early-2013-20111211155535837.htm."
"BRN_2000_empire_hotel","The Empire Hotel and Country Club","Brunei Investment Agency","destination_resort","BRN","Brunei Darussalam","Jerudong","2000-10-16",2000,,,"No USD figure used. The encyclopedia values the hotel at about US$1.1bn without a price year.",,"September 2001 attacks and the fall in air travel demand","Y","Y","","C","https://en.wikipedia.org/wiki/The_Empire_Brunei","https://www.travelweekly.com.au/article/hotel-review-the-empire-hotel-and-country-club/","The encyclopedia says it officially opened on the date given and that ownership passed to the Brunei Investment Agency after the 1998 collapse of the original developer; a 2015 travel trade review says only that it opened in 2000. Grade basis: date C. Confound sources: https://en.wikipedia.org/wiki/Economic_effects_of_the_September_11_attacks."
"USA_1998_disneys_animal_kingdom","Disney's Animal Kingdom","Walt Disney World (The Walt Disney Company)","multi_park_resort","USA","United States","Lake Buena Vista, Florida","1998-04-22",1998,,,"No USD figure used. A wire quote on a fan site gives US$800m without a price year; the encyclopedia gives an estimate of US$600m to 800m announced in 1995.",,"","Y","N","USA_1999_islands_of_adventure;USA_1999_legoland_california;USA_2001_disney_california_adventure","A","https://d23.com/disney-a-to-z/animal-kingdom-disneys/","https://allears.net/tp/ak/ak_opn.htm","The Disney D23 reference page and a fan site quoting the company press release give the opening day. Sources conflict on the cost (see investment_source_note). Grade basis: date A. Other pages read: https://en.wikipedia.org/wiki/Disney%27s_Animal_Kingdom."
"USA_1999_islands_of_adventure","Islands of Adventure","NBCUniversal (Universal Orlando Resort)","multi_park_resort","USA","United States","Orlando, Florida","1999-05-28",1999,,,"No USD figure used. A fan website cites a price tag of about US$1bn without a source or price year.",,"","Y","N","USA_1998_disneys_animal_kingdom;USA_1999_legoland_california;USA_2001_disney_california_adventure","C","https://themeparkinsider.com/flume/201308/3637","https://orlandoinformer.com/universal/islands-of-adventure/","The encyclopedia gives the official opening on the date given and soft openings from 27 Mar 1999. Grade basis: date C. Other pages read: https://en.wikipedia.org/wiki/Islands_of_Adventure."
"USA_1999_legoland_california","Legoland California","LEGO Group (now Merlin Entertainments)","theme_park","USA","United States","Carlsbad, California","1999-03-20",1999,,,"No investment figure found in the pages read.",,"","Y","N","USA_1998_disneys_animal_kingdom;USA_1999_islands_of_adventure;USA_2001_disney_california_adventure","C","https://www.hotel-online.com/News/PressReleases1999_1st/Mar99_Legoland.html","https://en.wikipedia.org/wiki/Legoland_California","A company release dated 20 Mar 1999 announces the park as officially open. Grade basis: date C."
"USA_2001_disney_california_adventure","Disney California Adventure","Disneyland Resort (The Walt Disney Company)","multi_park_resort","USA","United States","Anaheim, California","2001-02-08",2001,,,"No USD figure used. Pre-opening reports give US$1.4bn for the whole Disneyland Resort expansion, which also includes a hotel and a shopping district; the encyclopedia gives US$600m for the park.",5,"September 2001 attacks and the fall in air travel demand","Y","Y","USA_1998_disneys_animal_kingdom;USA_1999_islands_of_adventure;USA_1999_legoland_california","C","https://nnbw.com/news/2001/dec/20/disney-sets-opening-date-for-california-adventure-","https://dev6.laughingplace.com/news-id10001950.asp","Two pre-opening reports give 8 Feb 2001 as the opening date, and the Disney annual report for fiscal 2002 says the park opened in 2001 without a month or a cost. First-year attendance is the encyclopedia's figure for calendar 2001. Sources conflict on the cost (see investment_source_note). Grade basis: date C. Confound sources: https://en.wikipedia.org/wiki/Economic_effects_of_the_September_11_attacks. Other pages read: https://en.wikipedia.org/wiki/Disney_California_Adventure; https://www.sec.gov/Archives/edgar/data/0001001039/000095014802002854/v86195e10vk.htm."
"USA_2011_legoland_florida","Legoland Florida","Merlin Entertainments","theme_park","USA","United States","Winter Haven, Florida","2011-10-15",2011,,,"No investment figure found for the build; a trade report notes the site was bought for US$156m in 2009.",,"","Y","Y","","B","https://www.washingtontimes.com/news/2011/may/25/legoland-florida-opens-oct-15/","https://www.attractionsmanagement.com/attractions-news/Merlin-opens-Legoland-Florida/284563","A news wire of 25 May 2011 announced the opening for 15 Oct and a trade report of 17 Oct 2011 reports it open. Grade basis: date B. Other pages read: https://en.wikipedia.org/wiki/Legoland_Florida."
"CAN_2004_niagara_fallsview","Niagara Fallsview Casino Resort","Ontario Lottery and Gaming Corporation (owner)","integrated_resort","CAN","Canada","Niagara Falls, Ontario","2004-06-10",2004,,,"No USD figure used. A news item and the encyclopedia cite a $1bn resort without a currency or price year.",,"2003 SARS outbreak with WHO travel advice against Hong Kong and Guangdong and a Toronto travel warning","Y","Y","","C","https://www.btpm.org/2004-06-09/niagara-fallsview-resort-casino-opens-in-niagara-falls-ontario","https://en.wikipedia.org/wiki/Niagara_Fallsview_Casino_Resort","A news item of 9 Jun 2004 says the resort opens to the public at noon on Thursday 10 Jun 2004. Grade basis: date C. Confound sources: https://en.wikipedia.org/wiki/2003_SARS_outbreak."
"AUS_1997_crown_melbourne","Crown Casino and Entertainment Complex","Crown Melbourne (Crown Resorts subsidiary)","integrated_resort","AUS","Australia","Southbank, Melbourne","1997-05-08",1997,,,"No investment figure found in the pages read.",,"","Y","N","","C","https://en.wikipedia.org/wiki/Crown_Melbourne","https://www.emelbourne.net.au/biogs/EM00425b.htm","This is the permanent complex; the temporary casino opened on 30 Jun 1994, before the study window. The Encyclopedia of Melbourne gives the official opening as May 1997. Grade basis: date C."
"BHS_1998_atlantis_paradise_island","Atlantis Paradise Island","Sun International","integrated_resort","BHS","Bahamas, The","Paradise Island, Nassau","1998-12-11",1998,,,"No USD figure used. A single company release of 7 Dec 1998 gives US$480m for the Royal Towers and US$800m for the overall Atlantis complex.",,"","Y","N","","C","https://www.hotel-online.com/News/PressReleases1998_4th/Dec98_ParadiseTowers.html","https://en.wikipedia.org/wiki/Atlantis_Paradise_Island","The company release gives the grand opening as 11 and 12 Dec 1998. Grade basis: date C."
"BHS_2017_baha_mar","Baha Mar","Chow Tai Fook Enterprises","integrated_resort","BHS","Bahamas, The","Cable Beach, Nassau","2017-04-21",2017,4.2,2017,"US$4.2bn for the Baha Mar resort, stated in two news reports of April 2017; the encyclopedia gives about US$4bn.",,"","Y","Y","","B","https://thepointsguy.com/2017/04/baha-mar-resort-partially-opens/","https://www.travelpulse.com/news/hotels-and-resorts/ceremonies-mark-baha-mars-soft-opening","Soft opening of the first hotel on the date given; the encyclopedia dates the next hotel to Nov 2017 and the third to Jun 2018. Grade basis: date B, cost B. Other pages read: https://en.wikipedia.org/wiki/Baha_Mar."
"BRA_1999_hopi_hari","Hopi Hari","Playcenter Group","theme_park","BRA","Brazil","Vinhedo, Sao Paulo","1999-11-27",1999,,,"No investment figure found in the pages read.",,"","Y","N","","C","https://blog.blablacar.com.br/?p=7062","https://en.wikipedia.org/wiki/Hopi_Hari","A travel blog and the encyclopedia give the inauguration on the date given; a second travel guide says 1999. Grade basis: date C. Other pages read: https://saopauloparacriancas.com.br/?p=91973."
"ARG_1997_parque_de_la_costa","Parque de la Costa","SCP (holding company of the developers Santiago Soldati and Walter Alvarez)","theme_park","ARG","Argentina","Tigre, Buenos Aires","1997-04-10",1997,,,"No USD figure used. The encyclopedia and a December 2025 news report both cite an investment of nearly or over US$400m without a price year.",,"","Y","N","","C","https://www.c5n.com/lifestyle/fue-el-parque-atracciones-mas-grandes-latinoamerica-estuvo-cerrado-y-hoy-funciona-nuevamente-que-parte-buenos-aires-esta-n224910","https://en.wikipedia.org/wiki/Parque_de_la_Costa","The encyclopedia gives the date; a news report says the park opened in April 1997. Grade basis: date C."
"GBR_1996_legoland_windsor","Legoland Windsor","Merlin Entertainments (current operator)","theme_park","GBR","United Kingdom","Windsor, Berkshire","1996-03-17",1996,,,"No USD figure used. A building trade archive item records a cost of GBP85m for 1996.",1.4,"","Y","N","GBR_2001_eden_project","C","https://www.ukthemeparkspy.co.uk/?p=18137","https://www.london-tickets.co.uk/legoland-windsor-resort/history/","Two enthusiast sites and the encyclopedia give the date; a building trade archive item confirms the 1996 opening. The encyclopedia says more than 1.4 million visitors came in the first season. Grade basis: date C. Other pages read: https://en.wikipedia.org/wiki/Legoland_Windsor_Resort; https://building.co.uk/our-history-180-years-of-building/this-week-in-1996/5080974.article."
"GBR_2001_eden_project","Eden Project","The Eden Trust (educational charity)","mega_attraction","GBR","United Kingdom","Bodelva, Cornwall","2001-03-17",2001,,,"No USD figure used. Pages conflict: The Caterer gives GBP86m, the Royal Geographical Society gives GBP80m, and Ingenia says the GBP37.5m Millennium Commission grant was just under half of the total cost.",,"September 2001 attacks and the fall in air travel demand; 2001 UK foot-and-mouth outbreak that damaged rural tourism","Y","Y","GBR_1996_legoland_windsor","B","https://www.thecaterer.com/archive/tourism-award-13","https://ingenia.org.uk/articles/how-an-eden-was-created-in-cornwall/","The Caterer says it opened on the date given and drew 7,000 visitors to its official opening; Ingenia and the Royal Geographical Society place the public opening in March 2001. The project's own site describes it as an educational charity, names The Eden Trust as the registered charity and says it opened in 2001, without a month or a cost. Sources conflict on the cost (see investment_source_note). Grade basis: date B. Confound sources: https://en.wikipedia.org/wiki/Economic_effects_of_the_September_11_attacks; https://en.wikipedia.org/wiki/2001_United_Kingdom_foot-and-mouth_crisis. Other pages read: https://www.rgs.org/schools/resources-for-schools/can-the-uk-ever-be-sustainable/eden-project/; https://en.wikipedia.org/wiki/Eden_Project; https://www.edenproject.com/about-us."
"DEU_1996_movie_park_germany","Warner Bros. Movie World Germany (now Movie Park Germany)","Warner Bros. (as Warner Bros. Movie World Germany)","theme_park","DEU","Germany","Bottrop-Kirchhellen, North Rhine-Westphalia","1996-06-30",1996,,,"No investment figure found in the pages read.",,"","Y","N","","C","https://thrillzing.com/theme-parks/movie-park-germany-bottrop/","https://en.wikipedia.org/wiki/Movie_Park_Germany","The encyclopedia says about 20,000 invited guests attended a grand opening on 29 Jun 1996; a trade history confirms the 1996 start under the Warner Bros. name. Grade basis: date C. Other pages read: https://blooloop.com/uncategorised/in-depth/amusement-parks-the-movie-park-a-potted-history."
"DEU_2002_legoland_deutschland","Legoland Deutschland","LEGO Group (now Merlin Entertainments)","theme_park","DEU","Germany","Guenzburg, Bavaria","2002-05-17",2002,,,"No investment figure found in the pages read.",1.35,"September 2001 attacks and the fall in air travel demand","Y","Y","DEU_2004_tropical_islands","A","https://www.legoland.de/en/lp/chronology/","https://en.wikipedia.org/wiki/Legoland_Deutschland_Resort","The park's own chronology records the opening on the date given. First-year attendance of 1.35 million is the encyclopedia's figure for the initial operating year. Grade basis: date A. Confound sources: https://en.wikipedia.org/wiki/Economic_effects_of_the_September_11_attacks."
"DEU_2004_tropical_islands","Tropical Islands Resort","Tanjong","destination_resort","DEU","Germany","Krausnick, Brandenburg","2004-12-19",2004,,,"No USD figure used. The encyclopedia records EUR78m as the cost of the hall when it was built for another firm and EUR17.5m as the 2003 purchase price; neither is the conversion cost.",,"","Y","Y","DEU_2002_legoland_deutschland","C","https://thrillzing.com/water-parks/tropical-islands-krausnick/","https://en.wikipedia.org/wiki/Tropical_Islands_Resort","An enthusiast site and the encyclopedia give the opening of the indoor tropical resort on the date given. Grade basis: date C."
"ESP_1995_portaventura","PortAventura","Tussauds Group, Anheuser-Busch, La Caixa and Fecsa (original promoters)","theme_park","ESP","Spain","Salou and Vila-seca, Tarragona","1995-05",1995,,,"No USD figure used. A community article gives an initial investment of EUR300m.",,"","Y","N","ESP_1997_guggenheim_bilbao;ESP_2000_terra_mitica","C","https://www.pa-community.com/articulos/port-aventura","https://thecoasterkings.com/spanish-theme-park-history-part-5-portaventura/","The encyclopedia reports 2.7 million visitors across 1995 and 1996 combined. Sources conflict on the date: two enthusiast sites give 1 May 1995 as the inauguration, while the encyclopedia says the park opened to the public on 2 May 1995. Grade basis: date C. Other pages read: https://en.wikipedia.org/wiki/PortAventura_Park."
"ESP_1997_guggenheim_bilbao","Guggenheim Museum Bilbao","Solomon R. Guggenheim Foundation","mega_attraction","ESP","Spain","Bilbao, Basque Country","1997-10",1997,,,"No USD figure used. The encyclopedia gives US$89m with no price year and also notes US$100m from the Basque government; Mental Floss says the government planned to pay US$100m for construction under a 1991 agreement.",,"","Y","N","ESP_1995_portaventura;ESP_2000_terra_mitica;ESP_2002_parque_warner_madrid","C","https://www.mentalfloss.com/article/77971/12-facts-about-guggenheim-bilbao","https://en.wikipedia.org/wiki/Guggenheim_Museum_Bilbao","The museum's own site says the building was built between October 1993 and October 1997 but gives no opening date or cost. The encyclopedia reports about 4 million tourists in the first three years. Sources conflict on the date: Mental Floss gives the gala opening by the King as 17 Oct 1997, while the encyclopedia gives 18 Oct 1997. Sources conflict on the cost (see investment_source_note). Grade basis: date C. Other pages read: https://www.guggenheim-bilbao.eus/en/the-building/the-construction."
"ESP_2000_terra_mitica","Terra Mitica","Aqualandia-Mundomar (owner)","theme_park","ESP","Spain","Benidorm, Alicante","2000-07",2000,,,"No USD figure used. Pages conflict: a Catalan encyclopedia gives an initial investment of EUR270m, El Temps of July 2000 gives a total budget of 70,000m pesetas, and El Debate in 2025 says the final cost exceeded EUR400m against an estimate of EUR240m.",,"September 2001 attacks and the fall in air travel demand","Y","Y","ESP_1995_portaventura;ESP_1997_guggenheim_bilbao;ESP_2002_parque_warner_madrid","B","https://www.eltemps.cat/documents/el-temps_2000_07_0841_0036_0037.pdf","https://www.eldebate.com/espana/comunidad-valenciana/20250701/marina-dor-terra-mitica-asi-han-cambiado-dos-emblemas-turismo-valenciano-desde-inauguracion_312322.html","Recorded at month precision because the day of the first public opening is uncertain. Sources conflict on the date: El Temps of 25 to 31 Jul 2000 gives the official inauguration as 27 Jul and the opening to the general public as possibly 31 Jul, while El Debate and the encyclopedia give 27 Jul as the opening. Sources conflict on the cost (see investment_source_note). Grade basis: date B. Confound sources: https://en.wikipedia.org/wiki/Economic_effects_of_the_September_11_attacks. Other pages read: https://en.wikipedia.org/wiki/Terra_M%C3%ADtica; https://www.enciclopedia.cat/EC-GEC-0249354."
"ESP_2002_parque_warner_madrid","Parque Warner Madrid","Parques Reunidos (current owner; opening shareholders led by the Madrid regional administration)","theme_park","ESP","Spain","San Martin de la Vega, Madrid","2002-04-06",2002,,,"No USD figure used. An enthusiast site gives EUR368m for the completed facilities.",,"September 2001 attacks and the fall in air travel demand","Y","Y","ESP_1997_guggenheim_bilbao;ESP_2000_terra_mitica","C","https://thecoasterkings.com/spanish-theme-park-history-part-7-parque-warner/","https://www.pa-community.com/articulos/historia-del-parque-warner","The encyclopedia gives a grand opening on 5 Apr 2002 for about 10,000 guests and the public opening on 6 Apr 2002. Two enthusiast sites say the first season fell short of 500,000 visitors, so attendance is left blank. Grade basis: date C. Confound sources: https://en.wikipedia.org/wiki/Economic_effects_of_the_September_11_attacks. Other pages read: https://en.wikipedia.org/wiki/Parque_Warner_Madrid."
"ITA_2014_cinecitta_world","Cinecitta World","Cinecitta Parks (Italian Entertainment Group)","theme_park","ITA","Italy","Castel Romano, Rome","2014-07-24",2014,,,"No USD figure used. A trade report of 15 Jul 2014 gives EUR250m (US$340m at that date) and says the owner planned a further EUR250m.",,"Expo 2015 in Milan","Y","Y","","B","https://www.attractionsmanagement.com/attractions-news/Romes-€250m-Cinecittà-World-theme-park-opens-later-this-month-/310294","https://gulfnews.com/travel/destinations/italy-opens-theme-park-in-tribute-to-film-industry-1.1365060","A trade report of 15 Jul 2014 says the park will open to the public on 24 Jul. Grade basis: date B. Confound sources: https://en.wikipedia.org/wiki/Expo_2015. Other pages read: https://en.wikipedia.org/wiki/Cinecitt%C3%A0_World."
"NLD_2001_toverland","Toverland","Gelissen Group","theme_park","NLD","Netherlands","Sevenum, Limburg","2001-05-19",2001,,,"No investment figure found in the pages read.",,"September 2001 attacks and the fall in air travel demand","Y","Y","","C","https://thrillzing.com/theme-parks/toverland-sevenum-netherlands/","https://en.wikipedia.org/wiki/Toverland","An enthusiast site says it opened as an indoor family venue on the date given. Grade basis: date C. Confound sources: https://en.wikipedia.org/wiki/Economic_effects_of_the_September_11_attacks."
"POL_2014_energylandia","Energylandia","Marek Goczal (owner)","theme_park","POL","Poland","Zator, Lesser Poland","2014-07-14",2014,,,"No USD figure used. A regional radio report cites about 70m zloty, partly from EU funds.",0.25,"","Y","Y","","C","https://www.radiokrakow.pl/aktualnosci/malopolskazachodnia/park-rozrywki-w-malopolsce-zachodniej-zostal-otwarty/","https://en.wikipedia.org/wiki/Energylandia","A regional radio report of 14 Jul 2014 says the park opened that Monday. The encyclopedia gives 250,000 visitors for 2014 and warns that published attendance figures are approximate. Grade basis: date C."
"RUS_2014_sochi_park","Sochi Park","","theme_park","RUS","Russian Federation","Adler, Sochi","2014-06",2014,,,"No USD figure used. A trade report of 23 Apr 2014 gives US$371m for the multi-phase park, and a Russian travel site says total investment exceeded 10bn roubles.",,"2014 Winter Olympics in Sochi","Y","Y","","C","https://www.attractionsmanagement.com/attractions-news/US371m-Sochi-theme-park-nearing-completion/309024","https://en.manteratravel.ru/materials/sochi-park","A trade report of 23 Apr 2014 gives early June 2014 for the official opening with a soft launch in May; a travel site says the park opened to the general public on 1 Jun 2014 and held a grand opening ceremony on 28 Jun 2014. Grade basis: date C. Confound sources: https://en.wikipedia.org/wiki/2014_Winter_Olympics."
"TUR_2013_vialand","Vialand","Gursoy Group and Via Properties (joint venture)","theme_park","TUR","Turkiye","Eyup, Istanbul","2013-05-26",2013,0.616,2013,"TL1.15bn, stated by three trade and news reports; one of them converts it to US$615.7m and another to about EUR460m.",,"","Y","Y","TUR_2016_land_of_legends","B","https://blooloop.com/theme-park/news/prime-minister-opens-vialand-turkeys-first-theme-park/","https://interpark.co.uk/turkish-prime-minister-cuts-ribbon-on-vialand/","The Prime Minister opened the park on the date given; a trade magazine of 28 Jun 2013 headlines a soft opening. Grade basis: date B, cost B. Other pages read: https://hurriyetdailynews.com/istanbul-gets-its-own-disneyland-on-the-golden-horn-47648; https://www.eap-magazin.de/Article/Istanbul-Turkey%3A-Vialand-Celebrates-Soft-Opening.html."
"TUR_2016_land_of_legends","The Land of Legends","Rixos Hotels, Emaar Properties and Dragone Productions (joint venture)","theme_park","TUR","Turkiye","Belek, Antalya","2016-07-01",2016,,,"No USD figure used. Daily Sabah reports nearly TL1.5bn for the first stage and an expected TL4bn in total.",,"Steep fall in Turkish tourism from 2015","Y","Y","TUR_2013_vialand","B","https://newswire.ca/news-releases/the-land-of-legends-has-opened-its-gates-588098052.html","https://www.thejakartapost.com/travel/2016/07/26/turkeys-biggest-theme-park-opens-in-antalya","The developers' release welcomes guests as of 1 Jul 2016, and a newspaper of 26 Jul 2016 says it officially opened on 1 Jul. Sources conflict on the cost (see investment_source_note). Grade basis: date B. Confound sources: https://en.wikipedia.org/wiki/Tourism_in_Turkey. Other pages read: https://www.dailysabah.com/life/2016/07/24/antalyas-land-of-legends-offers-fun-for-the-family; https://www.thenationalnews.com/business/turkey-s-biggest-theme-park-opens-at-a-difficult-time-1.152611; https://en.wikipedia.org/wiki/The_Land_of_Legends."
"ZAF_2000_montecasino","Montecasino","Tsogo Sun and Southern Sun","integrated_resort","ZAF","South Africa","Fourways, Sandton","2000-11",2000,,,"No USD figure used. The encyclopedia cites R1.6bn without a price year.",,"September 2001 attacks and the fall in air travel demand","Y","Y","","C","https://mg.co.za/article/2001-01-05-gautengs-newest-citadel-of-sin","https://en.wikipedia.org/wiki/Montecasino","Recorded at month precision with the year taken from the January 2001 newspaper report. Sources conflict on the date: the encyclopedia text says it first opened on 30 Nov 2001 while its infobox says 2000, and the Mail and Guardian of 5 Jan 2001 says it opened a few weeks earlier, which points to late 2000. Grade basis: date C. Confound sources: https://en.wikipedia.org/wiki/Economic_effects_of_the_September_11_attacks."
"MAR_2009_mazagan","Mazagan Beach Resort","Kerzner International","destination_resort","MAR","Morocco","El Jadida","2009-10-15",2009,,,"No USD figure used. A June 2009 trade release and a hotel magazine both give MAD3.1bn (about GBP260m).",,"2009 global tourism downturn (economic crisis and H1N1)","Y","Y","","B","https://www.tourmag.com/Maroc-inauguration-du-Mazagan-Beach-Resort-en-grande-pompe_a34951.html","https://www.hotelexecutive.com/newswire/28822/mazagan-beach-resort-and-spa-opening-in-october","A French trade report of 4 Nov 2009 says the first guests arrived on 15 Oct 2009 and that Kerzner held the official inauguration the weekend before. Grade basis: date B. Confound sources: https://www.travelagentcentral.com/trends-research/international-tourism-track-rebound-19330. Other pages read: https://www.sleepermagazine.com/stories/projects/kerzner-international-to-launch-mazagan-beach-resort-in-morocco/."
"CYP_2023_city_of_dreams_mediterranean","City of Dreams Mediterranean","Melco Resorts and Entertainment","integrated_resort","CYP","Cyprus","Limassol","2023-07-10",2023,,,"No USD figure used. Pages differ: a May 2023 gaming report gives EUR550m while Greek Reporter cites more than EUR637m (about US$700m) in July 2023.",,"COVID-19 collapse of international travel in 2020 and slow recovery in 2021 and 2022","Y","N","","B","https://asgam.com/2023/05/12/melco-to-open-city-of-dreams-mediterranean-in-cyprus-on-10-july/","https://cbn.com.cy/article/2023/5/12/712130/melco-city-of-dreams-mediterranean-to-welcome-general-public-on-10-july","A Cyprus business paper reports the public opening for 10 Jul 2023 after a soft opening for hotel and invited guests on 12 Jun 2023. Sources conflict on the cost (see investment_source_note). Grade basis: date B. Confound sources: https://www.untourism.int/news/2020-worst-year-in-tourism-history-with-1-billion-fewer-international-arrivals; https://www.hotel-online.com/news/tourism-grows-4-in-2021-but-remains-far-below-pre-pandemic-levels; https://propakistani.pk/2023/01/18/international-travel-surged-in-2022-un/. Other pages read: https://greekreporter.com/2023/07/15/largest-casino-cyprus/; https://en.wikipedia.org/wiki/City_of_Dreams_Mediterranean."
"GRC_2010_costa_navarino","Costa Navarino","Temes (developer of Navarino Dunes)","destination_resort","GRC","Greece","Messinia, Peloponnese","2010-07",2010,,,"No USD figure used. A Greek business news item of 1 Nov 2009 gives about EUR550m.",,"2009 global tourism downturn (economic crisis and H1N1)","Y","Y","","C","https://hotelexecutive.com/newswire/33739/the-romanos-debuts-in-costa-navarino-greece","https://hoteldesigns.net/uncategorised/hospitality-redefined-as-the-romanos-opens-on-the-shores-of-south-west-greece/","A hotel trade release datelined 14 Jul 2010 announces the opening of The Romanos, the first completed part of a planned 20-year development. Grade basis: date C. Confound sources: https://www.travelagentcentral.com/trends-research/international-tourism-track-rebound-19330. Other pages read: https://news.gtp.gr/2009/11/01/navarino-dunes-project-in-final-phase/."
