year,variable,value,unit,source,url,note
2015,intl_tourism_receipts_usd_bn,41.246,US$ bn,"Balance-of-payments travel credits (compiled by the Bank of Thailand; IMF Balance of Payments data via World Bank WDI, last updated 2026-07-13); computed as BX.GSR.TRVL.ZS (travel, % of service exports) x BX.GSR.NFSV.CD (service exports, BoP, current US$)",https://api.worldbank.org/v2/country/THA/indicator/BX.GSR.TRVL.ZS?format=json&date=2015:2025&per_page=100|https://api.worldbank.org/v2/country/THA/indicator/BX.GSR.NFSV.CD?format=json&date=2015:2025&per_page=100,ADOPTED receipts series; status: final; equals WDI ST.INT.TVLR.CD
2016,intl_tourism_receipts_usd_bn,44.786,US$ bn,"Balance-of-payments travel credits (compiled by the Bank of Thailand; IMF Balance of Payments data via World Bank WDI, last updated 2026-07-13); computed as BX.GSR.TRVL.ZS (travel, % of service exports) x BX.GSR.NFSV.CD (service exports, BoP, current US$)",https://api.worldbank.org/v2/country/THA/indicator/BX.GSR.TRVL.ZS?format=json&date=2015:2025&per_page=100|https://api.worldbank.org/v2/country/THA/indicator/BX.GSR.NFSV.CD?format=json&date=2015:2025&per_page=100,ADOPTED receipts series; status: final; equals WDI ST.INT.TVLR.CD
2017,intl_tourism_receipts_usd_bn,52.376,US$ bn,"Balance-of-payments travel credits (compiled by the Bank of Thailand; IMF Balance of Payments data via World Bank WDI, last updated 2026-07-13); computed as BX.GSR.TRVL.ZS (travel, % of service exports) x BX.GSR.NFSV.CD (service exports, BoP, current US$)",https://api.worldbank.org/v2/country/THA/indicator/BX.GSR.TRVL.ZS?format=json&date=2015:2025&per_page=100|https://api.worldbank.org/v2/country/THA/indicator/BX.GSR.NFSV.CD?format=json&date=2015:2025&per_page=100,ADOPTED receipts series; status: final; equals WDI ST.INT.TVLR.CD
2018,intl_tourism_receipts_usd_bn,56.366,US$ bn,"Balance-of-payments travel credits (compiled by the Bank of Thailand; IMF Balance of Payments data via World Bank WDI, last updated 2026-07-13); computed as BX.GSR.TRVL.ZS (travel, % of service exports) x BX.GSR.NFSV.CD (service exports, BoP, current US$)",https://api.worldbank.org/v2/country/THA/indicator/BX.GSR.TRVL.ZS?format=json&date=2015:2025&per_page=100|https://api.worldbank.org/v2/country/THA/indicator/BX.GSR.NFSV.CD?format=json&date=2015:2025&per_page=100,ADOPTED receipts series; status: final; equals WDI ST.INT.TVLR.CD
2019,intl_tourism_receipts_usd_bn,59.81,US$ bn,"Balance-of-payments travel credits (compiled by the Bank of Thailand; IMF Balance of Payments data via World Bank WDI, last updated 2026-07-13); computed as BX.GSR.TRVL.ZS (travel, % of service exports) x BX.GSR.NFSV.CD (service exports, BoP, current US$)",https://api.worldbank.org/v2/country/THA/indicator/BX.GSR.TRVL.ZS?format=json&date=2015:2025&per_page=100|https://api.worldbank.org/v2/country/THA/indicator/BX.GSR.NFSV.CD?format=json&date=2015:2025&per_page=100,ADOPTED receipts series; status: final; equals WDI ST.INT.TVLR.CD
2020,intl_tourism_receipts_usd_bn,12.527,US$ bn,"Balance-of-payments travel credits (compiled by the Bank of Thailand; IMF Balance of Payments data via World Bank WDI, last updated 2026-07-13); computed as BX.GSR.TRVL.ZS (travel, % of service exports) x BX.GSR.NFSV.CD (service exports, BoP, current US$)",https://api.worldbank.org/v2/country/THA/indicator/BX.GSR.TRVL.ZS?format=json&date=2015:2025&per_page=100|https://api.worldbank.org/v2/country/THA/indicator/BX.GSR.NFSV.CD?format=json&date=2015:2025&per_page=100,ADOPTED receipts series; status: final; IMF Feb 2026 shows 12.5; UN Tourism-based WDI ST.INT.TVLR.CD shows 14.198 (older vintage)
2021,intl_tourism_receipts_usd_bn,4.353,US$ bn,"Balance-of-payments travel credits (compiled by the Bank of Thailand; IMF Balance of Payments data via World Bank WDI, last updated 2026-07-13); computed as BX.GSR.TRVL.ZS (travel, % of service exports) x BX.GSR.NFSV.CD (service exports, BoP, current US$)",https://api.worldbank.org/v2/country/THA/indicator/BX.GSR.TRVL.ZS?format=json&date=2015:2025&per_page=100|https://api.worldbank.org/v2/country/THA/indicator/BX.GSR.NFSV.CD?format=json&date=2015:2025&per_page=100,ADOPTED receipts series; status: final; IMF Feb 2026 shows 4.4
2022,intl_tourism_receipts_usd_bn,14.702,US$ bn,"Balance-of-payments travel credits (compiled by the Bank of Thailand; IMF Balance of Payments data via World Bank WDI, last updated 2026-07-13); computed as BX.GSR.TRVL.ZS (travel, % of service exports) x BX.GSR.NFSV.CD (service exports, BoP, current US$)",https://api.worldbank.org/v2/country/THA/indicator/BX.GSR.TRVL.ZS?format=json&date=2015:2025&per_page=100|https://api.worldbank.org/v2/country/THA/indicator/BX.GSR.NFSV.CD?format=json&date=2015:2025&per_page=100,ADOPTED receipts series; status: final; IMF Feb 2026 shows 14.7
2023,intl_tourism_receipts_usd_bn,30.65,US$ bn,"Balance-of-payments travel credits (compiled by the Bank of Thailand; IMF Balance of Payments data via World Bank WDI, last updated 2026-07-13); computed as BX.GSR.TRVL.ZS (travel, % of service exports) x BX.GSR.NFSV.CD (service exports, BoP, current US$)",https://api.worldbank.org/v2/country/THA/indicator/BX.GSR.TRVL.ZS?format=json&date=2015:2025&per_page=100|https://api.worldbank.org/v2/country/THA/indicator/BX.GSR.NFSV.CD?format=json&date=2015:2025&per_page=100,ADOPTED receipts series; status: revised and treated as final (BoT revises MoTS travel data each end-September for the previous two years); IMF Feb 2026 shows 30.7
2024,intl_tourism_receipts_usd_bn,42.276,US$ bn,"Balance-of-payments travel credits (compiled by the Bank of Thailand; IMF Balance of Payments data via World Bank WDI, last updated 2026-07-13); computed as BX.GSR.TRVL.ZS (travel, % of service exports) x BX.GSR.NFSV.CD (service exports, BoP, current US$)",https://api.worldbank.org/v2/country/THA/indicator/BX.GSR.TRVL.ZS?format=json&date=2015:2025&per_page=100|https://api.worldbank.org/v2/country/THA/indicator/BX.GSR.NFSV.CD?format=json&date=2015:2025&per_page=100,"ADOPTED receipts series; status: revised once (Sept 2025); next BoT annual revision due end-September 2026, after the WDI July 2026 vintage; IMF Feb 2026 shows 42.3"
2025,intl_tourism_receipts_usd_bn,44.773,US$ bn,"Balance-of-payments travel credits (compiled by the Bank of Thailand; IMF Balance of Payments data via World Bank WDI, last updated 2026-07-13); computed as BX.GSR.TRVL.ZS (travel, % of service exports) x BX.GSR.NFSV.CD (service exports, BoP, current US$)",https://api.worldbank.org/v2/country/THA/indicator/BX.GSR.TRVL.ZS?format=json&date=2015:2025&per_page=100|https://api.worldbank.org/v2/country/THA/indicator/BX.GSR.NFSV.CD?format=json&date=2015:2025&per_page=100,ADOPTED receipts series; status: preliminary; IMF staff estimate in Feb 2026 was 43.8
2015,intl_tourism_receipts_thb_bn,1412.57,THB bn,Derived: BoP travel credits (US$) x WDI average THB per US$,https://api.worldbank.org/v2/country/THA/indicator/BX.GSR.TRVL.ZS?format=json&date=2015:2025&per_page=100|https://api.worldbank.org/v2/country/THA/indicator/BX.GSR.NFSV.CD?format=json&date=2015:2025&per_page=100|https://api.worldbank.org/v2/country/THA/indicator/PA.NUS.FCRF?format=json&date=2015:2025&per_page=100,"ADOPTED receipts series in baht; derived at the annual average rate, not a Bank of Thailand baht table"
2016,intl_tourism_receipts_thb_bn,1580.779,THB bn,Derived: BoP travel credits (US$) x WDI average THB per US$,https://api.worldbank.org/v2/country/THA/indicator/BX.GSR.TRVL.ZS?format=json&date=2015:2025&per_page=100|https://api.worldbank.org/v2/country/THA/indicator/BX.GSR.NFSV.CD?format=json&date=2015:2025&per_page=100|https://api.worldbank.org/v2/country/THA/indicator/PA.NUS.FCRF?format=json&date=2015:2025&per_page=100,"ADOPTED receipts series in baht; derived at the annual average rate, not a Bank of Thailand baht table"
2017,intl_tourism_receipts_thb_bn,1777.63,THB bn,Derived: BoP travel credits (US$) x WDI average THB per US$,https://api.worldbank.org/v2/country/THA/indicator/BX.GSR.TRVL.ZS?format=json&date=2015:2025&per_page=100|https://api.worldbank.org/v2/country/THA/indicator/BX.GSR.NFSV.CD?format=json&date=2015:2025&per_page=100|https://api.worldbank.org/v2/country/THA/indicator/PA.NUS.FCRF?format=json&date=2015:2025&per_page=100,"ADOPTED receipts series in baht; derived at the annual average rate, not a Bank of Thailand baht table"
2018,intl_tourism_receipts_thb_bn,1821.196,THB bn,Derived: BoP travel credits (US$) x WDI average THB per US$,https://api.worldbank.org/v2/country/THA/indicator/BX.GSR.TRVL.ZS?format=json&date=2015:2025&per_page=100|https://api.worldbank.org/v2/country/THA/indicator/BX.GSR.NFSV.CD?format=json&date=2015:2025&per_page=100|https://api.worldbank.org/v2/country/THA/indicator/PA.NUS.FCRF?format=json&date=2015:2025&per_page=100,"ADOPTED receipts series in baht; derived at the annual average rate, not a Bank of Thailand baht table"
2019,intl_tourism_receipts_thb_bn,1856.965,THB bn,Derived: BoP travel credits (US$) x WDI average THB per US$,https://api.worldbank.org/v2/country/THA/indicator/BX.GSR.TRVL.ZS?format=json&date=2015:2025&per_page=100|https://api.worldbank.org/v2/country/THA/indicator/BX.GSR.NFSV.CD?format=json&date=2015:2025&per_page=100|https://api.worldbank.org/v2/country/THA/indicator/PA.NUS.FCRF?format=json&date=2015:2025&per_page=100,"ADOPTED receipts series in baht; derived at the annual average rate, not a Bank of Thailand baht table"
2020,intl_tourism_receipts_thb_bn,392.016,THB bn,Derived: BoP travel credits (US$) x WDI average THB per US$,https://api.worldbank.org/v2/country/THA/indicator/BX.GSR.TRVL.ZS?format=json&date=2015:2025&per_page=100|https://api.worldbank.org/v2/country/THA/indicator/BX.GSR.NFSV.CD?format=json&date=2015:2025&per_page=100|https://api.worldbank.org/v2/country/THA/indicator/PA.NUS.FCRF?format=json&date=2015:2025&per_page=100,"ADOPTED receipts series in baht; derived at the annual average rate, not a Bank of Thailand baht table"
2021,intl_tourism_receipts_thb_bn,139.183,THB bn,Derived: BoP travel credits (US$) x WDI average THB per US$,https://api.worldbank.org/v2/country/THA/indicator/BX.GSR.TRVL.ZS?format=json&date=2015:2025&per_page=100|https://api.worldbank.org/v2/country/THA/indicator/BX.GSR.NFSV.CD?format=json&date=2015:2025&per_page=100|https://api.worldbank.org/v2/country/THA/indicator/PA.NUS.FCRF?format=json&date=2015:2025&per_page=100,"ADOPTED receipts series in baht; derived at the annual average rate, not a Bank of Thailand baht table"
2022,intl_tourism_receipts_thb_bn,515.486,THB bn,Derived: BoP travel credits (US$) x WDI average THB per US$,https://api.worldbank.org/v2/country/THA/indicator/BX.GSR.TRVL.ZS?format=json&date=2015:2025&per_page=100|https://api.worldbank.org/v2/country/THA/indicator/BX.GSR.NFSV.CD?format=json&date=2015:2025&per_page=100|https://api.worldbank.org/v2/country/THA/indicator/PA.NUS.FCRF?format=json&date=2015:2025&per_page=100,"ADOPTED receipts series in baht; derived at the annual average rate, not a Bank of Thailand baht table"
2023,intl_tourism_receipts_thb_bn,1066.701,THB bn,Derived: BoP travel credits (US$) x WDI average THB per US$,https://api.worldbank.org/v2/country/THA/indicator/BX.GSR.TRVL.ZS?format=json&date=2015:2025&per_page=100|https://api.worldbank.org/v2/country/THA/indicator/BX.GSR.NFSV.CD?format=json&date=2015:2025&per_page=100|https://api.worldbank.org/v2/country/THA/indicator/PA.NUS.FCRF?format=json&date=2015:2025&per_page=100,"ADOPTED receipts series in baht; derived at the annual average rate, not a Bank of Thailand baht table"
2024,intl_tourism_receipts_thb_bn,1492.053,THB bn,Derived: BoP travel credits (US$) x WDI average THB per US$,https://api.worldbank.org/v2/country/THA/indicator/BX.GSR.TRVL.ZS?format=json&date=2015:2025&per_page=100|https://api.worldbank.org/v2/country/THA/indicator/BX.GSR.NFSV.CD?format=json&date=2015:2025&per_page=100|https://api.worldbank.org/v2/country/THA/indicator/PA.NUS.FCRF?format=json&date=2015:2025&per_page=100,"ADOPTED receipts series in baht; derived at the annual average rate, not a Bank of Thailand baht table"
2025,intl_tourism_receipts_thb_bn,1472.269,THB bn,Derived: BoP travel credits (US$) x WDI average THB per US$,https://api.worldbank.org/v2/country/THA/indicator/BX.GSR.TRVL.ZS?format=json&date=2015:2025&per_page=100|https://api.worldbank.org/v2/country/THA/indicator/BX.GSR.NFSV.CD?format=json&date=2015:2025&per_page=100|https://api.worldbank.org/v2/country/THA/indicator/PA.NUS.FCRF?format=json&date=2015:2025&per_page=100,"ADOPTED receipts series in baht; derived at the annual average rate, not a Bank of Thailand baht table"
2015,intl_arrivals_million,29.923185,million persons,"MoTS tourism situation deck, Q3 and Q4 2018 (revised series)",https://www.mots.go.th/download/article/article_20190819124714.pdf|https://www.mots.go.th/download/article/article_20170216111201.pdf,ADOPTED arrivals series; status: final (revised); first-published figure was lower; equals WDI ST.INT.ARVL 29.923 million
2016,intl_arrivals_million,32.529588,million persons,"MoTS tourism situation deck, Q3 and Q4 2018 (revised series)",https://www.mots.go.th/download/article/article_20190819124714.pdf,ADOPTED arrivals series; status: final (revised); first-published 2016P was 32.588303 million (MoTS press release 16 Feb 2017); equals WDI 32.530 million
2017,intl_arrivals_million,35.591978,million persons,"MoTS tourism situation deck, Q3 and Q4 2018 (revised series)",https://www.mots.go.th/download/article/article_20190819124714.pdf,ADOPTED arrivals series; status: final (revised); equals WDI 35.592 million
2018,intl_arrivals_million,38.178194,million persons,"MoTS tourism situation deck, Q3 and Q4 2018 (revised series)",https://www.mots.go.th/download/article/article_20190819124714.pdf,ADOPTED arrivals series; status: final (revised); equals WDI 38.178 million
2019,intl_arrivals_million,39.916251,million persons,MoTS international tourism situation deck 2019 (revised),https://www.mots.go.th/download/article/article_20201104090605.pdf,ADOPTED arrivals series; status: final (revised); equals WDI 39.916 million
2020,intl_arrivals_million,6.7024,million persons,NSO Statistical Yearbook Thailand 2025 Table 17.1 (source: MoTS via BoT),https://www.nso.go.th/public/e-book/Statistical-Yearbook/SYB-2025_webPage/File%20SYB/2025/17/T%2017.1%202025.pdf,"ADOPTED arrivals series; status: final; published in thousands to two decimals (6,702.40 thousand)"
2021,intl_arrivals_million,0.42787,million persons,NSO Statistical Yearbook Thailand 2025 Table 17.1 (source: MoTS via BoT),https://www.nso.go.th/public/e-book/Statistical-Yearbook/SYB-2025_webPage/File%20SYB/2025/17/T%2017.1%202025.pdf,ADOPTED arrivals series; status: final; published in thousands to two decimals (427.87 thousand)
2022,intl_arrivals_million,11.065226,million persons,NSO Statistical Yearbook Thailand 2025 Table 17.3 (source: MoTS),https://www.nso.go.th/public/e-book/Statistical-Yearbook/SYB-2025_webPage/File%20SYB/2025/17/T%2017.3%202025.pdf,ADOPTED arrivals series; status: final; NSO footnote: excludes Thai nationals residing abroad; first-published 2022 total was 11.15 million so a definitional or revision break is possible
2023,intl_arrivals_million,28.150016,million persons,NSO Statistical Yearbook Thailand 2025 Table 17.3 (source: MoTS),https://www.nso.go.th/public/e-book/Statistical-Yearbook/SYB-2025_webPage/File%20SYB/2025/17/T%2017.3%202025.pdf,"ADOPTED arrivals series; status: final; first-published 2023 total was 28,042,131 (Bangkok Post); NSO footnote: excludes Thai nationals residing abroad"
2024,intl_arrivals_million,35.545714,million persons,NSO Statistical Yearbook Thailand 2025 Table 17.3 (source: MoTS; data as of 6 Jan 2025),https://www.nso.go.th/public/e-book/Statistical-Yearbook/SYB-2025_webPage/File%20SYB/2025/17/T%2017.3%202025.pdf,"ADOPTED arrivals series; status: final; BoT table lists 35,546 thousand; NSO footnote: excludes Thai nationals residing abroad"
2025,intl_arrivals_million,32.974321,million persons,"MoTS year-end summary released 2026-01-01, as reported by The Nation on 2026-01-02 (via Asia News Network) and the Government Public Relations Department on 2026-01-16",https://asianews.network/thailand-tourism-slips-in-2025-despite-domestic-growth/|https://www.mots.go.th/news/category/806,"ADOPTED arrivals series; status: preliminary (MoTS file title marked P); BoT table of Aug 2026 lists 32,974 thousand unchanged"
2015,gdp_current_usd_bn,401.296,US$ bn,"World Bank WDI NY.GDP.MKTP.CD (national accounts from NESDC), last updated 2026-07-13",https://api.worldbank.org/v2/country/THA/indicator/NY.GDP.MKTP.CD?format=json&date=2015:2025&per_page=100,ADOPTED GDP in dollars; status: final
2016,gdp_current_usd_bn,413.366,US$ bn,"World Bank WDI NY.GDP.MKTP.CD (national accounts from NESDC), last updated 2026-07-13",https://api.worldbank.org/v2/country/THA/indicator/NY.GDP.MKTP.CD?format=json&date=2015:2025&per_page=100,ADOPTED GDP in dollars; status: final
2017,gdp_current_usd_bn,456.357,US$ bn,"World Bank WDI NY.GDP.MKTP.CD (national accounts from NESDC), last updated 2026-07-13",https://api.worldbank.org/v2/country/THA/indicator/NY.GDP.MKTP.CD?format=json&date=2015:2025&per_page=100,ADOPTED GDP in dollars; status: final
2018,gdp_current_usd_bn,506.754,US$ bn,"World Bank WDI NY.GDP.MKTP.CD (national accounts from NESDC), last updated 2026-07-13",https://api.worldbank.org/v2/country/THA/indicator/NY.GDP.MKTP.CD?format=json&date=2015:2025&per_page=100,ADOPTED GDP in dollars; status: final
2019,gdp_current_usd_bn,543.977,US$ bn,"World Bank WDI NY.GDP.MKTP.CD (national accounts from NESDC), last updated 2026-07-13",https://api.worldbank.org/v2/country/THA/indicator/NY.GDP.MKTP.CD?format=json&date=2015:2025&per_page=100,ADOPTED GDP in dollars; status: final
2020,gdp_current_usd_bn,500.275,US$ bn,"World Bank WDI NY.GDP.MKTP.CD (national accounts from NESDC), last updated 2026-07-13",https://api.worldbank.org/v2/country/THA/indicator/NY.GDP.MKTP.CD?format=json&date=2015:2025&per_page=100,ADOPTED GDP in dollars; status: final
2021,gdp_current_usd_bn,506.05,US$ bn,"World Bank WDI NY.GDP.MKTP.CD (national accounts from NESDC), last updated 2026-07-13",https://api.worldbank.org/v2/country/THA/indicator/NY.GDP.MKTP.CD?format=json&date=2015:2025&per_page=100,ADOPTED GDP in dollars; status: final
2022,gdp_current_usd_bn,495.692,US$ bn,"World Bank WDI NY.GDP.MKTP.CD (national accounts from NESDC), last updated 2026-07-13",https://api.worldbank.org/v2/country/THA/indicator/NY.GDP.MKTP.CD?format=json&date=2015:2025&per_page=100,ADOPTED GDP in dollars; status: final
2023,gdp_current_usd_bn,517.013,US$ bn,"World Bank WDI NY.GDP.MKTP.CD (national accounts from NESDC), last updated 2026-07-13",https://api.worldbank.org/v2/country/THA/indicator/NY.GDP.MKTP.CD?format=json&date=2015:2025&per_page=100,ADOPTED GDP in dollars; status: revised and treated as final; WDI level is 0.21 percent above the IMF Feb 2026 vintage
2024,gdp_current_usd_bn,529.386,US$ bn,"World Bank WDI NY.GDP.MKTP.CD (national accounts from NESDC), last updated 2026-07-13",https://api.worldbank.org/v2/country/THA/indicator/NY.GDP.MKTP.CD?format=json&date=2015:2025&per_page=100,ADOPTED GDP in dollars; status: revised; WDI level is 0.54 percent above the IMF Feb 2026 vintage so further revision is possible
2025,gdp_current_usd_bn,577.01,US$ bn,"World Bank WDI NY.GDP.MKTP.CD (national accounts from NESDC), last updated 2026-07-13",https://api.worldbank.org/v2/country/THA/indicator/NY.GDP.MKTP.CD?format=json&date=2015:2025&per_page=100,ADOPTED GDP in dollars; status: preliminary first annual estimate; IMF Feb 2026 staff estimate was 576.7
2015,gdp_current_thb_bn,13743.48,THB bn,"World Bank WDI NY.GDP.MKTP.CN (national accounts from NESDC), last updated 2026-07-13",https://api.worldbank.org/v2/country/THA/indicator/NY.GDP.MKTP.CN?format=json&date=2015:2025&per_page=100,ADOPTED GDP in baht; status: final
2016,gdp_current_thb_bn,14590.337,THB bn,"World Bank WDI NY.GDP.MKTP.CN (national accounts from NESDC), last updated 2026-07-13",https://api.worldbank.org/v2/country/THA/indicator/NY.GDP.MKTP.CN?format=json&date=2015:2025&per_page=100,ADOPTED GDP in baht; status: final
2017,gdp_current_thb_bn,15488.664,THB bn,"World Bank WDI NY.GDP.MKTP.CN (national accounts from NESDC), last updated 2026-07-13",https://api.worldbank.org/v2/country/THA/indicator/NY.GDP.MKTP.CN?format=json&date=2015:2025&per_page=100,ADOPTED GDP in baht; status: final
2018,gdp_current_thb_bn,16373.343,THB bn,"World Bank WDI NY.GDP.MKTP.CN (national accounts from NESDC), last updated 2026-07-13",https://api.worldbank.org/v2/country/THA/indicator/NY.GDP.MKTP.CN?format=json&date=2015:2025&per_page=100,ADOPTED GDP in baht; status: final
2019,gdp_current_thb_bn,16889.174,THB bn,"World Bank WDI NY.GDP.MKTP.CN (national accounts from NESDC), last updated 2026-07-13",https://api.worldbank.org/v2/country/THA/indicator/NY.GDP.MKTP.CN?format=json&date=2015:2025&per_page=100,ADOPTED GDP in baht; status: final
2020,gdp_current_thb_bn,15655.44,THB bn,"World Bank WDI NY.GDP.MKTP.CN (national accounts from NESDC), last updated 2026-07-13",https://api.worldbank.org/v2/country/THA/indicator/NY.GDP.MKTP.CN?format=json&date=2015:2025&per_page=100,ADOPTED GDP in baht; status: final
2021,gdp_current_thb_bn,16182.001,THB bn,"World Bank WDI NY.GDP.MKTP.CN (national accounts from NESDC), last updated 2026-07-13",https://api.worldbank.org/v2/country/THA/indicator/NY.GDP.MKTP.CN?format=json&date=2015:2025&per_page=100,ADOPTED GDP in baht; status: final
2022,gdp_current_thb_bn,17379.625,THB bn,"World Bank WDI NY.GDP.MKTP.CN (national accounts from NESDC), last updated 2026-07-13",https://api.worldbank.org/v2/country/THA/indicator/NY.GDP.MKTP.CN?format=json&date=2015:2025&per_page=100,ADOPTED GDP in baht; status: final
2023,gdp_current_thb_bn,17993.197,THB bn,"World Bank WDI NY.GDP.MKTP.CN (national accounts from NESDC), last updated 2026-07-13",https://api.worldbank.org/v2/country/THA/indicator/NY.GDP.MKTP.CN?format=json&date=2015:2025&per_page=100,ADOPTED GDP in baht; status: revised and treated as final; WDI level is 0.21 percent above the IMF Feb 2026 vintage
2024,gdp_current_thb_bn,18683.888,THB bn,"World Bank WDI NY.GDP.MKTP.CN (national accounts from NESDC), last updated 2026-07-13",https://api.worldbank.org/v2/country/THA/indicator/NY.GDP.MKTP.CN?format=json&date=2015:2025&per_page=100,ADOPTED GDP in baht; status: revised; WDI level is 0.54 percent above the IMF Feb 2026 vintage so further revision is possible
2025,gdp_current_thb_bn,18973.709,THB bn,"World Bank WDI NY.GDP.MKTP.CN (national accounts from NESDC), last updated 2026-07-13",https://api.worldbank.org/v2/country/THA/indicator/NY.GDP.MKTP.CN?format=json&date=2015:2025&per_page=100,"ADOPTED GDP in baht; status: preliminary first annual estimate; IMF Feb 2026 staff estimate was 18,963.6"
2015,fx_thb_per_usd,34.2477,THB per US$,"World Bank WDI PA.NUS.FCRF official exchange rate, period average (IMF IFS), last updated 2026-07-13",https://api.worldbank.org/v2/country/THA/indicator/PA.NUS.FCRF?format=json&date=2015:2025&per_page=100,ADOPTED rate; status: final; reconciles WDI GDP in baht to GDP in dollars
2016,fx_thb_per_usd,35.2964,THB per US$,"World Bank WDI PA.NUS.FCRF official exchange rate, period average (IMF IFS), last updated 2026-07-13",https://api.worldbank.org/v2/country/THA/indicator/PA.NUS.FCRF?format=json&date=2015:2025&per_page=100,ADOPTED rate; status: final; reconciles WDI GDP in baht to GDP in dollars
2017,fx_thb_per_usd,33.9398,THB per US$,"World Bank WDI PA.NUS.FCRF official exchange rate, period average (IMF IFS), last updated 2026-07-13",https://api.worldbank.org/v2/country/THA/indicator/PA.NUS.FCRF?format=json&date=2015:2025&per_page=100,ADOPTED rate; status: final; reconciles WDI GDP in baht to GDP in dollars
2018,fx_thb_per_usd,32.3102,THB per US$,"World Bank WDI PA.NUS.FCRF official exchange rate, period average (IMF IFS), last updated 2026-07-13",https://api.worldbank.org/v2/country/THA/indicator/PA.NUS.FCRF?format=json&date=2015:2025&per_page=100,ADOPTED rate; status: final; reconciles WDI GDP in baht to GDP in dollars
2019,fx_thb_per_usd,31.0476,THB per US$,"World Bank WDI PA.NUS.FCRF official exchange rate, period average (IMF IFS), last updated 2026-07-13",https://api.worldbank.org/v2/country/THA/indicator/PA.NUS.FCRF?format=json&date=2015:2025&per_page=100,ADOPTED rate; status: final; reconciles WDI GDP in baht to GDP in dollars
2020,fx_thb_per_usd,31.2937,THB per US$,"World Bank WDI PA.NUS.FCRF official exchange rate, period average (IMF IFS), last updated 2026-07-13",https://api.worldbank.org/v2/country/THA/indicator/PA.NUS.FCRF?format=json&date=2015:2025&per_page=100,ADOPTED rate; status: final; reconciles WDI GDP in baht to GDP in dollars
2021,fx_thb_per_usd,31.9771,THB per US$,"World Bank WDI PA.NUS.FCRF official exchange rate, period average (IMF IFS), last updated 2026-07-13",https://api.worldbank.org/v2/country/THA/indicator/PA.NUS.FCRF?format=json&date=2015:2025&per_page=100,ADOPTED rate; status: final; reconciles WDI GDP in baht to GDP in dollars
2022,fx_thb_per_usd,35.0614,THB per US$,"World Bank WDI PA.NUS.FCRF official exchange rate, period average (IMF IFS), last updated 2026-07-13",https://api.worldbank.org/v2/country/THA/indicator/PA.NUS.FCRF?format=json&date=2015:2025&per_page=100,ADOPTED rate; status: final; reconciles WDI GDP in baht to GDP in dollars
2023,fx_thb_per_usd,34.8022,THB per US$,"World Bank WDI PA.NUS.FCRF official exchange rate, period average (IMF IFS), last updated 2026-07-13",https://api.worldbank.org/v2/country/THA/indicator/PA.NUS.FCRF?format=json&date=2015:2025&per_page=100,ADOPTED rate; status: final; reconciles WDI GDP in baht to GDP in dollars
2024,fx_thb_per_usd,35.2935,THB per US$,"World Bank WDI PA.NUS.FCRF official exchange rate, period average (IMF IFS), last updated 2026-07-13",https://api.worldbank.org/v2/country/THA/indicator/PA.NUS.FCRF?format=json&date=2015:2025&per_page=100,ADOPTED rate; status: final; reconciles WDI GDP in baht to GDP in dollars
2025,fx_thb_per_usd,32.8828,THB per US$,"World Bank WDI PA.NUS.FCRF official exchange rate, period average (IMF IFS), last updated 2026-07-13",https://api.worldbank.org/v2/country/THA/indicator/PA.NUS.FCRF?format=json&date=2015:2025&per_page=100,ADOPTED rate; status: final; reconciles WDI GDP in baht to GDP in dollars
2015,receipts_pct_gdp,10.278,percent,Derived: adopted receipts (THB) divided by adopted GDP (THB),https://api.worldbank.org/v2/country/THA/indicator/BX.GSR.TRVL.ZS?format=json&date=2015:2025&per_page=100|https://api.worldbank.org/v2/country/THA/indicator/BX.GSR.NFSV.CD?format=json&date=2015:2025&per_page=100|https://api.worldbank.org/v2/country/THA/indicator/NY.GDP.MKTP.CN?format=json&date=2015:2025&per_page=100|https://api.worldbank.org/v2/country/THA/indicator/PA.NUS.FCRF?format=json&date=2015:2025&per_page=100,ADOPTED ratio; BoP travel credits over current-price GDP; status follows the weaker of its inputs
2016,receipts_pct_gdp,10.834,percent,Derived: adopted receipts (THB) divided by adopted GDP (THB),https://api.worldbank.org/v2/country/THA/indicator/BX.GSR.TRVL.ZS?format=json&date=2015:2025&per_page=100|https://api.worldbank.org/v2/country/THA/indicator/BX.GSR.NFSV.CD?format=json&date=2015:2025&per_page=100|https://api.worldbank.org/v2/country/THA/indicator/NY.GDP.MKTP.CN?format=json&date=2015:2025&per_page=100|https://api.worldbank.org/v2/country/THA/indicator/PA.NUS.FCRF?format=json&date=2015:2025&per_page=100,ADOPTED ratio; BoP travel credits over current-price GDP; status follows the weaker of its inputs
2017,receipts_pct_gdp,11.477,percent,Derived: adopted receipts (THB) divided by adopted GDP (THB),https://api.worldbank.org/v2/country/THA/indicator/BX.GSR.TRVL.ZS?format=json&date=2015:2025&per_page=100|https://api.worldbank.org/v2/country/THA/indicator/BX.GSR.NFSV.CD?format=json&date=2015:2025&per_page=100|https://api.worldbank.org/v2/country/THA/indicator/NY.GDP.MKTP.CN?format=json&date=2015:2025&per_page=100|https://api.worldbank.org/v2/country/THA/indicator/PA.NUS.FCRF?format=json&date=2015:2025&per_page=100,ADOPTED ratio; BoP travel credits over current-price GDP; status follows the weaker of its inputs
2018,receipts_pct_gdp,11.123,percent,Derived: adopted receipts (THB) divided by adopted GDP (THB),https://api.worldbank.org/v2/country/THA/indicator/BX.GSR.TRVL.ZS?format=json&date=2015:2025&per_page=100|https://api.worldbank.org/v2/country/THA/indicator/BX.GSR.NFSV.CD?format=json&date=2015:2025&per_page=100|https://api.worldbank.org/v2/country/THA/indicator/NY.GDP.MKTP.CN?format=json&date=2015:2025&per_page=100|https://api.worldbank.org/v2/country/THA/indicator/PA.NUS.FCRF?format=json&date=2015:2025&per_page=100,ADOPTED ratio; BoP travel credits over current-price GDP; status follows the weaker of its inputs
2019,receipts_pct_gdp,10.995,percent,Derived: adopted receipts (THB) divided by adopted GDP (THB),https://api.worldbank.org/v2/country/THA/indicator/BX.GSR.TRVL.ZS?format=json&date=2015:2025&per_page=100|https://api.worldbank.org/v2/country/THA/indicator/BX.GSR.NFSV.CD?format=json&date=2015:2025&per_page=100|https://api.worldbank.org/v2/country/THA/indicator/NY.GDP.MKTP.CN?format=json&date=2015:2025&per_page=100|https://api.worldbank.org/v2/country/THA/indicator/PA.NUS.FCRF?format=json&date=2015:2025&per_page=100,ADOPTED ratio; BoP travel credits over current-price GDP; status follows the weaker of its inputs
2020,receipts_pct_gdp,2.504,percent,Derived: adopted receipts (THB) divided by adopted GDP (THB),https://api.worldbank.org/v2/country/THA/indicator/BX.GSR.TRVL.ZS?format=json&date=2015:2025&per_page=100|https://api.worldbank.org/v2/country/THA/indicator/BX.GSR.NFSV.CD?format=json&date=2015:2025&per_page=100|https://api.worldbank.org/v2/country/THA/indicator/NY.GDP.MKTP.CN?format=json&date=2015:2025&per_page=100|https://api.worldbank.org/v2/country/THA/indicator/PA.NUS.FCRF?format=json&date=2015:2025&per_page=100,ADOPTED ratio; BoP travel credits over current-price GDP; status follows the weaker of its inputs
2021,receipts_pct_gdp,0.86,percent,Derived: adopted receipts (THB) divided by adopted GDP (THB),https://api.worldbank.org/v2/country/THA/indicator/BX.GSR.TRVL.ZS?format=json&date=2015:2025&per_page=100|https://api.worldbank.org/v2/country/THA/indicator/BX.GSR.NFSV.CD?format=json&date=2015:2025&per_page=100|https://api.worldbank.org/v2/country/THA/indicator/NY.GDP.MKTP.CN?format=json&date=2015:2025&per_page=100|https://api.worldbank.org/v2/country/THA/indicator/PA.NUS.FCRF?format=json&date=2015:2025&per_page=100,ADOPTED ratio; BoP travel credits over current-price GDP; status follows the weaker of its inputs
2022,receipts_pct_gdp,2.966,percent,Derived: adopted receipts (THB) divided by adopted GDP (THB),https://api.worldbank.org/v2/country/THA/indicator/BX.GSR.TRVL.ZS?format=json&date=2015:2025&per_page=100|https://api.worldbank.org/v2/country/THA/indicator/BX.GSR.NFSV.CD?format=json&date=2015:2025&per_page=100|https://api.worldbank.org/v2/country/THA/indicator/NY.GDP.MKTP.CN?format=json&date=2015:2025&per_page=100|https://api.worldbank.org/v2/country/THA/indicator/PA.NUS.FCRF?format=json&date=2015:2025&per_page=100,ADOPTED ratio; BoP travel credits over current-price GDP; status follows the weaker of its inputs
2023,receipts_pct_gdp,5.928,percent,Derived: adopted receipts (THB) divided by adopted GDP (THB),https://api.worldbank.org/v2/country/THA/indicator/BX.GSR.TRVL.ZS?format=json&date=2015:2025&per_page=100|https://api.worldbank.org/v2/country/THA/indicator/BX.GSR.NFSV.CD?format=json&date=2015:2025&per_page=100|https://api.worldbank.org/v2/country/THA/indicator/NY.GDP.MKTP.CN?format=json&date=2015:2025&per_page=100|https://api.worldbank.org/v2/country/THA/indicator/PA.NUS.FCRF?format=json&date=2015:2025&per_page=100,ADOPTED ratio; BoP travel credits over current-price GDP; status follows the weaker of its inputs
2024,receipts_pct_gdp,7.986,percent,Derived: adopted receipts (THB) divided by adopted GDP (THB),https://api.worldbank.org/v2/country/THA/indicator/BX.GSR.TRVL.ZS?format=json&date=2015:2025&per_page=100|https://api.worldbank.org/v2/country/THA/indicator/BX.GSR.NFSV.CD?format=json&date=2015:2025&per_page=100|https://api.worldbank.org/v2/country/THA/indicator/NY.GDP.MKTP.CN?format=json&date=2015:2025&per_page=100|https://api.worldbank.org/v2/country/THA/indicator/PA.NUS.FCRF?format=json&date=2015:2025&per_page=100,ADOPTED ratio; BoP travel credits over current-price GDP; status follows the weaker of its inputs
2025,receipts_pct_gdp,7.76,percent,Derived: adopted receipts (THB) divided by adopted GDP (THB),https://api.worldbank.org/v2/country/THA/indicator/BX.GSR.TRVL.ZS?format=json&date=2015:2025&per_page=100|https://api.worldbank.org/v2/country/THA/indicator/BX.GSR.NFSV.CD?format=json&date=2015:2025&per_page=100|https://api.worldbank.org/v2/country/THA/indicator/NY.GDP.MKTP.CN?format=json&date=2015:2025&per_page=100|https://api.worldbank.org/v2/country/THA/indicator/PA.NUS.FCRF?format=json&date=2015:2025&per_page=100,ADOPTED ratio; BoP travel credits over current-price GDP; status follows the weaker of its inputs
2015,alt_receipts_mots_thb_bn,1457.15,THB bn,"MoTS tourism situation deck, Q3 and Q4 2018 (revised series)",https://www.mots.go.th/download/article/article_20190819124714.pdf|https://www.mots.go.th/download/article/article_20170216111201.pdf,ALTERNATIVE (ministry revenue from international tourists); vintage: revised
2015,alt_receipts_mots_usd_bn,42.547,US$ bn,Derived: MoTS revenue (THB) divided by WDI average THB per US$,https://www.mots.go.th/download/article/article_20190819124714.pdf|https://www.mots.go.th/download/article/article_20170216111201.pdf|https://api.worldbank.org/v2/country/THA/indicator/PA.NUS.FCRF?format=json&date=2015:2025&per_page=100,"ALTERNATIVE; converted at the WDI average rate, not the MoTS-stated US$ conversion"
2015,alt_receipts_mots_pct_gdp,10.602,percent,Derived: MoTS revenue divided by adopted GDP (THB),https://www.mots.go.th/download/article/article_20190819124714.pdf|https://www.mots.go.th/download/article/article_20170216111201.pdf|https://api.worldbank.org/v2/country/THA/indicator/NY.GDP.MKTP.CN?format=json&date=2015:2025&per_page=100,ALTERNATIVE ratio
2016,alt_receipts_mots_thb_bn,1633.498,THB bn,"MoTS tourism situation deck, Q3 and Q4 2018 (revised series)",https://www.mots.go.th/download/article/article_20190819124714.pdf,"ALTERNATIVE (ministry revenue from international tourists); vintage: revised; first-published 2016P was 1,641,268.45 million baht"
2016,alt_receipts_mots_usd_bn,46.279,US$ bn,Derived: MoTS revenue (THB) divided by WDI average THB per US$,https://www.mots.go.th/download/article/article_20190819124714.pdf|https://api.worldbank.org/v2/country/THA/indicator/PA.NUS.FCRF?format=json&date=2015:2025&per_page=100,"ALTERNATIVE; converted at the WDI average rate, not the MoTS-stated US$ conversion"
2016,alt_receipts_mots_pct_gdp,11.196,percent,Derived: MoTS revenue divided by adopted GDP (THB),https://www.mots.go.th/download/article/article_20190819124714.pdf|https://api.worldbank.org/v2/country/THA/indicator/NY.GDP.MKTP.CN?format=json&date=2015:2025&per_page=100,ALTERNATIVE ratio
2017,alt_receipts_mots_thb_bn,1831.105,THB bn,"MoTS tourism situation deck, Q3 and Q4 2018 (revised series)",https://www.mots.go.th/download/article/article_20190819124714.pdf,ALTERNATIVE (ministry revenue from international tourists); vintage: revised
2017,alt_receipts_mots_usd_bn,53.952,US$ bn,Derived: MoTS revenue (THB) divided by WDI average THB per US$,https://www.mots.go.th/download/article/article_20190819124714.pdf|https://api.worldbank.org/v2/country/THA/indicator/PA.NUS.FCRF?format=json&date=2015:2025&per_page=100,"ALTERNATIVE; converted at the WDI average rate, not the MoTS-stated US$ conversion"
2017,alt_receipts_mots_pct_gdp,11.822,percent,Derived: MoTS revenue divided by adopted GDP (THB),https://www.mots.go.th/download/article/article_20190819124714.pdf|https://api.worldbank.org/v2/country/THA/indicator/NY.GDP.MKTP.CN?format=json&date=2015:2025&per_page=100,ALTERNATIVE ratio
2018,alt_receipts_mots_thb_bn,1876.137,THB bn,"MoTS tourism situation deck, Q3 and Q4 2018 (revised series)",https://www.mots.go.th/download/article/article_20190819124714.pdf,ALTERNATIVE (ministry revenue from international tourists); vintage: revised
2018,alt_receipts_mots_usd_bn,58.066,US$ bn,Derived: MoTS revenue (THB) divided by WDI average THB per US$,https://www.mots.go.th/download/article/article_20190819124714.pdf|https://api.worldbank.org/v2/country/THA/indicator/PA.NUS.FCRF?format=json&date=2015:2025&per_page=100,"ALTERNATIVE; converted at the WDI average rate, not the MoTS-stated US$ conversion"
2018,alt_receipts_mots_pct_gdp,11.458,percent,Derived: MoTS revenue divided by adopted GDP (THB),https://www.mots.go.th/download/article/article_20190819124714.pdf|https://api.worldbank.org/v2/country/THA/indicator/NY.GDP.MKTP.CN?format=json&date=2015:2025&per_page=100,ALTERNATIVE ratio
2019,alt_receipts_mots_thb_bn,1911.808,THB bn,MoTS international tourism situation deck 2019 (revised),https://www.mots.go.th/download/article/article_20201104090605.pdf,ALTERNATIVE (ministry revenue from international tourists); vintage: revised; the MoTS report of Nov 2019 had forecast 1.92 to 1.96 trillion baht for the full year
2019,alt_receipts_mots_usd_bn,61.577,US$ bn,Derived: MoTS revenue (THB) divided by WDI average THB per US$,https://www.mots.go.th/download/article/article_20201104090605.pdf|https://api.worldbank.org/v2/country/THA/indicator/PA.NUS.FCRF?format=json&date=2015:2025&per_page=100,"ALTERNATIVE; converted at the WDI average rate, not the MoTS-stated US$ conversion"
2019,alt_receipts_mots_pct_gdp,11.32,percent,Derived: MoTS revenue divided by adopted GDP (THB),https://www.mots.go.th/download/article/article_20201104090605.pdf|https://api.worldbank.org/v2/country/THA/indicator/NY.GDP.MKTP.CN?format=json&date=2015:2025&per_page=100,ALTERNATIVE ratio
2025,alt_receipts_mots_thb_bn,1536.574,THB bn,"MoTS year-end summary released 2026-01-01, as reported by The Nation on 2026-01-02 (via Asia News Network) and the Government Public Relations Department on 2026-01-16",https://asianews.network/thailand-tourism-slips-in-2025-despite-domestic-growth/|https://thailand.prd.go.th/en/content/category/detail/id/2078/iid/466167,ALTERNATIVE (ministry revenue from international tourists); status: preliminary; MoTS-stated US$ equivalent of 48.8 billion implies about 31.5 THB per US$ and differs from the BoT average of 32.87
2025,alt_receipts_mots_usd_bn,46.729,US$ bn,Derived: MoTS revenue (THB) divided by WDI average THB per US$,https://asianews.network/thailand-tourism-slips-in-2025-despite-domestic-growth/|https://thailand.prd.go.th/en/content/category/detail/id/2078/iid/466167|https://api.worldbank.org/v2/country/THA/indicator/PA.NUS.FCRF?format=json&date=2015:2025&per_page=100,"ALTERNATIVE; converted at the WDI average rate, not the MoTS-stated US$ conversion"
2025,alt_receipts_mots_pct_gdp,8.098,percent,Derived: MoTS revenue divided by adopted GDP (THB),https://asianews.network/thailand-tourism-slips-in-2025-despite-domestic-growth/|https://thailand.prd.go.th/en/content/category/detail/id/2078/iid/466167|https://api.worldbank.org/v2/country/THA/indicator/NY.GDP.MKTP.CN?format=json&date=2015:2025&per_page=100,ALTERNATIVE ratio
2020,alt_receipts_mots_first_published_thb_bn,330.0,THB bn,"TAT governor statement reported by Pattaya Mail, 28 Dec 2020",https://www.pattayamail.com/travel/thailand-tourism-ends-2020-down-74-no-revival-seen-until-2022-338692,"ALTERNATIVE; vintage: first-published headline, rounded to 10 billion baht; not the current MoTS spreadsheet value"
2023,alt_receipts_mots_first_published_thb_bn,1200.0,THB bn,MoTS announcement for 1 Jan to 31 Dec 2023 reported by Bangkok Post (page date not shown),https://bangkokpost.com/thailand/general/2716846/tourist-arrivals-top-28m-in-2023,"ALTERNATIVE; vintage: first-published headline, rounded to 0.1 trillion baht; revised value not retrieved"
2024,alt_receipts_mots_first_published_thb_bn,1670.0,THB bn,"MoTS year-end announcement reported by Pattaya Mail, Jan 2025",https://www.pattayamail.com/thailandnews/thailands-tourism-booms-in-2024-with-over-35-54-million-foreign-visitors-generating-1-67-trillion-baht-in-revenue-486768,"ALTERNATIVE; vintage: first-published headline, rounded to 0.01 trillion baht; the report gives 1.67 trillion beside domestic revenue of 950 billion and its headline attributes the 1.67 trillion to foreign visitors; superseded by the implied revised value below"
2024,alt_receipts_mots_implied_revised_thb_bn,1612.524,THB bn,"Derived: MoTS 2025 revenue of 1,536,574 million baht divided by (1 - 0.0471), using the stated 2025 year-on-year change",https://asianews.network/thailand-tourism-slips-in-2025-despite-domestic-growth/,ALTERNATIVE; implied current-vintage 2024 value; uncertainty about 0.8 billion baht from rounding of the percentage
2024,alt_receipts_mots_implied_revised_pct_gdp,8.631,percent,Derived from the implied revised 2024 value and adopted GDP (THB),https://asianews.network/thailand-tourism-slips-in-2025-despite-domestic-growth/|https://api.worldbank.org/v2/country/THA/indicator/NY.GDP.MKTP.CN?format=json&date=2015:2025&per_page=100,ALTERNATIVE ratio
2024,alt_receipts_bot_tourism_receipt_thb_bn,1386.279,THB bn,"Bank of Thailand press-release table, Q2 2026 (Tourism Receipt)",https://www.bot.or.th/content/dam/bot/documents/en/thai-economy/state-of-thai-economy/monthly-report/macro-2026-08-table_q.pdf,"ALTERNATIVE narrower definition: excludes health, education, excursionists and short-term workers' purchases; unchanged between the Jan 2026 (release of 2026-01-30) and Aug 2026 tables"
2025,alt_receipts_bot_tourism_receipt_thb_bn,1370.257,THB bn,"Bank of Thailand press-release table, Q2 2026 (Tourism Receipt)",https://www.bot.or.th/content/dam/bot/documents/en/thai-economy/state-of-thai-economy/monthly-report/macro-2026-08-table_q.pdf,"ALTERNATIVE narrower definition; status: preliminary and revised from 1,376.610 in the Jan 2026 table released on 2026-01-30 (quarterly profile also revised)"
2025,alt_receipts_bot_tourism_receipt_prelim_jan2026_thb_bn,1376.61,THB bn,"Bank of Thailand press-release table, Q4 2025 (Tourism Receipt)",https://www.bot.or.th/content/dam/bot/documents/en/thai-economy/state-of-thai-economy/monthly-report/macro-2025-12-table_q.pdf,ALTERNATIVE; superseded vintage kept to show the size of the revision
2015,alt_receipts_wdi_st_int_rcpt_usd_bn,44.851,US$ bn,"World Bank WDI ST.INT.RCPT.CD (UN Tourism), last updated 2026-07-13",https://api.worldbank.org/v2/country/THA/indicator/ST.INT.RCPT.CD?format=json&date=2015:2025&per_page=100,ALTERNATIVE; equals travel items plus passenger transport items; no values after 2020
2015,alt_receipts_wdi_travel_items_usd_bn,41.246,US$ bn,"World Bank WDI ST.INT.TVLR.CD (UN Tourism), last updated 2026-07-13",https://api.worldbank.org/v2/country/THA/indicator/ST.INT.TVLR.CD?format=json&date=2015:2025&per_page=100,ALTERNATIVE; travel items only; equals adopted series
2015,alt_receipts_wdi_passenger_transport_usd_bn,3.605,US$ bn,"World Bank WDI ST.INT.TRNR.CD (UN Tourism), last updated 2026-07-13",https://api.worldbank.org/v2/country/THA/indicator/ST.INT.TRNR.CD?format=json&date=2015:2025&per_page=100,ALTERNATIVE; passenger transport items that make up the gap between RCPT and TVLR
2016,alt_receipts_wdi_st_int_rcpt_usd_bn,48.459,US$ bn,"World Bank WDI ST.INT.RCPT.CD (UN Tourism), last updated 2026-07-13",https://api.worldbank.org/v2/country/THA/indicator/ST.INT.RCPT.CD?format=json&date=2015:2025&per_page=100,ALTERNATIVE; equals travel items plus passenger transport items; no values after 2020
2016,alt_receipts_wdi_travel_items_usd_bn,44.786,US$ bn,"World Bank WDI ST.INT.TVLR.CD (UN Tourism), last updated 2026-07-13",https://api.worldbank.org/v2/country/THA/indicator/ST.INT.TVLR.CD?format=json&date=2015:2025&per_page=100,ALTERNATIVE; travel items only; equals adopted series
2016,alt_receipts_wdi_passenger_transport_usd_bn,3.673,US$ bn,"World Bank WDI ST.INT.TRNR.CD (UN Tourism), last updated 2026-07-13",https://api.worldbank.org/v2/country/THA/indicator/ST.INT.TRNR.CD?format=json&date=2015:2025&per_page=100,ALTERNATIVE; passenger transport items that make up the gap between RCPT and TVLR
2017,alt_receipts_wdi_st_int_rcpt_usd_bn,57.057,US$ bn,"World Bank WDI ST.INT.RCPT.CD (UN Tourism), last updated 2026-07-13",https://api.worldbank.org/v2/country/THA/indicator/ST.INT.RCPT.CD?format=json&date=2015:2025&per_page=100,ALTERNATIVE; equals travel items plus passenger transport items; no values after 2020
2017,alt_receipts_wdi_travel_items_usd_bn,52.376,US$ bn,"World Bank WDI ST.INT.TVLR.CD (UN Tourism), last updated 2026-07-13",https://api.worldbank.org/v2/country/THA/indicator/ST.INT.TVLR.CD?format=json&date=2015:2025&per_page=100,ALTERNATIVE; travel items only; equals adopted series
2017,alt_receipts_wdi_passenger_transport_usd_bn,4.681,US$ bn,"World Bank WDI ST.INT.TRNR.CD (UN Tourism), last updated 2026-07-13",https://api.worldbank.org/v2/country/THA/indicator/ST.INT.TRNR.CD?format=json&date=2015:2025&per_page=100,ALTERNATIVE; passenger transport items that make up the gap between RCPT and TVLR
2018,alt_receipts_wdi_st_int_rcpt_usd_bn,61.383,US$ bn,"World Bank WDI ST.INT.RCPT.CD (UN Tourism), last updated 2026-07-13",https://api.worldbank.org/v2/country/THA/indicator/ST.INT.RCPT.CD?format=json&date=2015:2025&per_page=100,ALTERNATIVE; equals travel items plus passenger transport items; no values after 2020
2018,alt_receipts_wdi_travel_items_usd_bn,56.366,US$ bn,"World Bank WDI ST.INT.TVLR.CD (UN Tourism), last updated 2026-07-13",https://api.worldbank.org/v2/country/THA/indicator/ST.INT.TVLR.CD?format=json&date=2015:2025&per_page=100,ALTERNATIVE; travel items only; equals adopted series
2018,alt_receipts_wdi_passenger_transport_usd_bn,5.017,US$ bn,"World Bank WDI ST.INT.TRNR.CD (UN Tourism), last updated 2026-07-13",https://api.worldbank.org/v2/country/THA/indicator/ST.INT.TRNR.CD?format=json&date=2015:2025&per_page=100,ALTERNATIVE; passenger transport items that make up the gap between RCPT and TVLR
2019,alt_receipts_wdi_st_int_rcpt_usd_bn,64.371,US$ bn,"World Bank WDI ST.INT.RCPT.CD (UN Tourism), last updated 2026-07-13",https://api.worldbank.org/v2/country/THA/indicator/ST.INT.RCPT.CD?format=json&date=2015:2025&per_page=100,ALTERNATIVE; equals travel items plus passenger transport items; no values after 2020
2019,alt_receipts_wdi_travel_items_usd_bn,59.81,US$ bn,"World Bank WDI ST.INT.TVLR.CD (UN Tourism), last updated 2026-07-13",https://api.worldbank.org/v2/country/THA/indicator/ST.INT.TVLR.CD?format=json&date=2015:2025&per_page=100,ALTERNATIVE; travel items only; equals adopted series
2019,alt_receipts_wdi_passenger_transport_usd_bn,4.561,US$ bn,"World Bank WDI ST.INT.TRNR.CD (UN Tourism), last updated 2026-07-13",https://api.worldbank.org/v2/country/THA/indicator/ST.INT.TRNR.CD?format=json&date=2015:2025&per_page=100,ALTERNATIVE; passenger transport items that make up the gap between RCPT and TVLR
2020,alt_receipts_wdi_st_int_rcpt_usd_bn,15.36,US$ bn,"World Bank WDI ST.INT.RCPT.CD (UN Tourism), last updated 2026-07-13",https://api.worldbank.org/v2/country/THA/indicator/ST.INT.RCPT.CD?format=json&date=2015:2025&per_page=100,ALTERNATIVE; equals travel items plus passenger transport items; no values after 2020
2020,alt_receipts_wdi_travel_items_usd_bn,14.198,US$ bn,"World Bank WDI ST.INT.TVLR.CD (UN Tourism), last updated 2026-07-13",https://api.worldbank.org/v2/country/THA/indicator/ST.INT.TVLR.CD?format=json&date=2015:2025&per_page=100,ALTERNATIVE; travel items only; differs from current BoP vintage of 12.527 for 2020
2020,alt_receipts_wdi_passenger_transport_usd_bn,1.162,US$ bn,"World Bank WDI ST.INT.TRNR.CD (UN Tourism), last updated 2026-07-13",https://api.worldbank.org/v2/country/THA/indicator/ST.INT.TRNR.CD?format=json&date=2015:2025&per_page=100,ALTERNATIVE; passenger transport items that make up the gap between RCPT and TVLR
2020,alt_receipts_imf_usd_bn,12.5,US$ bn,"IMF Country Report 26/41, Table 2 'of which: tourism receipts' (Thai authorities and IMF staff)",https://www.imf.org/-/media/files/publications/cr/2026/english/1thaea2026001-source-pdf.pdf,ALTERNATIVE cross-check of BoP travel credits
2021,alt_receipts_imf_usd_bn,4.4,US$ bn,"IMF Country Report 26/41, Table 2 'of which: tourism receipts' (Thai authorities and IMF staff)",https://www.imf.org/-/media/files/publications/cr/2026/english/1thaea2026001-source-pdf.pdf,ALTERNATIVE cross-check of BoP travel credits
2022,alt_receipts_imf_usd_bn,14.7,US$ bn,"IMF Country Report 26/41, Table 2 'of which: tourism receipts' (Thai authorities and IMF staff)",https://www.imf.org/-/media/files/publications/cr/2026/english/1thaea2026001-source-pdf.pdf,ALTERNATIVE cross-check of BoP travel credits
2023,alt_receipts_imf_usd_bn,30.7,US$ bn,"IMF Country Report 26/41, Table 2 'of which: tourism receipts' (Thai authorities and IMF staff)",https://www.imf.org/-/media/files/publications/cr/2026/english/1thaea2026001-source-pdf.pdf,ALTERNATIVE cross-check of BoP travel credits
2024,alt_receipts_imf_usd_bn,42.3,US$ bn,"IMF Country Report 26/41, Table 2 'of which: tourism receipts' (Thai authorities and IMF staff)",https://www.imf.org/-/media/files/publications/cr/2026/english/1thaea2026001-source-pdf.pdf,ALTERNATIVE cross-check of BoP travel credits
2025,alt_receipts_imf_usd_bn,43.8,US$ bn,"IMF Country Report 26/41, Table 2 'of which: tourism receipts' (Thai authorities and IMF staff)",https://www.imf.org/-/media/files/publications/cr/2026/english/1thaea2026001-source-pdf.pdf,ALTERNATIVE cross-check of BoP travel credits; IMF staff estimate for 2025
2015,alt_arrivals_wdi_million,29.923,million persons,"World Bank WDI ST.INT.ARVL (UN Tourism), last updated 2026-07-13",https://api.worldbank.org/v2/country/THA/indicator/ST.INT.ARVL?format=json&date=2015:2025&per_page=100,ALTERNATIVE; no values after 2019; agrees with the MoTS revised series
2016,alt_arrivals_wdi_million,32.53,million persons,"World Bank WDI ST.INT.ARVL (UN Tourism), last updated 2026-07-13",https://api.worldbank.org/v2/country/THA/indicator/ST.INT.ARVL?format=json&date=2015:2025&per_page=100,ALTERNATIVE; no values after 2019; agrees with the MoTS revised series
2017,alt_arrivals_wdi_million,35.592,million persons,"World Bank WDI ST.INT.ARVL (UN Tourism), last updated 2026-07-13",https://api.worldbank.org/v2/country/THA/indicator/ST.INT.ARVL?format=json&date=2015:2025&per_page=100,ALTERNATIVE; no values after 2019; agrees with the MoTS revised series
2018,alt_arrivals_wdi_million,38.178,million persons,"World Bank WDI ST.INT.ARVL (UN Tourism), last updated 2026-07-13",https://api.worldbank.org/v2/country/THA/indicator/ST.INT.ARVL?format=json&date=2015:2025&per_page=100,ALTERNATIVE; no values after 2019; agrees with the MoTS revised series
2019,alt_arrivals_wdi_million,39.916,million persons,"World Bank WDI ST.INT.ARVL (UN Tourism), last updated 2026-07-13",https://api.worldbank.org/v2/country/THA/indicator/ST.INT.ARVL?format=json&date=2015:2025&per_page=100,ALTERNATIVE; no values after 2019; agrees with the MoTS revised series
2016,alt_arrivals_mots_first_published_million,32.588303,million persons,MoTS press release 16 Feb 2017 (2016P),https://www.mots.go.th/download/article/article_20170216111201.pdf,ALTERNATIVE; first-published preliminary figure
2022,alt_arrivals_mots_first_published_million,11.15,million persons,MoTS figure for the whole of 2022 as cited by Bangkok Post in 2023 (page date not shown),https://www.bangkokpost.com/business/general/2590979,"ALTERNATIVE; earlier-published figure for 2022 as cited in 2023 reporting, rounded to 0.01 million; differs from the NSO Yearbook 2025 value"
2023,alt_arrivals_mots_first_published_million,28.042131,million persons,MoTS announcement for 1 Jan to 31 Dec 2023 reported by Bangkok Post (page date not shown),https://bangkokpost.com/thailand/general/2716846/tourist-arrivals-top-28m-in-2023,"ALTERNATIVE; first-published figure, later revised to 28.150016"
2024,alt_arrivals_bot_million,35.546,million persons,"Bank of Thailand press-release table, Q2 2026 (Inbound Tourists)",https://www.bot.or.th/content/dam/bot/documents/en/thai-economy/state-of-thai-economy/monthly-report/macro-2026-08-table_q.pdf,ALTERNATIVE cross-check; published in thousands
2025,alt_arrivals_bot_million,32.974,million persons,"Bank of Thailand press-release table, Q2 2026 (Inbound Tourists)",https://www.bot.or.th/content/dam/bot/documents/en/thai-economy/state-of-thai-economy/monthly-report/macro-2026-08-table_q.pdf,ALTERNATIVE cross-check; published in thousands
2020,alt_gdp_current_thb_bn_imf,15661.3,THB bn,"IMF Country Report 26/41, Table 1 (Thai authorities and IMF staff)",https://www.imf.org/-/media/files/publications/cr/2026/english/1thaea2026001-source-pdf.pdf,ALTERNATIVE earlier vintage; differs from WDI by 0.04 percent
2021,alt_gdp_current_thb_bn_imf,16186.6,THB bn,"IMF Country Report 26/41, Table 1 (Thai authorities and IMF staff)",https://www.imf.org/-/media/files/publications/cr/2026/english/1thaea2026001-source-pdf.pdf,ALTERNATIVE earlier vintage; differs from WDI by 0.03 percent
2022,alt_gdp_current_thb_bn_imf,17378.0,THB bn,"IMF Country Report 26/41, Table 1 (Thai authorities and IMF staff)",https://www.imf.org/-/media/files/publications/cr/2026/english/1thaea2026001-source-pdf.pdf,ALTERNATIVE earlier vintage; differs from WDI by -0.01 percent
2023,alt_gdp_current_thb_bn_imf,17954.7,THB bn,"IMF Country Report 26/41, Table 1 (Thai authorities and IMF staff)",https://www.imf.org/-/media/files/publications/cr/2026/english/1thaea2026001-source-pdf.pdf,ALTERNATIVE earlier vintage; differs from WDI by -0.21 percent
2024,alt_gdp_current_thb_bn_imf,18582.7,THB bn,"IMF Country Report 26/41, Table 1 (Thai authorities and IMF staff)",https://www.imf.org/-/media/files/publications/cr/2026/english/1thaea2026001-source-pdf.pdf,ALTERNATIVE earlier vintage; differs from WDI by -0.54 percent
2025,alt_gdp_current_thb_bn_imf,18963.6,THB bn,"IMF Country Report 26/41, Table 1 (Thai authorities and IMF staff)",https://www.imf.org/-/media/files/publications/cr/2026/english/1thaea2026001-source-pdf.pdf,ALTERNATIVE earlier vintage; IMF staff estimate for 2025
2021,alt_fx_bot_thb_per_usd,32.0,THB per US$,"Bank of Thailand press-release table, exchange rate average (Year column)",https://www.bot.or.th/content/dam/bot/documents/en/thai-economy/state-of-thai-economy/monthly-report/macro-2022-12-table_q.pdf,ALTERNATIVE cross-check; published to two decimals
2022,alt_fx_bot_thb_per_usd,35.06,THB per US$,"Bank of Thailand press-release table, exchange rate average (Year column)",https://www.bot.or.th/content/dam/bot/documents/en/thai-economy/state-of-thai-economy/monthly-report/macro-2022-12-table_q.pdf,ALTERNATIVE cross-check; published to two decimals
2023,alt_fx_bot_thb_per_usd,34.81,THB per US$,"Bank of Thailand press-release table, exchange rate average (Year column)",https://www.bot.or.th/content/dam/bot/documents/en/thai-economy/state-of-thai-economy/monthly-report/macro-2024-12-table_q.pdf,ALTERNATIVE cross-check; published to two decimals
2024,alt_fx_bot_thb_per_usd,35.26,THB per US$,"Bank of Thailand press-release table, exchange rate average (Year column)",https://www.bot.or.th/content/dam/bot/documents/en/thai-economy/state-of-thai-economy/monthly-report/macro-2025-12-table_q.pdf,ALTERNATIVE cross-check; published to two decimals
2025,alt_fx_bot_thb_per_usd,32.87,THB per US$,"Bank of Thailand press-release table, exchange rate average (Year column)",https://www.bot.or.th/content/dam/bot/documents/en/thai-economy/state-of-thai-economy/monthly-report/macro-2026-08-table_q.pdf,ALTERNATIVE cross-check; published to two decimals
